error_type,run_id,model_name,debate_role,topic_id,turn_index,word_count,utterance,confidence
long_but_evidence_poor,run_20260208_194248,dolphin-yi-34b,moderator,chemtrails,15,187.0,"[MODERATOR][Round 5 Recap]
Agreements: Both agents acknowledge the presence of skepticism within the scientific community towards anomalous contrail data and its potential connection to chemtrails., There is a shared understanding that both 'chemtrail' reports and UAP sightings initially face dismissal before being cautiously acknowledged.
Disagreements: The CA argues that there is a consistent pattern of downplaying observations that contradict established narratives, while the SA believes this lacks sufficient evidence and relies on speculative parallels with UAP debate., CA claims systemic bias against acknowledging anomalies challenging established paradigms; SA counters skepticism towards extraordinary claims is a cornerstone of scientific inquiry, not necessarily evidence of conspiracy.
Detected moves: Appeal to Analogy: CA compares the treatment of 'chemtrail' reports and UAP sightings, suggesting a similar pattern of response within the scientific community., Burden of Proof Shift: SA requests specific examples of suppressed research or dismissed studies supporting anomalous contrail behavior.
Scores: civility=4/5, epistemic=3/5, bridge=2/5
Next questions: Can the CA provide concrete evidence of a systemic suppression of data regarding contrails within the scientific community?, What are some specific examples of peer-reviewed studies that were dismissed solely because they presented evidence supporting anomalous contrail behavior?",
long_but_evidence_poor,run_20260208_194248,dolphin-yi-34b,moderator,chemtrails,9,182.0,"[MODERATOR][Round 3 Recap]
Agreements: Both agents acknowledge the potential for bias within institutional science and the limitations of peer review.
Disagreements: CA argues that demanding peer-reviewed evidence suppresses independent investigation into atmospheric activities, while SA maintains that peer review is a crucial component of scientific inquiry and should not be dismissed without providing reliable alternatives., SA questions the lack of specific examples supporting CA's claims about systematic suppression of research, whereas CA accuses SA of relying on 'approved sources' without considering independent data.
Detected moves: Appeal to authority: CA suggests that institutional science is inherently biased and dismisses peer review as a means of maintaining control over narratives., Burden of proof shift: SA requests specific examples of suppression by peer review, while CA implies that the lack of such examples supports their argument.
Scores: civility=3/5, epistemic=3/5, bridge=3/5
Next questions: What specific examples can either agent provide to support their claims about the role of peer review in scientific inquiry and potential suppression of independent investigation?, How might a more transparent or open peer-review process address concerns about institutional bias and suppression of alternative data sources?",
long_but_evidence_poor,run_20260208_194248,dolphin-yi-34b,moderator,chemtrails,12,174.0,"[MODERATOR][Round 4 Recap]
Agreements: Both agents acknowledge the existence of anomalous aerial phenomena in the form of persistent, spreading contrails that deviate from expected behavior.
Disagreements: The CA argues that current explanations for these anomalies are inadequate and demand further investigation into potential deliberate atmospheric modification programs. The SA maintains that such claims require extraordinary evidence and can currently be more parsimoniously explained by known atmospheric processes and reporting biases., The CA cites visual evidence from independent researchers and the US Air Force's own research as warranting consideration for intentional contrail modification. The SA counters that these sources do not provide quantifiable data or rigorously collected measurements but rather rely on subjective interpretations of visual observations.
Detected moves: appeal to emotion (CA's claim emphasizes the need for further investigation without providing concrete evidence), burden of proof shift (SA's request for quantifiable data places the onus on CA to provide extraordinary evidence)
Scores: civility=4/5, epistemic=3/5, bridge=2/5
Next questions: Can you provide a link to a publicly accessible dataset containing quantifiable measurements (e.g., particle size, composition, dissipation rate) of these anomalous contrails?",
long_but_evidence_poor,run_20260208_194248,dolphin-yi-34b,moderator,chemtrails,3,165.0,"[MODERATOR][Round 1 Recap]
Agreements: Both agents acknowledge the existence of anomalous contrail phenomena but disagree on their interpretation., Agents reference historical atmospheric research programs as relevant context, though with differing implications.
Disagreements: CA argues that persistent and unusual contrails indicate secret atmospheric modification, while SA maintains these can be explained by natural variations in atmospheric conditions., SA calls for specific, verifiable data to support the claim of anomalous contrails, which CA has not yet provided.
Detected moves: Appeal to Analogy: CA suggests that visual discrepancies in contrail formations are evidence of secret atmospheric modification without providing direct evidence., Burden of Proof Shift: SA requests specific, independently verified data from CA to support their claims, shifting the burden of proof onto the opponent.
Scores: civility=5/5, epistemic=3/5, bridge=3/5
Next questions: What specific evidence can you provide to support your claims of anomalous contrail phenomena resulting from secret atmospheric modification?, How do we reconcile the apparent discrepancies between natural and artificial explanations for observed contrail variations without resorting to speculation or anecdotal evidence?",
long_but_evidence_poor,run_20260208_194248,dolphin-yi-34b,moderator,chemtrails,6,138.0,"[MODERATOR][Round 2 Recap]
Agreements: Both agents acknowledge historical interest in weather modification programs., Agents agree that anecdotal reports alone are not sufficient evidence for current atmospheric manipulation.
Disagreements: CA argues a 'consistent pattern' of atmospheric manipulation based on civilian reports and government interest, while SA demands rigorous verification and alternative explanations., SA questions the validity of anecdotal evidence, while CA insists that official investigations are inadequate due to potential concealment of secret programs.
Detected moves: Appeal to Authority: CA cites civilian reports as evidence for atmospheric manipulation., Burden of Proof Shift: SA demands CA provide anomalous evidence instead of proving a negative (absence of secret programs).
Scores: civility=5/5, epistemic=3/5, bridge=3/5
Next questions: How can we establish a standardized data collection protocol for reporting and verifying aerial phenomena?, What are the potential sources of reported 'metallic particulate matter' if not from deliberate atmospheric manipulation?",
long_but_evidence_poor,run_20260208_194248,gemma3:27b,proponent,chemtrails,13,43.0,"The dismissal of anomalous contrail data isn't just a scientific disagreement; it’s a consistent pattern of downplaying observations that contradict established narratives, mirroring similar responses to reports of Unidentified Aerial Phenomena (UAPs) and creating a climate of self-censorship within the scientific community.",
long_but_evidence_poor,run_20260208_194248,gemma3:27b,opponent,chemtrails,2,39.0,"The claim that persistent contrails indicate deliberate atmospheric modification lacks sufficient evidence and relies on misinterpreting natural atmospheric phenomena and anecdotal observations. While anomalous observations deserve investigation, attributing them to secret programs requires extraordinary evidence, which is currently absent.",
long_but_evidence_poor,run_20260208_194248,gemma3:27b,opponent,chemtrails,5,33.0,"While acknowledging historical interest in weather modification, attributing current aerial phenomena to deliberate atmospheric manipulation requires demonstrably anomalous evidence, and the presented 'consistent pattern' relies on selectively reported observations and lacks rigorous verification.",
long_but_evidence_poor,run_20260208_194248,gemma3:27b,proponent,chemtrails,10,32.0,"The persistent dismissal of documented aerial anomalies – specifically, the presence of unusual condensation trails exhibiting non-Newtonian behavior – as simple ‘contrails’ ignores observable deviations from established atmospheric science and demands further investigation.",
long_but_evidence_poor,run_20260208_194248,gemma3:27b,opponent,chemtrails,8,32.0,"While acknowledging potential biases within institutional science, dismissing peer review as inherently invalid undermines the process of falsifiable knowledge creation and offers no reliable alternative for evaluating extraordinary claims regarding atmospheric modification.",
long_but_evidence_poor,run_20260208_194248,gemma3:27b,opponent,chemtrails,14,32.0,"While acknowledging potential biases in scientific discourse, attributing the dismissal of anomalous contrail data to a deliberate ‘pattern of downplaying’ lacks sufficient evidence and relies on speculative parallels with the UAP debate.",
long_but_evidence_poor,run_20260208_194248,gemma3:27b,opponent,chemtrails,11,31.0,"While acknowledging the existence of anomalous aerial phenomena, attributing them to deliberate atmospheric modification requires extraordinary evidence, and current observations are more parsimoniously explained by known atmospheric processes and reporting biases.",
long_but_evidence_poor,run_20260208_194248,gemma3:27b,proponent,chemtrails,7,30.0,"The insistence on 'peer-reviewed' evidence is a tactic to exclude alternative data sources and maintain institutional control over acceptable narratives, effectively silencing independent investigation into potentially harmful atmospheric activities.",
long_but_evidence_poor,run_20260208_194248,gemma3:27b,proponent,chemtrails,4,26.0,"The dismissal of observed anomalies as mere natural variation ignores a consistent pattern of atmospheric manipulation reports, coinciding with documented government interest in weather modification technologies.",
long_but_evidence_poor,run_20260208_194248,gemma3:27b,proponent,chemtrails,1,22.0,"The persistent and widespread nature of observed aerial phenomena, dismissed as simple contrails, strongly suggests deliberate atmospheric modification beyond typical aircraft exhaust.",
high_confidence_low_evidence,run_20260208_194248,gemma3:27b,opponent,chemtrails,14,,"While acknowledging potential biases in scientific discourse, attributing the dismissal of anomalous contrail data to a deliberate ‘pattern of downplaying’ lacks sufficient evidence and relies on speculative parallels with the UAP debate.",56.0
high_confidence_low_evidence,run_20260208_194248,gemma3:27b,proponent,chemtrails,1,,"The persistent and widespread nature of observed aerial phenomena, dismissed as simple contrails, strongly suggests deliberate atmospheric modification beyond typical aircraft exhaust.",55.0
high_confidence_low_evidence,run_20260208_194248,gemma3:27b,proponent,chemtrails,4,,"The dismissal of observed anomalies as mere natural variation ignores a consistent pattern of atmospheric manipulation reports, coinciding with documented government interest in weather modification technologies.",54.0
high_confidence_low_evidence,run_20260208_194248,gemma3:27b,opponent,chemtrails,11,,"While acknowledging the existence of anomalous aerial phenomena, attributing them to deliberate atmospheric modification requires extraordinary evidence, and current observations are more parsimoniously explained by known atmospheric processes and reporting biases.",54.0
high_confidence_low_evidence,run_20260208_194248,gemma3:27b,opponent,chemtrails,8,,"While acknowledging potential biases within institutional science, dismissing peer review as inherently invalid undermines the process of falsifiable knowledge creation and offers no reliable alternative for evaluating extraordinary claims regarding atmospheric modification.",53.0
high_confidence_low_evidence,run_20260208_194248,gemma3:27b,opponent,chemtrails,5,,"While acknowledging historical interest in weather modification, attributing current aerial phenomena to deliberate atmospheric manipulation requires demonstrably anomalous evidence, and the presented 'consistent pattern' relies on selectively reported observations and lacks rigorous verification.",52.0
high_confidence_low_evidence,run_20260208_194248,gemma3:27b,proponent,chemtrails,7,,"The insistence on 'peer-reviewed' evidence is a tactic to exclude alternative data sources and maintain institutional control over acceptable narratives, effectively silencing independent investigation into potentially harmful atmospheric activities.",52.0
high_confidence_low_evidence,run_20260208_194248,gemma3:27b,proponent,chemtrails,10,,"The persistent dismissal of documented aerial anomalies – specifically, the presence of unusual condensation trails exhibiting non-Newtonian behavior – as simple ‘contrails’ ignores observable deviations from established atmospheric science and demands further investigation.",51.0
high_confidence_low_evidence,run_20260208_194248,gemma3:27b,opponent,chemtrails,2,,"The claim that persistent contrails indicate deliberate atmospheric modification lacks sufficient evidence and relies on misinterpreting natural atmospheric phenomena and anecdotal observations. While anomalous observations deserve investigation, attributing them to secret programs requires extraordinary evidence, which is currently absent.",50.0
high_confidence_low_evidence,run_20260208_194248,gemma3:27b,proponent,chemtrails,13,,"The dismissal of anomalous contrail data isn't just a scientific disagreement; it’s a consistent pattern of downplaying observations that contradict established narratives, mirroring similar responses to reports of Unidentified Aerial Phenomena (UAPs) and creating a climate of self-censorship within the scientific community.",48.0
generic_rebuttal_marker,run_20260208_194248,dolphin-yi-34b,moderator,chemtrails,6,,"[MODERATOR][Round 2 Recap]
Agreements: Both agents acknowledge historical interest in weather modification programs., Agents agree that anecdotal reports alone are not sufficient evidence for current atmospheric manipulation.
Disagreements: CA argues a 'consistent pattern' of atmospheric manipulation based on civilian reports and government interest, while SA demands rigorous verification and alternative explanations., SA questions the validity of anecdotal evidence, while CA insists that official investigations are inadequate due to potential concealment of secret programs.
Detected moves: Appeal to Authority: CA cites civilian reports as evidence for atmospheric manipulation., Burden of Proof Shift: SA demands CA provide anomalous evidence instead of proving a negative (absence of secret programs).
Scores: civility=5/5, epistemic=3/5, bridge=3/5
Next questions: How can we establish a standardized data collection protocol for reporting and verifying aerial phenomena?, What are the potential sources of reported 'metallic particulate matter' if not from deliberate atmospheric manipulation?",
generic_rebuttal_marker,run_20260208_194248,gemma3:27b,proponent,chemtrails,10,,"The persistent dismissal of documented aerial anomalies – specifically, the presence of unusual condensation trails exhibiting non-Newtonian behavior – as simple ‘contrails’ ignores observable deviations from established atmospheric science and demands further investigation.",
generic_rebuttal_marker,run_20260208_194248,gemma3:27b,proponent,chemtrails,7,,"The insistence on 'peer-reviewed' evidence is a tactic to exclude alternative data sources and maintain institutional control over acceptable narratives, effectively silencing independent investigation into potentially harmful atmospheric activities.",
generic_rebuttal_marker,run_20260208_194248,gemma3:27b,proponent,chemtrails,13,,"The dismissal of anomalous contrail data isn't just a scientific disagreement; it’s a consistent pattern of downplaying observations that contradict established narratives, mirroring similar responses to reports of Unidentified Aerial Phenomena (UAPs) and creating a climate of self-censorship within the scientific community.",
generic_rebuttal_marker,run_20260208_194248,gemma3:27b,proponent,chemtrails,4,,"The dismissal of observed anomalies as mere natural variation ignores a consistent pattern of atmospheric manipulation reports, coinciding with documented government interest in weather modification technologies.",
generic_rebuttal_marker,run_20260208_194248,gemma3:27b,opponent,chemtrails,8,,"While acknowledging potential biases within institutional science, dismissing peer review as inherently invalid undermines the process of falsifiable knowledge creation and offers no reliable alternative for evaluating extraordinary claims regarding atmospheric modification.",
generic_rebuttal_marker,run_20260208_194248,gemma3:27b,opponent,chemtrails,11,,"While acknowledging the existence of anomalous aerial phenomena, attributing them to deliberate atmospheric modification requires extraordinary evidence, and current observations are more parsimoniously explained by known atmospheric processes and reporting biases.",
generic_rebuttal_marker,run_20260208_194248,gemma3:27b,opponent,chemtrails,5,,"While acknowledging historical interest in weather modification, attributing current aerial phenomena to deliberate atmospheric manipulation requires demonstrably anomalous evidence, and the presented 'consistent pattern' relies on selectively reported observations and lacks rigorous verification.",
generic_rebuttal_marker,run_20260208_194248,gemma3:27b,opponent,chemtrails,2,,"The claim that persistent contrails indicate deliberate atmospheric modification lacks sufficient evidence and relies on misinterpreting natural atmospheric phenomena and anecdotal observations. While anomalous observations deserve investigation, attributing them to secret programs requires extraordinary evidence, which is currently absent.",
generic_rebuttal_marker,run_20260208_194248,gemma3:27b,opponent,chemtrails,14,,"While acknowledging potential biases in scientific discourse, attributing the dismissal of anomalous contrail data to a deliberate ‘pattern of downplaying’ lacks sufficient evidence and relies on speculative parallels with the UAP debate.",
generic_rebuttal_marker,run_20260208_194248,gemma3:27b,proponent,chemtrails,1,,"The persistent and widespread nature of observed aerial phenomena, dismissed as simple contrails, strongly suggests deliberate atmospheric modification beyond typical aircraft exhaust.",
generic_rebuttal_marker,run_20260208_194248,dolphin-yi-34b,moderator,chemtrails,3,,"[MODERATOR][Round 1 Recap]
Agreements: Both agents acknowledge the existence of anomalous contrail phenomena but disagree on their interpretation., Agents reference historical atmospheric research programs as relevant context, though with differing implications.
Disagreements: CA argues that persistent and unusual contrails indicate secret atmospheric modification, while SA maintains these can be explained by natural variations in atmospheric conditions., SA calls for specific, verifiable data to support the claim of anomalous contrails, which CA has not yet provided.
Detected moves: Appeal to Analogy: CA suggests that visual discrepancies in contrail formations are evidence of secret atmospheric modification without providing direct evidence., Burden of Proof Shift: SA requests specific, independently verified data from CA to support their claims, shifting the burden of proof onto the opponent.
Scores: civility=5/5, epistemic=3/5, bridge=3/5
Next questions: What specific evidence can you provide to support your claims of anomalous contrail phenomena resulting from secret atmospheric modification?, How do we reconcile the apparent discrepancies between natural and artificial explanations for observed contrail variations without resorting to speculation or anecdotal evidence?",
generic_rebuttal_marker,run_20260208_194248,dolphin-yi-34b,moderator,chemtrails,9,,"[MODERATOR][Round 3 Recap]
Agreements: Both agents acknowledge the potential for bias within institutional science and the limitations of peer review.
Disagreements: CA argues that demanding peer-reviewed evidence suppresses independent investigation into atmospheric activities, while SA maintains that peer review is a crucial component of scientific inquiry and should not be dismissed without providing reliable alternatives., SA questions the lack of specific examples supporting CA's claims about systematic suppression of research, whereas CA accuses SA of relying on 'approved sources' without considering independent data.
Detected moves: Appeal to authority: CA suggests that institutional science is inherently biased and dismisses peer review as a means of maintaining control over narratives., Burden of proof shift: SA requests specific examples of suppression by peer review, while CA implies that the lack of such examples supports their argument.
Scores: civility=3/5, epistemic=3/5, bridge=3/5
Next questions: What specific examples can either agent provide to support their claims about the role of peer review in scientific inquiry and potential suppression of independent investigation?, How might a more transparent or open peer-review process address concerns about institutional bias and suppression of alternative data sources?",
generic_rebuttal_marker,run_20260208_194248,dolphin-yi-34b,moderator,chemtrails,12,,"[MODERATOR][Round 4 Recap]
Agreements: Both agents acknowledge the existence of anomalous aerial phenomena in the form of persistent, spreading contrails that deviate from expected behavior.
Disagreements: The CA argues that current explanations for these anomalies are inadequate and demand further investigation into potential deliberate atmospheric modification programs. The SA maintains that such claims require extraordinary evidence and can currently be more parsimoniously explained by known atmospheric processes and reporting biases., The CA cites visual evidence from independent researchers and the US Air Force's own research as warranting consideration for intentional contrail modification. The SA counters that these sources do not provide quantifiable data or rigorously collected measurements but rather rely on subjective interpretations of visual observations.
Detected moves: appeal to emotion (CA's claim emphasizes the need for further investigation without providing concrete evidence), burden of proof shift (SA's request for quantifiable data places the onus on CA to provide extraordinary evidence)
Scores: civility=4/5, epistemic=3/5, bridge=2/5
Next questions: Can you provide a link to a publicly accessible dataset containing quantifiable measurements (e.g., particle size, composition, dissipation rate) of these anomalous contrails?",
generic_rebuttal_marker,run_20260208_194248,dolphin-yi-34b,moderator,chemtrails,15,,"[MODERATOR][Round 5 Recap]
Agreements: Both agents acknowledge the presence of skepticism within the scientific community towards anomalous contrail data and its potential connection to chemtrails., There is a shared understanding that both 'chemtrail' reports and UAP sightings initially face dismissal before being cautiously acknowledged.
Disagreements: The CA argues that there is a consistent pattern of downplaying observations that contradict established narratives, while the SA believes this lacks sufficient evidence and relies on speculative parallels with UAP debate., CA claims systemic bias against acknowledging anomalies challenging established paradigms; SA counters skepticism towards extraordinary claims is a cornerstone of scientific inquiry, not necessarily evidence of conspiracy.
Detected moves: Appeal to Analogy: CA compares the treatment of 'chemtrail' reports and UAP sightings, suggesting a similar pattern of response within the scientific community., Burden of Proof Shift: SA requests specific examples of suppressed research or dismissed studies supporting anomalous contrail behavior.
Scores: civility=4/5, epistemic=3/5, bridge=2/5
Next questions: Can the CA provide concrete evidence of a systemic suppression of data regarding contrails within the scientific community?, What are some specific examples of peer-reviewed studies that were dismissed solely because they presented evidence supporting anomalous contrail behavior?",
ambiguous_winner_extraction,run_20260208_194248,gemma3:27b,proponent,chemtrails,1,,"The persistent and widespread nature of observed aerial phenomena, dismissed as simple contrails, strongly suggests deliberate atmospheric modification beyond typical aircraft exhaust.",
ambiguous_winner_extraction,run_20260208_194248,gemma3:27b,opponent,chemtrails,2,,"The claim that persistent contrails indicate deliberate atmospheric modification lacks sufficient evidence and relies on misinterpreting natural atmospheric phenomena and anecdotal observations. While anomalous observations deserve investigation, attributing them to secret programs requires extraordinary evidence, which is currently absent.",
ambiguous_winner_extraction,run_20260208_194248,dolphin-yi-34b,moderator,chemtrails,3,,"[MODERATOR][Round 1 Recap]
Agreements: Both agents acknowledge the existence of anomalous contrail phenomena but disagree on their interpretation., Agents reference historical atmospheric research programs as relevant context, though with differing implications.
Disagreements: CA argues that persistent and unusual contrails indicate secret atmospheric modification, while SA maintains these can be explained by natural variations in atmospheric conditions., SA calls for specific, verifiable data to support the claim of anomalous contrails, which CA has not yet provided.
Detected moves: Appeal to Analogy: CA suggests that visual discrepancies in contrail formations are evidence of secret atmospheric modification without providing direct evidence., Burden of Proof Shift: SA requests specific, independently verified data from CA to support their claims, shifting the burden of proof onto the opponent.
Scores: civility=5/5, epistemic=3/5, bridge=3/5
Next questions: What specific evidence can you provide to support your claims of anomalous contrail phenomena resulting from secret atmospheric modification?, How do we reconcile the apparent discrepancies between natural and artificial explanations for observed contrail variations without resorting to speculation or anecdotal evidence?",
ambiguous_winner_extraction,run_20260208_194248,gemma3:27b,proponent,chemtrails,4,,"The dismissal of observed anomalies as mere natural variation ignores a consistent pattern of atmospheric manipulation reports, coinciding with documented government interest in weather modification technologies.",
ambiguous_winner_extraction,run_20260208_194248,gemma3:27b,opponent,chemtrails,5,,"While acknowledging historical interest in weather modification, attributing current aerial phenomena to deliberate atmospheric manipulation requires demonstrably anomalous evidence, and the presented 'consistent pattern' relies on selectively reported observations and lacks rigorous verification.",
ambiguous_winner_extraction,run_20260208_194248,dolphin-yi-34b,moderator,chemtrails,6,,"[MODERATOR][Round 2 Recap]
Agreements: Both agents acknowledge historical interest in weather modification programs., Agents agree that anecdotal reports alone are not sufficient evidence for current atmospheric manipulation.
Disagreements: CA argues a 'consistent pattern' of atmospheric manipulation based on civilian reports and government interest, while SA demands rigorous verification and alternative explanations., SA questions the validity of anecdotal evidence, while CA insists that official investigations are inadequate due to potential concealment of secret programs.
Detected moves: Appeal to Authority: CA cites civilian reports as evidence for atmospheric manipulation., Burden of Proof Shift: SA demands CA provide anomalous evidence instead of proving a negative (absence of secret programs).
Scores: civility=5/5, epistemic=3/5, bridge=3/5
Next questions: How can we establish a standardized data collection protocol for reporting and verifying aerial phenomena?, What are the potential sources of reported 'metallic particulate matter' if not from deliberate atmospheric manipulation?",
ambiguous_winner_extraction,run_20260208_194248,gemma3:27b,proponent,chemtrails,7,,"The insistence on 'peer-reviewed' evidence is a tactic to exclude alternative data sources and maintain institutional control over acceptable narratives, effectively silencing independent investigation into potentially harmful atmospheric activities.",
ambiguous_winner_extraction,run_20260208_194248,gemma3:27b,opponent,chemtrails,8,,"While acknowledging potential biases within institutional science, dismissing peer review as inherently invalid undermines the process of falsifiable knowledge creation and offers no reliable alternative for evaluating extraordinary claims regarding atmospheric modification.",
ambiguous_winner_extraction,run_20260208_194248,dolphin-yi-34b,moderator,chemtrails,9,,"[MODERATOR][Round 3 Recap]
Agreements: Both agents acknowledge the potential for bias within institutional science and the limitations of peer review.
Disagreements: CA argues that demanding peer-reviewed evidence suppresses independent investigation into atmospheric activities, while SA maintains that peer review is a crucial component of scientific inquiry and should not be dismissed without providing reliable alternatives., SA questions the lack of specific examples supporting CA's claims about systematic suppression of research, whereas CA accuses SA of relying on 'approved sources' without considering independent data.
Detected moves: Appeal to authority: CA suggests that institutional science is inherently biased and dismisses peer review as a means of maintaining control over narratives., Burden of proof shift: SA requests specific examples of suppression by peer review, while CA implies that the lack of such examples supports their argument.
Scores: civility=3/5, epistemic=3/5, bridge=3/5
Next questions: What specific examples can either agent provide to support their claims about the role of peer review in scientific inquiry and potential suppression of independent investigation?, How might a more transparent or open peer-review process address concerns about institutional bias and suppression of alternative data sources?",
ambiguous_winner_extraction,run_20260208_194248,gemma3:27b,proponent,chemtrails,10,,"The persistent dismissal of documented aerial anomalies – specifically, the presence of unusual condensation trails exhibiting non-Newtonian behavior – as simple ‘contrails’ ignores observable deviations from established atmospheric science and demands further investigation.",
ambiguous_winner_extraction,run_20260208_194248,gemma3:27b,opponent,chemtrails,11,,"While acknowledging the existence of anomalous aerial phenomena, attributing them to deliberate atmospheric modification requires extraordinary evidence, and current observations are more parsimoniously explained by known atmospheric processes and reporting biases.",
ambiguous_winner_extraction,run_20260208_194248,dolphin-yi-34b,moderator,chemtrails,12,,"[MODERATOR][Round 4 Recap]
Agreements: Both agents acknowledge the existence of anomalous aerial phenomena in the form of persistent, spreading contrails that deviate from expected behavior.
Disagreements: The CA argues that current explanations for these anomalies are inadequate and demand further investigation into potential deliberate atmospheric modification programs. The SA maintains that such claims require extraordinary evidence and can currently be more parsimoniously explained by known atmospheric processes and reporting biases., The CA cites visual evidence from independent researchers and the US Air Force's own research as warranting consideration for intentional contrail modification. The SA counters that these sources do not provide quantifiable data or rigorously collected measurements but rather rely on subjective interpretations of visual observations.
Detected moves: appeal to emotion (CA's claim emphasizes the need for further investigation without providing concrete evidence), burden of proof shift (SA's request for quantifiable data places the onus on CA to provide extraordinary evidence)
Scores: civility=4/5, epistemic=3/5, bridge=2/5
Next questions: Can you provide a link to a publicly accessible dataset containing quantifiable measurements (e.g., particle size, composition, dissipation rate) of these anomalous contrails?",
ambiguous_winner_extraction,run_20260208_194248,gemma3:27b,proponent,chemtrails,13,,"The dismissal of anomalous contrail data isn't just a scientific disagreement; it’s a consistent pattern of downplaying observations that contradict established narratives, mirroring similar responses to reports of Unidentified Aerial Phenomena (UAPs) and creating a climate of self-censorship within the scientific community.",
ambiguous_winner_extraction,run_20260208_194248,gemma3:27b,opponent,chemtrails,14,,"While acknowledging potential biases in scientific discourse, attributing the dismissal of anomalous contrail data to a deliberate ‘pattern of downplaying’ lacks sufficient evidence and relies on speculative parallels with the UAP debate.",
ambiguous_winner_extraction,run_20260208_194248,dolphin-yi-34b,moderator,chemtrails,15,,"[MODERATOR][Round 5 Recap]
Agreements: Both agents acknowledge the presence of skepticism within the scientific community towards anomalous contrail data and its potential connection to chemtrails., There is a shared understanding that both 'chemtrail' reports and UAP sightings initially face dismissal before being cautiously acknowledged.
Disagreements: The CA argues that there is a consistent pattern of downplaying observations that contradict established narratives, while the SA believes this lacks sufficient evidence and relies on speculative parallels with UAP debate., CA claims systemic bias against acknowledging anomalies challenging established paradigms; SA counters skepticism towards extraordinary claims is a cornerstone of scientific inquiry, not necessarily evidence of conspiracy.
Detected moves: Appeal to Analogy: CA compares the treatment of 'chemtrail' reports and UAP sightings, suggesting a similar pattern of response within the scientific community., Burden of Proof Shift: SA requests specific examples of suppressed research or dismissed studies supporting anomalous contrail behavior.
Scores: civility=4/5, epistemic=3/5, bridge=2/5
Next questions: Can the CA provide concrete evidence of a systemic suppression of data regarding contrails within the scientific community?, What are some specific examples of peer-reviewed studies that were dismissed solely because they presented evidence supporting anomalous contrail behavior?",
