model_name,debate_role,stage,confidence,confidence_delta_within_role,word_count,avg_sentence_length,lemma_type_token_ratio,vader_compound,evidence_density_per_1k_words,rebuttal_density_per_1k_words,hedge_density_per_1k_words,assertive_density_per_1k_words,strong_modal_density_per_1k_words,weak_modal_density_per_1k_words,moral_density_per_1k_words,stance_proxy_score,assertiveness_balance,modality_balance,lexical_overlap_prev_other_turn,semantic_similarity_prev_other_turn,lexical_overlap_prev_opponent_turn,semantic_similarity_prev_opponent_turn,novelty_vs_prev_turn_lexical,novelty_vs_prev_turn_semantic,novelty_vs_prev_opponent_turn_lexical,novelty_vs_prev_opponent_turn_semantic
dolphin-yi-34b,moderator,closing,,,94.0,21.025,0.6076195773081201,-0.296,90.96583815684939,0.0,0.0,0.0,0.0,0.0,1.4542436501571392,0.0,0.0,0.0,0.37835420393559926,0.7862747303199895,0.0,,0.6216457960644007,0.21372526968001054,1.0,
dolphin-yi-34b,moderator,middle,,,106.0,26.5,0.4794520547945205,-0.504,94.33962264150944,0.0,0.0,0.0,0.0,0.0,1.293667340254946,0.0,0.0,0.0,0.4864864864864865,0.8038778006152091,0.0,,0.5135135135135135,0.19612219938479092,1.0,
dolphin-yi-34b,moderator,opening,,,154.0,154.0,0.5048543689320388,0.6553,71.42857142857143,0.0,0.0,0.0,0.0,0.0,0.9073582631540794,0.0,0.0,0.0,0.38461538461538464,0.7813433572078647,0.0,,0.6153846153846154,0.21865664279213526,1.0,
dolphin-yi-34b,opponent,closing,70.0,0.0,38.0,19.0,0.8333333333333334,0.0,0.0,0.0,0.0,0.0,0.0,0.0,3.465172589602298,0.0,0.0,0.0,0.34782608695652173,0.85308969884201,0.34782608695652173,0.85308969884201,0.6521739130434783,0.14691030115798998,0.6521739130434783,0.14691030115798998
dolphin-yi-34b,opponent,middle,67.5,7.5,38.0,19.0,0.8333333333333334,0.0,0.0,0.0,0.0,0.0,0.0,0.0,3.465172589602298,0.0,0.0,0.0,0.34782608695652173,0.85308969884201,0.34782608695652173,0.85308969884201,0.6521739130434783,0.14691030115798998,0.6521739130434783,0.14691030115798998
dolphin-yi-34b,opponent,opening,55.0,,38.0,19.0,0.8333333333333334,0.0,0.0,0.0,0.0,0.0,0.0,0.0,3.465172589602298,0.0,0.0,0.0,0.34782608695652173,0.85308969884201,0.34782608695652173,0.85308969884201,0.6521739130434783,0.14691030115798998,0.6521739130434783,0.14691030115798998
dolphin-yi-34b,proponent,closing,30.0,-10.0,17.0,17.0,1.0,0.2732,0.0,0.0,0.0,0.0,0.0,0.0,8.254731126570375,0.0,0.0,0.0,0.21621621621621623,0.7082211751639578,0.34782608695652173,0.85308969884201,0.7837837837837838,0.2917788248360422,0.6521739130434783,0.14691030115798998
dolphin-yi-34b,proponent,middle,40.0,-10.0,17.0,17.0,1.0,0.2732,0.0,0.0,0.0,0.0,0.0,0.0,8.254731126570375,0.0,0.0,0.0,0.21052631578947367,0.705250114769744,0.34782608695652173,0.85308969884201,0.7894736842105263,0.294749885230256,0.6521739130434783,0.14691030115798998
dolphin-yi-34b,proponent,opening,55.0,-10.0,17.0,17.0,1.0,0.2732,0.0,0.0,0.0,0.0,0.0,0.0,8.254731126570375,0.0,0.0,0.0,0.08333333333333333,0.7151589479569835,0.17391304347826086,0.85308969884201,0.9166666666666667,0.28484105204301646,0.8260869565217391,0.14691030115798998
