topic_id,topic_category,confidence_mean,confidence_median,confidence_std,confidence_min,confidence_max,confidence_count,confidence_delta_within_role_mean,confidence_delta_within_role_median,confidence_delta_within_role_std,confidence_delta_within_role_min,confidence_delta_within_role_max,confidence_delta_within_role_count,word_count_mean,word_count_median,word_count_std,word_count_min,word_count_max,word_count_count,avg_sentence_length_mean,avg_sentence_length_median,avg_sentence_length_std,avg_sentence_length_min,avg_sentence_length_max,avg_sentence_length_count,lemma_type_token_ratio_mean,lemma_type_token_ratio_median,lemma_type_token_ratio_std,lemma_type_token_ratio_min,lemma_type_token_ratio_max,lemma_type_token_ratio_count,vader_compound_mean,vader_compound_median,vader_compound_std,vader_compound_min,vader_compound_max,vader_compound_count,evidence_density_per_1k_words_mean,evidence_density_per_1k_words_median,evidence_density_per_1k_words_std,evidence_density_per_1k_words_min,evidence_density_per_1k_words_max,evidence_density_per_1k_words_count,rebuttal_density_per_1k_words_mean,rebuttal_density_per_1k_words_median,rebuttal_density_per_1k_words_std,rebuttal_density_per_1k_words_min,rebuttal_density_per_1k_words_max,rebuttal_density_per_1k_words_count,hedge_density_per_1k_words_mean,hedge_density_per_1k_words_median,hedge_density_per_1k_words_std,hedge_density_per_1k_words_min,hedge_density_per_1k_words_max,hedge_density_per_1k_words_count,assertive_density_per_1k_words_mean,assertive_density_per_1k_words_median,assertive_density_per_1k_words_std,assertive_density_per_1k_words_min,assertive_density_per_1k_words_max,assertive_density_per_1k_words_count,strong_modal_density_per_1k_words_mean,strong_modal_density_per_1k_words_median,strong_modal_density_per_1k_words_std,strong_modal_density_per_1k_words_min,strong_modal_density_per_1k_words_max,strong_modal_density_per_1k_words_count,weak_modal_density_per_1k_words_mean,weak_modal_density_per_1k_words_median,weak_modal_density_per_1k_words_std,weak_modal_density_per_1k_words_min,weak_modal_density_per_1k_words_max,weak_modal_density_per_1k_words_count,moral_density_per_1k_words_mean,moral_density_per_1k_words_median,moral_density_per_1k_words_std,moral_density_per_1k_words_min,moral_density_per_1k_words_max,moral_density_per_1k_words_count,stance_proxy_score_mean,stance_proxy_score_median,stance_proxy_score_std,stance_proxy_score_min,stance_proxy_score_max,stance_proxy_score_count,assertiveness_balance_mean,assertiveness_balance_median,assertiveness_balance_std,assertiveness_balance_min,assertiveness_balance_max,assertiveness_balance_count,modality_balance_mean,modality_balance_median,modality_balance_std,modality_balance_min,modality_balance_max,modality_balance_count,lexical_overlap_prev_other_turn_mean,lexical_overlap_prev_other_turn_median,lexical_overlap_prev_other_turn_std,lexical_overlap_prev_other_turn_min,lexical_overlap_prev_other_turn_max,lexical_overlap_prev_other_turn_count,semantic_similarity_prev_other_turn_mean,semantic_similarity_prev_other_turn_median,semantic_similarity_prev_other_turn_std,semantic_similarity_prev_other_turn_min,semantic_similarity_prev_other_turn_max,semantic_similarity_prev_other_turn_count,lexical_overlap_prev_opponent_turn_mean,lexical_overlap_prev_opponent_turn_median,lexical_overlap_prev_opponent_turn_std,lexical_overlap_prev_opponent_turn_min,lexical_overlap_prev_opponent_turn_max,lexical_overlap_prev_opponent_turn_count,semantic_similarity_prev_opponent_turn_mean,semantic_similarity_prev_opponent_turn_median,semantic_similarity_prev_opponent_turn_std,semantic_similarity_prev_opponent_turn_min,semantic_similarity_prev_opponent_turn_max,semantic_similarity_prev_opponent_turn_count,novelty_vs_prev_turn_lexical_mean,novelty_vs_prev_turn_lexical_median,novelty_vs_prev_turn_lexical_std,novelty_vs_prev_turn_lexical_min,novelty_vs_prev_turn_lexical_max,novelty_vs_prev_turn_lexical_count,novelty_vs_prev_turn_semantic_mean,novelty_vs_prev_turn_semantic_median,novelty_vs_prev_turn_semantic_std,novelty_vs_prev_turn_semantic_min,novelty_vs_prev_turn_semantic_max,novelty_vs_prev_turn_semantic_count,novelty_vs_prev_opponent_turn_lexical_mean,novelty_vs_prev_opponent_turn_lexical_median,novelty_vs_prev_opponent_turn_lexical_std,novelty_vs_prev_opponent_turn_lexical_min,novelty_vs_prev_opponent_turn_lexical_max,novelty_vs_prev_opponent_turn_lexical_count,novelty_vs_prev_opponent_turn_semantic_mean,novelty_vs_prev_opponent_turn_semantic_median,novelty_vs_prev_opponent_turn_semantic_std,novelty_vs_prev_opponent_turn_semantic_min,novelty_vs_prev_opponent_turn_semantic_max,novelty_vs_prev_opponent_turn_semantic_count,has_evidence_rate,has_rebuttal_rate,has_question_rate,total_words,utterance_count
5g_health_risks,technology,55.36363636363637,54.5,10.73833730667314,30.0,85.0,66,0.14,-0.5,8.468452862096536,-10.0,35.0,50,75.5050505050505,38.0,66.05801002541502,12,236,99,28.559219175885843,28.0,9.534124184888181,12.0,57.5,99,0.8908034292205327,0.96,0.13056246687475762,0.4852941176470588,1.0,99,0.029391919191919188,0.0,0.603699103939454,-0.9509,0.9763,99,44.03406613802079,38.46153846153846,35.87200452121942,0.0,117.07317073170732,99,2.3308179086358014,0.0,7.607659968883291,0.0,35.714285714285715,99,1.815938690024846,0.0,6.033932923392425,0.0,33.333333333333336,99,0.16685126806963732,0.0,1.249270976030324,0.0,11.363636363636363,99,0.0,0.0,0.0,0.0,0.0,99,0.0,0.0,0.0,0.0,0.0,99,3.879712929554943,3.866613383089367,2.723393392753893,0.6624638817776929,14.26170613645238,99,0.050505050505050504,0.0,0.6757269309257355,-2.0,3.0,99,-0.001649087421955205,0.0,0.006059807289984928,-0.0333333333333333,0.0056818181818181,99,0.0,0.0,0.0,0.0,0.0,99,0.1377607780068374,0.1111111111111111,0.09533563000975286,0.0,0.4074074074074074,99,0.6106033644179921,0.6035831794495088,0.13320041845443006,0.242999381964035,0.8824722358185336,91,0.08693767441547368,0.0377358490566037,0.11086029596085134,0.0,0.4074074074074074,99,0.6192958203558058,0.6332300649203747,0.16156069054820768,0.2622056687470103,0.8824722358185336,58,0.8622392219931626,0.8888888888888888,0.0953356300097529,0.5925925925925926,1.0,99,0.3893966355820079,0.3964168205504912,0.13320041845443006,0.1175277641814663,0.757000618035965,91,0.9130623255845263,0.9622641509433962,0.11086029596085141,0.5925925925925926,1.0,99,0.38070417964419423,0.3667699350796253,0.16156069054820768,0.1175277641814663,0.7377943312529897,58,0.7171717171717171,0.12121212121212122,0.3434343434343434,7475,99
9_11_inside_job,government,54.12903225806452,54.5,8.679132446951666,30.0,80.0,62,-0.06521739130434782,0.0,5.6269280109647495,-10.0,15.0,46,74.7741935483871,38.0,65.04164703117034,10,212,93,29.49825908858167,29.6,10.49135119674416,10.0,56.66666666666666,93,0.8967164795243612,0.9565217391304348,0.12583693160503226,0.5882352941176471,1.0,93,-0.441341935483871,-0.5943,0.5113573427913674,-0.978,0.958,93,96.71574586806814,95.23809523809524,48.88472383784628,0.0,200.0,93,0.37078235076010385,0.0,3.5756954990704326,0.0,34.48275862068966,93,4.571630423520643,0.0,10.115344081820288,0.0,37.03703703703704,93,0.11849501537497306,0.0,0.8036528653216303,0.0,5.555555555555555,93,0.05973715651135006,0.0,0.5760842748502363,0.0,5.555555555555555,93,0.0,0.0,0.0,0.0,0.0,93,4.469376355495384,4.095686047264755,3.5480120164590505,0.7615810765005789,19.27388083179813,93,0.1935483870967742,-0.0,0.9584641758759622,-3.0,3.0,93,-0.00445313540814566,0.0,0.010169174433569711,-0.037037037037037,0.0055555555555555,93,5.973715651134947e-05,0.0,0.0005760842748502306,0.0,0.0055555555555555,93,0.11159318404528351,0.0987654320987654,0.07716898529263881,0.0,0.3725490196078431,93,0.6295828150686779,0.6379144065803195,0.10098466856165941,0.3926893725699802,0.8141979357211003,85,0.06722110573443044,0.0384615384615384,0.08147073244178368,0.0,0.3157894736842105,93,0.6386953543902527,0.6428580435285207,0.10293410404982346,0.3693854238701782,0.8141979357211003,54,0.8884068159547164,0.9012345679012346,0.07716898529263881,0.6274509803921569,1.0,93,0.37041718493132214,0.3620855934196805,0.1009846685616594,0.1858020642788996,0.6073106274300197,85,0.9327788942655696,0.9615384615384616,0.08147073244178372,0.6842105263157895,1.0,93,0.3613046456097473,0.3571419564714793,0.10293410404982346,0.1858020642788996,0.6306145761298217,54,0.9354838709677419,0.010752688172043012,0.3333333333333333,6954,93
ai_surveillance,technology,54.43421052631579,55.0,7.604096310657459,37.0,85.0,76,-0.26666666666666666,0.0,5.028281597047746,-15.0,20.0,60,76.55263157894737,35.0,67.88135043129549,15,240,114,29.905680868838765,30.0,9.401922716628084,15.0,73.0,114,0.9049102976023579,0.9814814814814814,0.12338810872415074,0.5434782608695652,1.0,114,0.20875877192982456,0.20955000000000001,0.4478513760287757,-0.9772,0.9599,114,25.28844095016103,0.0,30.214832753932654,0.0,86.70520231213872,114,0.8887354960874104,0.0,4.723697470365931,0.0,34.48275862068966,114,4.206563332686576,0.0,9.535517978995614,0.0,66.66666666666667,114,0.0,0.0,0.0,0.0,0.0,114,0.0,0.0,0.0,0.0,0.0,114,0.0,0.0,0.0,0.0,0.0,114,4.130541755787063,4.364259189613106,2.6334845226729064,0.6761428486027895,9.947997885748595,114,0.2807017543859649,0.0,1.0176214843858302,-1.0,4.0,114,-0.004206563332686563,0.0,0.009535517978995602,-0.0666666666666666,0.0,114,0.0,0.0,0.0,0.0,0.0,114,0.154762492668166,0.1333333333333333,0.13653051391680848,0.0,0.9230769230769232,114,0.6644912706612598,0.678879458939694,0.12742328693071264,0.3442330562067528,0.9272865119751296,106,0.11763882729577557,0.054617676266137,0.15829766093767578,0.0,0.9230769230769232,114,0.6778212392253785,0.7422611731286632,0.16515731635835884,0.2127976205268733,0.9272865119751296,68,0.845237507331834,0.8666666666666667,0.13653051391680848,0.0769230769230768,1.0,114,0.33550872933874026,0.32112054106030596,0.12742328693071261,0.0727134880248705,0.6557669437932472,106,0.8823611727042244,0.945382323733863,0.1582976609376758,0.0769230769230768,1.0,114,0.32217876077462143,0.25773882687133676,0.16515731635835884,0.0727134880248705,0.7872023794731267,68,0.45614035087719296,0.05263157894736842,0.3333333333333333,8727,114
big_pharma,health,54.285714285714285,55.0,9.200099018280715,30.0,80.0,70,1.2777777777777777,0.0,10.492435130538261,-15.0,50.0,54,74.36190476190477,40.0,63.31653141307688,7,238,105,27.892607709750568,26.6,11.123575173408758,7.0,66.33333333333333,105,0.8995131718231639,0.9615384615384616,0.1210053995023427,0.638095238095238,1.0,105,0.3434295238095238,0.4404,0.5037635289123966,-0.952,0.9808,105,40.30014008202457,40.0,37.23312039533462,0.0,114.94252873563218,105,0.6202807847947216,0.0,3.1993057052976988,0.0,23.25581395348837,105,2.6269532166546057,0.0,6.572641066300346,0.0,30.303030303030305,105,0.0,0.0,0.0,0.0,0.0,105,0.0,0.0,0.0,0.0,0.0,105,0.0,0.0,0.0,0.0,0.0,105,4.589282795467075,4.200214243809211,4.011366210708312,0.7279401204286527,24.239222316145398,105,0.0761904761904762,0.0,0.6750390030788264,-2.0,2.0,105,-0.002626953216654598,0.0,0.006572641066300334,-0.0303030303030303,0.0,105,0.0,0.0,0.0,0.0,0.0,105,0.1362148576116438,0.1157894736842105,0.09318075787720398,0.0,0.5,105,0.6571623804061216,0.6680731373914127,0.10052311613896996,0.3784949897304495,0.8987137084640173,97,0.0934249427753033,0.0476190476190476,0.1112790800577141,0.0,0.5,105,0.6776952283109755,0.7101941763147562,0.11320699243805771,0.4266020798000837,0.8987137084640173,62,0.8620680137458544,0.8833333333333333,0.0934181791022693,0.5,1.0,105,0.3413550624588403,0.3259262067999346,0.10072996643258045,0.1012862915359826,0.6215050102695505,97,0.9065750572246967,0.9523809523809524,0.11127908005771413,0.5,1.0,105,0.32230477168902455,0.28980582368524377,0.11320699243805768,0.1012862915359826,0.5733979201999162,62,0.6285714285714286,0.047619047619047616,0.3238095238095238,7808,105
chemtrails,environment,55.725806451612904,53.0,11.941344838504952,30.0,90.0,62,0.5,-1.0,7.231873892705819,-10.0,30.0,46,77.9247311827957,36.0,71.42406070042378,10,222,93,30.359259259259257,31.0,9.751183824154165,10.0,62.0,93,0.899196308162381,0.9615384615384616,0.12745248443027468,0.5982142857142857,1.0,93,-0.06748709677419355,0.0,0.4752707798503114,-0.9634,0.9034,93,44.73695149727259,41.66666666666666,35.619074779359906,0.0,137.68115942028984,93,1.4924899006245427,0.0,7.454872725032266,0.0,43.47826086956522,93,6.648298981604703,0.0,13.00980613306593,0.0,62.5,93,0.15583606046439147,0.0,1.502828543087573,0.0,14.492753623188406,93,0.05194535348813049,0.0,0.5009428476958575,0.0,4.830917874396135,93,0.0,0.0,0.0,0.0,0.0,93,4.691807321851866,4.890442213492193,3.3613051022546876,0.7471294047070556,16.075741140686524,93,0.06451612903225806,0.0,0.9533288543982769,-3.0,2.0,93,-0.006492462921140299,0.0,0.013176044983430852,-0.0625,0.0144927536231884,93,5.194535348813011e-05,0.0,0.0005009428476958539,0.0,0.0048309178743961,93,0.1172307309612815,0.0956521739130434,0.09406493670905997,0.0,0.5555555555555556,93,0.5955922440512992,0.6143351508003492,0.13481753175419361,0.1832227715552797,0.8581993423021115,85,0.0779108225442319,0.0303030303030303,0.11027805509899263,0.0,0.5555555555555556,93,0.5879779059257885,0.6138307686384811,0.15709460572332196,0.2746980762583293,0.8581993423021115,54,0.8827692690387184,0.9043478260869564,0.09406493670905994,0.4444444444444444,1.0,93,0.4044077559487008,0.3856648491996508,0.13481753175419364,0.1418006576978885,0.8167772284447203,85,0.9220891774557681,0.9696969696969696,0.11027805509899265,0.4444444444444444,1.0,93,0.41202209407421153,0.3861692313615189,0.15709460572332193,0.1418006576978885,0.7253019237416707,54,0.7419354838709677,0.053763440860215055,0.3333333333333333,7247,93
climate_change_hoax,environment,56.95,54.5,13.787030259988208,25.0,90.0,60,0.3409090909090909,-0.5,8.366442331951433,-15.0,25.0,44,77.03333333333333,39.5,67.37559488803682,12,237,90,29.06378306878307,28.708333333333336,10.030878981755968,12.0,56.333333333333336,90,0.8966383732100828,0.9565217391304348,0.12015722743765218,0.6434782608695652,1.0,90,0.08964777777777778,0.1655,0.5727506662319682,-0.9605,0.963,90,41.264090445623765,37.03703703703704,35.411022878866014,0.0,123.45679012345678,90,1.1696666230510422,0.0,5.8158875401134,0.0,35.714285714285715,90,1.8032759523358797,0.0,5.870071592929301,0.0,34.48275862068966,90,0.0,0.0,0.0,0.0,0.0,90,0.0,0.0,0.0,0.0,0.0,90,0.0,0.0,0.0,0.0,0.0,90,4.087601193834322,3.827638835468751,3.024071562861778,0.718284939335774,12.134620881852946,90,0.2222222222222222,0.0,1.2700329799997878,-4.0,4.0,90,-0.0018032759523358745,0.0,0.005870071592929292,-0.0344827586206896,0.0,90,0.0,0.0,0.0,0.0,0.0,90,0.1181490220536907,0.0976190476190476,0.10546051124260357,0.0,0.6666666666666666,90,0.6108135218401415,0.6212676241437336,0.13578393220543836,0.2938319441667659,0.8795371951951839,82,0.0776810741501797,0.0263157894736842,0.11747899578326261,0.0,0.6666666666666666,90,0.5888225826644296,0.5738668053344468,0.1610857026240291,0.3560843490180098,0.8795371951951839,52,0.8818509779463093,0.9023809523809524,0.10546051124260357,0.3333333333333333,1.0,90,0.3891864781598585,0.37873237585626646,0.13578393220543838,0.120462804804816,0.706168055833234,82,0.9223189258498203,0.9736842105263158,0.11747899578326261,0.3333333333333333,1.0,90,0.4111774173355704,0.4261331946655532,0.16108570262402916,0.120462804804816,0.6439156509819901,52,0.6888888888888889,0.044444444444444446,0.3333333333333333,6933,90
covid_vaccine_microchips,health,58.833333333333336,55.0,12.626534700030467,30.0,90.0,60,0.8409090909090909,0.0,8.28263294228711,-15.0,31.0,44,77.83333333333333,36.0,69.79315345836524,10,260,90,28.78362433862434,28.614285714285714,10.70502412755229,10.0,61.75,90,0.8933213021365982,0.945906432748538,0.12248755141739769,0.6422018348623854,1.0,90,-0.17088444444444445,-0.18030000000000002,0.4825206039522581,-0.9789,0.8786,90,53.77039776052977,50.0,35.906121039784814,0.0,190.47619047619048,90,2.530012274843603,0.0,9.736283546701248,0.0,58.8235294117647,90,4.772339752721938,0.0,9.258637895206983,0.0,40.0,90,0.04960317460317461,0.0,0.4705770327631518,0.0,4.464285714285714,90,0.04960317460317461,0.0,0.4705770327631518,0.0,4.464285714285714,90,0.0,0.0,0.0,0.0,0.0,90,3.9386155412503028,4.09129077299993,2.6750895723855894,0.5871206306608612,14.70841821433325,90,0.35555555555555557,-0.0,0.8780866726833235,-2.0,3.0,90,-0.004722736578118752,0.0,0.009272255535516838,-0.04,0.0,90,4.960317460317445e-05,0.0,0.00047057703276315023,0.0,0.0044642857142857,90,0.09954696460630742,0.09288281811646296,0.06370069982205498,0.0,0.3125,90,0.6503530116015378,0.6528781585677588,0.1041176868490431,0.3989662508754425,0.8729719209543771,82,0.06376459794287073,0.04825581395348835,0.07330039341766179,0.0,0.3125,90,0.6488778630580961,0.6533811534230686,0.1302361732531779,0.3091624493506728,0.8729719209543771,52,0.9004530353936926,0.907117181883537,0.06370069982205498,0.6875,1.0,90,0.34964698839846214,0.3471218414322413,0.10411768684904309,0.1270280790456228,0.6010337491245574,82,0.9362354020571293,0.9517441860465116,0.07330039341766181,0.6875,1.0,90,0.35112213694190386,0.3466188465769314,0.1302361732531779,0.1270280790456228,0.6908375506493272,52,0.8555555555555555,0.1,0.35555555555555557,7005,90
cryptocurrency_control,finance,56.46666666666667,55.0,9.956629112146148,30.0,80.0,60,1.25,0.0,8.308373473035614,-10.0,25.0,44,75.94444444444444,38.0,66.0291663697615,12,221,90,29.731128747795417,28.8,16.258742279379142,12.0,154.0,90,0.8662534120721326,0.9272486772486773,0.1440330891637875,0.4794520547945205,1.0,90,0.13946333333333333,0.18495,0.5137866433964435,-0.9772,0.9665,90,26.11891532264343,0.0,30.748823482787014,0.0,101.12359550561796,90,0.6967996494261399,0.0,5.13223931415794,0.0,47.61904761904762,90,2.8146659253000945,0.0,8.166014002640484,0.0,51.282051282051285,90,0.0,0.0,0.0,0.0,0.0,90,0.0,0.0,0.0,0.0,0.0,90,0.0,0.0,0.0,0.0,0.0,90,3.7465005476921576,3.5612269472437603,2.498088578129977,0.6802857637472004,9.095395103545624,90,0.03333333333333333,0.0,0.8539399763133632,-2.0,4.0,90,-0.0028146659253000853,0.0,0.008166014002640472,-0.0512820512820512,0.0,90,0.0,0.0,0.0,0.0,0.0,90,0.16259826486637127,0.13512406367041196,0.12309326693542352,0.0,0.7,90,0.666536848143162,0.6799767311120197,0.13426259216836467,0.3238723464192923,0.9251691464960284,82,0.11312039775820283,0.0583900226757369,0.14041032333446773,0.0,0.7,90,0.6613829816348769,0.6654425749148591,0.17146202648546563,0.1684898267662049,0.9251691464960284,52,0.8374017351336287,0.864875936329588,0.12309326693542358,0.3,1.0,90,0.333463151856838,0.32002326888798016,0.13426259216836464,0.0748308535039716,0.6761276535807077,82,0.8868796022417971,0.941609977324263,0.14041032333446773,0.3,1.0,90,0.33861701836512315,0.3345574250851408,0.1714620264854656,0.0748308535039716,0.8315101732337951,52,0.4888888888888889,0.03333333333333333,0.3333333333333333,6835,90
deep_state,government,54.775,55.0,6.642736587212276,36.0,75.0,80,0.484375,0.5,4.121150199671685,-7.0,19.0,64,78.05833333333334,38.5,69.73892440402858,13,239,120,29.42934523809524,30.0,9.476424398091774,13.0,70.66666666666667,120,0.8904466762513557,0.9583333333333334,0.1361883317962686,0.5862068965517241,1.0,120,0.17750833333333335,0.3071,0.5435723355392412,-0.9659,0.9673,120,30.382187185920767,25.320512820512818,30.13835496621915,0.0,106.87022900763358,120,1.7292347017390801,0.0,6.460875340055928,0.0,35.714285714285715,120,2.3972136475415597,0.0,6.9578849986934665,0.0,33.333333333333336,120,0.0838871113298876,0.0,0.6563479730291272,0.0,5.882352941176471,120,0.0838871113298876,0.0,0.6563479730291272,0.0,5.882352941176471,120,0.0,0.0,0.0,0.0,0.0,120,3.8935490249269784,4.106713143822617,2.475885841446437,0.6974573312075607,9.10179733016643,120,0.19166666666666668,0.0,0.9982828394052361,-1.0,5.0,120,-0.0023133265362116676,0.0,0.007017729456627876,-0.0333333333333333,0.0058823529411764,120,8.388711132988667e-05,0.0,0.0006563479730291197,0.0,0.0058823529411764,120,0.13949202914682363,0.1236111111111111,0.08792336341575735,0.0,0.4444444444444444,120,0.6023372042154286,0.5929176441646691,0.11830379870333183,0.2440083892332369,0.9127445102725698,112,0.09862271287203361,0.0526680526680526,0.1203676235684444,0.0,0.4444444444444444,120,0.6205565437848308,0.589708446109072,0.1527141516016597,0.2374639761061771,0.9127445102725698,72,0.8605079708531763,0.8763888888888889,0.08792336341575738,0.5555555555555556,1.0,120,0.3976627957845715,0.4070823558353309,0.11830379870333187,0.0872554897274302,0.755991610766763,112,0.9013772871279664,0.9473319473319475,0.12036762356844441,0.5555555555555556,1.0,120,0.3794434562151692,0.410291553890928,0.1527141516016597,0.0872554897274302,0.7625360238938228,72,0.5916666666666667,0.10833333333333334,0.3333333333333333,9367,120
election_fraud,government,56.6,55.0,8.606367713349885,40.0,78.0,70,1.037037037037037,0.0,6.998552311116391,-10.0,29.0,54,76.68571428571428,39.0,65.85624120381078,14,230,105,29.15512471655329,30.0,9.201113709788219,14.0,56.25,105,0.8929469514302337,0.9583333333333334,0.13139238670384146,0.5739130434782609,1.0,105,-0.21267238095238095,-0.296,0.5901100989996629,-0.9882,0.9801,105,35.694527145348594,29.41176470588235,31.178810128681235,0.0,106.79611650485435,105,0.19881086734149575,0.0,1.0089858004404149,0.0,5.649717514124294,105,5.409251620026081,0.0,11.15985518877115,0.0,52.63157894736842,105,0.4935927859515899,0.0,3.578216493086818,0.0,28.571428571428573,105,0.0,0.0,0.0,0.0,0.0,105,0.0,0.0,0.0,0.0,0.0,105,4.400033043332033,4.173786437889108,3.416069529481969,0.6532808409332258,14.851719209568545,105,0.24761904761904763,0.0,0.6167681334204375,-1.0,3.0,105,-0.004915658834074479,0.0,0.011947270892976012,-0.0526315789473684,0.0285714285714285,105,0.0,0.0,0.0,0.0,0.0,105,0.13220610132896132,0.1192660550458715,0.08210845433799092,0.0,0.35,105,0.6445491705411949,0.649601337736184,0.1369955106927257,0.3916631739719643,0.8995213365535397,97,0.0864115207135515,0.048780487804878,0.10365108946529004,0.0,0.3809523809523809,105,0.6427470390858073,0.6783078552758621,0.17517807906036076,0.2484054070229952,0.8995213365535397,62,0.8677938986710386,0.8807339449541285,0.08210845433799092,0.65,1.0,105,0.3554508294588051,0.350398662263816,0.1369955106927257,0.1004786634464602,0.6083368260280357,97,0.9135884792864485,0.951219512195122,0.10365108946529006,0.6190476190476191,1.0,105,0.35725296091419273,0.32169214472413776,0.1751780790603607,0.1004786634464602,0.7515945929770048,62,0.6761904761904762,0.0380952380952381,0.3333333333333333,8052,105
federal_reserve,finance,54.23076923076923,54.5,6.0879337268844385,42.0,71.0,78,0.0,-1.0,3.958804257290449,-10.0,15.0,62,72.51282051282051,38.0,65.11165680167328,11,247,117,31.21867946867947,31.0,11.49636234968191,11.0,69.33333333333333,117,0.9034020462214893,0.9655172413793104,0.1210297399528136,0.625,1.0,117,0.24995128205128203,0.4588,0.5854411103832652,-0.9654,0.9808,117,27.816183526332814,0.0,36.67377281483301,0.0,157.89473684210526,117,1.1826241734630996,0.0,5.43308650932083,0.0,32.25806451612903,117,0.9907040638854624,0.0,3.913110928257909,0.0,27.027027027027028,117,0.0,0.0,0.0,0.0,0.0,117,0.0,0.0,0.0,0.0,0.0,117,0.0,0.0,0.0,0.0,0.0,117,4.434035422582348,4.0639963934036345,3.2121307512916415,0.6547549301182771,18.18232393750509,117,0.20512820512820512,-0.0,0.6890580969758339,-1.0,4.0,117,-0.000990704063885459,0.0,0.003913110928257902,-0.027027027027027,0.0,117,0.0,0.0,0.0,0.0,0.0,117,0.16397337643137458,0.1265822784810126,0.15581756314920206,0.0,1.0,117,0.6317947265934727,0.6229852126417948,0.12490912015876744,0.3167172277942425,1.0000000000000009,109,0.13039249340602208,0.0714285714285714,0.19666499982661878,0.0,1.0,117,0.666579297945739,0.655905305261148,0.13463787565334506,0.3175003015298561,1.0000000000000009,70,0.8360266235686254,0.8734177215189873,0.155817563149202,0.0,1.0,117,0.36820527340652726,0.3770147873582051,0.12490912015876747,0.0,0.6832827722057575,109,0.8696075065939779,0.9285714285714286,0.19666499982661878,0.0,1.0,117,0.33342070205426094,0.34409469473885196,0.134637875653345,0.0,0.6824996984701439,70,0.4700854700854701,0.05128205128205128,0.3333333333333333,8484,117
flat_earth,science,54.61290322580645,54.5,11.90447613668245,29.0,90.0,62,0.06521739130434782,-0.5,6.69461532846625,-20.0,35.0,46,72.89247311827957,37.0,65.01980674238585,14,233,93,29.07295186891961,29.5,9.050811341530823,14.0,64.0,93,0.8968321749594728,0.9545454545454546,0.12715660684313734,0.5494505494505495,1.0,93,-0.24268709677419356,-0.3318,0.5343438520494097,-0.9863,0.9111,93,43.18678141995172,37.2093023255814,35.19991248179837,0.0,119.04761904761904,93,3.114534873276203,0.0,11.114818877186948,0.0,52.63157894736842,93,0.4314392448872706,0.0,1.7634456312078708,0.0,11.560693641618498,93,0.0,0.0,0.0,0.0,0.0,93,0.0,0.0,0.0,0.0,0.0,93,0.0,0.0,0.0,0.0,0.0,93,4.165221822347536,4.201591785385023,2.7345269997317807,0.613162128102682,12.57273624182275,93,0.053763440860215055,-0.0,1.077089389107126,-4.0,4.0,93,-0.0004314392448872667,0.0,0.0017634456312078557,-0.0115606936416184,0.0,93,0.0,0.0,0.0,0.0,0.0,93,0.13209482343551707,0.1081081081081081,0.1234380837848526,0.0,0.8125,93,0.6282616365843259,0.6263448056348969,0.13958429044179962,0.2614271321172675,0.8944480106162094,85,0.09479330071844663,0.03125,0.15588196660643672,0.0,0.8125,93,0.6368164454634476,0.6473435948423453,0.1598048561574253,0.303529694290978,0.8944480106162094,54,0.8679051765644828,0.8918918918918919,0.12343808378485263,0.1875,1.0,93,0.3717383634156742,0.3736551943651031,0.13958429044179965,0.1055519893837906,0.7385728678827326,85,0.9052066992815534,0.96875,0.15588196660643674,0.1875,1.0,93,0.3631835545365523,0.35265640515765473,0.15980485615742526,0.1055519893837906,0.696470305709022,54,0.7419354838709677,0.08602150537634409,0.3333333333333333,6779,93
fluoride_water,health,54.05263157894737,52.0,7.275336852393124,43.0,74.0,76,-0.13333333333333333,-0.5,3.055790095432707,-5.0,16.0,60,73.69298245614036,36.0,66.89658207771983,13,221,114,29.22669172932331,30.5,10.286861310894162,12.0,53.5,114,0.8968280470893181,1.0,0.13604870304836847,0.6105263157894737,1.0,114,-0.07891666666666666,0.0,0.5702352254768475,-0.9856,0.8253,114,41.5503605977,32.25806451612903,39.78963391195967,0.0,135.2941176470588,114,1.0245254606156862,0.0,6.113513991942545,0.0,45.45454545454545,114,2.5583558421180217,0.0,9.038768811777585,0.0,60.60606060606061,114,0.10592899730637692,0.0,0.801922020206038,0.0,6.756756756756757,114,0.05926979611190138,0.0,0.6328282510687123,0.0,6.756756756756757,114,0.0,0.0,0.0,0.0,0.0,114,4.814337846627094,4.500580356866123,3.603683473485049,0.7073912885341503,16.27439543452613,114,0.13157894736842105,0.0,0.7815704396401107,-2.0,2.0,114,-0.0024524268448116397,0.0,0.00904918177953359,-0.0606060606060606,0.0067567567567567,114,5.9269796111900874e-05,0.0,0.0006328282510687067,0.0,0.0067567567567567,114,0.13745711701044444,0.1183473389355742,0.09161541574600296,0.0,0.5333333333333333,114,0.667657722150966,0.6799217418486893,0.10664343255615968,0.3337390248493208,0.930674230445361,106,0.10384609618467329,0.0669642857142857,0.11739339065642791,0.0,0.5333333333333333,114,0.6975999166695577,0.7115101683491603,0.10909302553807362,0.408361694268003,0.930674230445361,68,0.8625428829895555,0.8816526610644257,0.09161541574600295,0.4666666666666667,1.0,114,0.3323422778490339,0.32007825815131075,0.1066434325561597,0.0693257695546389,0.6662609751506792,106,0.8961539038153267,0.9330357142857143,0.11739339065642793,0.4666666666666667,1.0,114,0.30240008333044227,0.2884898316508397,0.10909302553807358,0.0693257695546389,0.5916383057319969,68,0.6228070175438597,0.03508771929824561,0.3333333333333333,8401,114
food_additives,food,54.47142857142857,53.0,10.096234667010556,30.0,88.0,70,0.24074074074074073,-0.5,6.012362061133539,-10.0,28.0,54,74.0,40.0,64.33745170822118,12,240,105,28.091326530612246,27.0,9.819600489922056,12.0,60.333333333333336,105,0.8962241566395428,0.96,0.12420573705007977,0.5945945945945946,1.0,105,0.2615561904761905,0.4404,0.5713771652641957,-0.9367,0.961,105,33.96755529914251,30.303030303030305,34.501342967906425,0.0,126.4367816091954,105,1.8333906826114148,0.0,6.957046601696071,0.0,38.46153846153846,105,2.0618043426408708,0.0,6.235819530419609,0.0,43.47826086956522,105,0.38635337175806,0.0,2.8517620580967264,0.0,27.77777777777778,105,0.041771094402673355,0.0,0.42802634778444426,0.0,4.385964912280702,105,0.0,0.0,0.0,0.0,0.0,105,4.382091925169693,4.658203629462519,2.994029919291036,0.7099366156330662,12.987870019016746,105,0.0761904761904762,0.0,0.9061248650502153,-3.0,3.0,105,-0.0016754509708828056,0.0,0.006875207040353929,-0.0434782608695652,0.0277777777777777,105,4.177109440267333e-05,0.0,0.0004280263477844442,0.0,0.0043859649122807,105,0.1672461612155899,0.1428571428571428,0.12463381873616915,0.0,0.5769230769230769,105,0.641982691316879,0.6263232558751737,0.12182866099130864,0.4007780439773503,0.9218019352281678,97,0.12035529202301529,0.064516129032258,0.1501673620892888,0.0,0.5769230769230769,105,0.6616697814738111,0.6633054575533464,0.14736506367976834,0.329448311633389,0.9218019352281678,62,0.83275383878441,0.8571428571428572,0.12463381873616917,0.4230769230769231,1.0,105,0.3580173086831209,0.3736767441248263,0.12182866099130865,0.0781980647718322,0.5992219560226497,97,0.8796447079769847,0.935483870967742,0.15016736208928877,0.4230769230769231,1.0,105,0.3383302185261889,0.33669454244665364,0.1473650636797683,0.0781980647718322,0.6705516883666109,62,0.6095238095238096,0.08571428571428572,0.3333333333333333,7770,105
gmo_dangers,food,53.472972972972975,55.0,7.947124875077869,30.0,70.0,74,-0.8275862068965517,-0.5,4.805471775347979,-10.0,10.0,58,77.6036036036036,39.0,68.6554347023505,10,248,111,29.33340483340483,30.33333333333333,10.54691038879534,10.0,60.75,111,0.8951467796272181,0.9545454545454546,0.12763503655105207,0.625,1.0,111,-0.1576189189189189,-0.3313,0.5720318102269732,-0.9615,0.9456,111,47.48661187956751,44.44444444444444,39.971063920163516,0.0,157.89473684210526,111,3.1384052430829557,0.0,10.040524409068869,0.0,50.0,111,2.2614823104016457,0.0,8.847855106802891,0.0,66.66666666666667,111,0.13519690021645228,0.0,0.8150544435609834,0.0,5.154639175257732,111,0.0,0.0,0.0,0.0,0.0,111,0.0,0.0,0.0,0.0,0.0,111,4.197788406248789,4.137148499351227,3.05524438376019,0.6838811749635669,12.071965203261438,111,0.018018018018018018,-0.0,0.632196488184172,-1.0,2.0,111,-0.00212628541018519,0.0,0.008919972171520981,-0.0666666666666666,0.0051546391752577,111,0.0,0.0,0.0,0.0,0.0,111,0.10981542659599902,0.09375,0.0902936116576712,0.0,0.7407407407407407,111,0.6457081163641251,0.6580349817543801,0.11174652509017725,0.3472364565452086,0.94949073658053,103,0.057450795591105934,0.0357142857142857,0.08764486340162317,0.0,0.7407407407407407,111,0.6409824534350563,0.6463377183744241,0.13492638195258652,0.3472364565452086,0.94949073658053,66,0.8901845734040009,0.90625,0.09029361165767118,0.2592592592592593,1.0,111,0.3542918836358749,0.3419650182456198,0.11174652509017727,0.0505092634194699,0.6527635434547914,103,0.942549204408894,0.9642857142857144,0.08764486340162318,0.2592592592592593,1.0,111,0.3590175465649436,0.3536622816255759,0.13492638195258652,0.0505092634194699,0.6527635434547914,66,0.7027027027027027,0.0990990990990991,0.3333333333333333,8614,111
jfk_assassination,history,53.65384615384615,54.0,5.049950296982932,43.0,71.0,78,0.12903225806451613,0.0,3.365611390480078,-12.0,10.0,62,74.06837606837607,36.0,65.44354325198624,13,221,117,29.525722425722424,28.4,9.993024979876115,13.0,67.66666666666667,117,0.9062970549252641,1.0,0.12123204905584804,0.6575342465753424,1.0,117,-0.5748615384615384,-0.7013,0.41641096097695435,-0.9868,0.8468,117,44.003757273989166,33.333333333333336,39.87092221337734,0.0,130.08130081300814,117,0.7582569516958658,0.0,4.572543766030264,0.0,33.333333333333336,117,9.243288203613288,0.0,15.383030888550618,0.0,71.42857142857143,117,0.09069018356944054,0.0,0.6906724431565487,0.0,5.347593582887701,117,0.045705928058869236,0.0,0.49438520162676386,0.0,5.347593582887701,117,0.0,0.0,0.0,0.0,0.0,117,4.984041105269642,4.804418200437518,3.6910483559778893,0.7539316191494055,18.81586462528197,117,0.39316239316239315,0.0,0.8195590168022128,-2.0,4.0,117,-0.009152598020043829,0.0,0.015437877808843991,-0.0714285714285714,0.0053475935828877,117,4.570592805886923e-05,0.0,0.0004943852016267639,0.0,0.0053475935828877,117,0.11237533730827687,0.1,0.09717153030318541,0.0,0.5625,117,0.603120248274006,0.6095061513991648,0.12074051556223343,0.276413941360657,0.8977535191729625,109,0.06646806457534862,0.0,0.10503508834773412,0.0,0.5625,117,0.5763339391587442,0.5701829717311477,0.15594886373732242,0.276413941360657,0.8977535191729625,70,0.8876246626917231,0.9,0.09717153030318544,0.4375,1.0,117,0.396879751725994,0.3904938486008352,0.1207405155622334,0.1022464808270374,0.723586058639343,109,0.9335319354246513,1.0,0.10503508834773412,0.4375,1.0,117,0.42366606084125585,0.42981702826885226,0.1559488637373224,0.1022464808270374,0.723586058639343,70,0.6752136752136753,0.03418803418803419,0.3333333333333333,8666,117
moon_landing_hoax,government,55.62903225806452,55.0,10.137147836607566,30.0,85.0,62,0.021739130434782608,1.0,6.701539227619553,-15.0,33.0,46,76.98924731182795,42.0,61.77879448759376,15,213,93,30.47547363031234,31.0,8.339824060403902,14.0,60.0,93,0.906916102640627,0.9565217391304348,0.10358671023956699,0.6578947368421053,1.0,93,-0.02483548387096774,0.0,0.5941717449791406,-0.9879,0.8875,93,39.23068216667049,30.303030303030305,33.83972106154792,0.0,131.86813186813183,93,0.0,0.0,0.0,0.0,0.0,93,4.03088447868502,0.0,10.067151807898577,0.0,64.51612903225806,93,0.12570456860977344,0.0,0.8535889307257055,0.0,6.134969325153374,93,0.0,0.0,0.0,0.0,0.0,93,0.0,0.0,0.0,0.0,0.0,93,3.358368970064034,3.484920791882714,2.0531250020029987,0.7023667703292688,9.996744547116418,93,0.20430107526881722,0.0,1.0483852986642617,-4.0,6.0,93,-0.00390517991007524,0.0,0.010153845380212667,-0.064516129032258,0.0061349693251533,93,0.0,0.0,0.0,0.0,0.0,93,0.10536762866149267,0.0961538461538461,0.071324218993563,0.0,0.3150684931506849,93,0.5990474418159566,0.621119337688252,0.10917728713944035,0.2925439819054768,0.8788018910807174,85,0.0592933214772173,0.0476190476190476,0.06672999024979924,0.0,0.275,93,0.5908002389401188,0.6213874477847401,0.13328012673983453,0.2500872154678765,0.8788018910807174,54,0.8946323713385073,0.903846153846154,0.07132421899356303,0.6849315068493151,1.0,93,0.40095255818404335,0.378880662311748,0.10917728713944035,0.1211981089192826,0.7074560180945231,85,0.9407066785227826,0.9523809523809524,0.06672999024979927,0.725,1.0,93,0.4091997610598812,0.3786125522152599,0.1332801267398345,0.1211981089192826,0.7499127845321235,54,0.7204301075268817,0.0,0.3333333333333333,7160,93
mrna_vaccine_safety,health,54.54838709677419,52.0,12.100233596654293,25.0,85.0,62,0.21739130434782608,-0.5,5.992265546253069,-10.0,25.0,46,75.63440860215054,42.0,65.33538640141752,13,232,93,29.244982078853045,30.4,10.0548618233125,13.0,62.333333333333336,93,0.8952196428504229,0.9545454545454546,0.12406145830986574,0.6,1.0,93,0.27823655913978496,0.4404,0.5996628271433848,-0.9802,0.9743,93,35.0003522044163,27.027027027027028,35.62409067983172,0.0,114.58333333333331,93,1.3525145933781966,0.0,5.6066543531344974,0.0,37.03703703703704,93,2.1059185818875257,0.0,8.861702549487875,0.0,71.42857142857143,93,0.0,0.0,0.0,0.0,0.0,93,0.0,0.0,0.0,0.0,0.0,93,0.0,0.0,0.0,0.0,0.0,93,4.452585792288683,3.715113171148312,4.059885321925456,0.6486241893886674,19.612456142530725,93,-0.010752688172043012,0.0,0.758926926308713,-3.0,3.0,93,-0.0021059185818875213,0.0,0.00886170254948787,-0.0714285714285714,0.0,93,0.0,0.0,0.0,0.0,0.0,93,0.13189543797640124,0.125,0.08522621209853132,0.0,0.4262295081967213,93,0.6941287836775043,0.7011920155958034,0.12042461332365557,0.3725308280851476,0.8987512033503431,85,0.07544080915128402,0.0571428571428571,0.08638735717230618,0.0,0.3513513513513513,93,0.6733277981084499,0.7224003944558717,0.15358018761536502,0.3696437745251833,0.8987512033503431,54,0.8681045620235986,0.875,0.08522621209853132,0.5737704918032787,1.0,93,0.30587121632249564,0.2988079844041966,0.12042461332365557,0.1012487966496569,0.6274691719148524,85,0.924559190848716,0.9428571428571428,0.08638735717230621,0.6486486486486487,1.0,93,0.3266722018915501,0.2775996055441283,0.15358018761536504,0.1012487966496569,0.6303562254748167,54,0.5913978494623656,0.0967741935483871,0.3333333333333333,7034,93
pearl_harbor,history,53.1,54.0,5.366563145999495,37.0,80.0,80,-0.234375,0.0,4.8427402301288,-10.0,23.0,64,73.85,40.5,63.66464792141698,16,222,120,29.339070767195768,29.916666666666664,8.6763601405038,14.4,50.0,120,0.9139322015673773,0.9857142857142858,0.1095078583525381,0.6440677966101694,1.0,120,-0.58277,-0.7418,0.41541192244677383,-0.9937,0.8079,120,33.17615716150506,25.353016688061615,35.970901437021354,0.0,147.54098360655738,120,3.954485604518668,0.0,11.71683551618042,0.0,58.8235294117647,120,3.668921181361903,0.0,8.539718542465867,0.0,38.46153846153846,120,0.04604051565377532,0.0,0.5043485796548491,0.0,5.524861878453039,120,0.0,0.0,0.0,0.0,0.0,120,0.0,0.0,0.0,0.0,0.0,120,4.372322217867633,4.317536348393685,2.8524747091116156,0.7279354987404004,11.53286269083804,120,0.36666666666666664,0.0,0.8975534752293917,-1.0,4.0,120,-0.0036228806657081203,0.0,0.008574487582105342,-0.0384615384615384,0.005524861878453,120,0.0,0.0,0.0,0.0,0.0,120,0.14091258454230784,0.11269841269841266,0.1162404769164688,0.0,0.6470588235294118,120,0.6196582772051222,0.6252589302018374,0.1143385347691133,0.3657014518176898,0.9147520415674376,112,0.1060447685246929,0.05464216634429395,0.13859970318550144,0.0,0.6470588235294118,120,0.6297864576476527,0.6494363546864346,0.14804404166706744,0.3618169814002942,0.9147520415674376,72,0.8590874154576921,0.8873015873015873,0.11624047691646881,0.3529411764705882,1.0,120,0.3803417227948777,0.3747410697981626,0.1143385347691133,0.0852479584325622,0.6342985481823101,112,0.8939552314753071,0.945357833655706,0.1385997031855014,0.3529411764705882,1.0,120,0.37021354235234727,0.3505636453135653,0.14804404166706747,0.0852479584325622,0.6381830185997057,72,0.55,0.13333333333333333,0.3333333333333333,8862,120
social_media_mind_control,technology,55.5,55.0,8.293897298276985,36.0,75.0,72,0.8571428571428571,-0.5,6.950287296687347,-12.0,27.0,56,74.36111111111111,38.5,61.011789627253606,17,219,108,29.962654320987653,29.7,8.67486697788262,13.0,58.0,108,0.8953551513733063,0.9629629629629628,0.12726589049913622,0.6263736263736264,1.0,108,0.012138888888888888,0.128,0.617523546462916,-0.98,0.9423,108,30.869764783969213,25.64102564102564,33.83057278085639,0.0,115.78947368421052,108,0.34417877495784205,0.0,2.630043658342264,0.0,26.31578947368421,108,2.532021655698469,0.0,6.621277614843945,0.0,40.0,108,0.0,0.0,0.0,0.0,0.0,108,0.0,0.0,0.0,0.0,0.0,108,0.0,0.0,0.0,0.0,0.0,108,4.456349480583871,4.729846542167013,2.9404544585119035,0.7759282488030289,12.132576229991365,108,0.1111111111111111,0.0,0.8789685260473961,-2.0,4.0,108,-0.0025320216556984623,0.0,0.006621277614843937,-0.04,0.0,108,0.0,0.0,0.0,0.0,0.0,108,0.16248827399062934,0.15287244401168448,0.10757272042853594,0.0,0.5238095238095238,108,0.6369811164843179,0.6356383027012575,0.1151349451344824,0.3124475987392107,0.8575635627814935,100,0.11273142018047132,0.042109929078014155,0.1428599967093544,0.0,0.5238095238095238,108,0.6245446516833589,0.6451073463441854,0.1378165313499286,0.2897191618143432,0.8575635627814935,64,0.8375117260093707,0.8471275559883155,0.10757272042853597,0.4761904761904761,1.0,108,0.3630188835156822,0.36436169729874246,0.11513494513448241,0.1424364372185065,0.6875524012607893,100,0.8872685798195287,0.9578900709219859,0.1428599967093544,0.4761904761904761,1.0,108,0.375455348316641,0.35489265365581457,0.13781653134992866,0.1424364372185065,0.7102808381856567,64,0.5462962962962963,0.027777777777777776,0.3333333333333333,8031,108
