debate_id,claim,winner_role,winner_source,winner_confidence_label,n_total_turns,proponent_turns,proponent_confidence_mean,proponent_strong_modality_density_mean,proponent_weak_modality_density_mean,proponent_modality_balance_mean,proponent_polarity_mean,proponent_subjectivity_mean,proponent_word_count_mean,proponent_late_confidence_mean,proponent_late_strong_modality_density_mean,proponent_late_weak_modality_density_mean,proponent_late_modality_balance_mean,opponent_turns,opponent_confidence_mean,opponent_strong_modality_density_mean,opponent_weak_modality_density_mean,opponent_modality_balance_mean,opponent_polarity_mean,opponent_subjectivity_mean,opponent_word_count_mean,opponent_late_confidence_mean,opponent_late_strong_modality_density_mean,opponent_late_weak_modality_density_mean,opponent_late_modality_balance_mean,loser_role,winner_minus_loser_confidence_mean,winner_minus_loser_strong_modality_density_mean,winner_minus_loser_weak_modality_density_mean,winner_minus_loser_modality_balance_mean,winner_minus_loser_polarity_mean,winner_minus_loser_subjectivity_mean,winner_minus_loser_word_count_mean,winner_minus_loser_late_confidence_mean,winner_minus_loser_late_strong_modality_density_mean,winner_minus_loser_late_weak_modality_density_mean,winner_minus_loser_late_modality_balance_mean
debate_3e518862eebb,COVID-19 vaccines contain microchips designed for population tracking and control.,opponent,outcome_summary,high,10,5,60.0,0.0,0.0,0.0,0.1562222222222222,0.4244126984126984,32.4,73.5,0.0,0.0,0.0,5,53.4,0.0,0.005714285714285714,-0.2,0.14541666666666667,0.4592261904761905,38.0,56.0,0.0,0.0,0.0,proponent,-6.600000000000001,0.0,0.005714285714285714,-0.2,-0.01080555555555554,0.0348134920634921,5.600000000000001,-17.5,0.0,0.0,0.0
debate_0cb0c5a9f6b7,Rapid development timelines and limited long-term data make mRNA vaccines fundamentally untrustworthy compared to traditional vaccine methods.,opponent,stance_trajectory,medium,8,4,43.25,0.0,0.0,0.0,0.1875,0.3520833333333333,37.0,38.0,0.0,0.0,0.0,4,53.0,0.0,0.0,0.0,0.03194444444444444,0.48152281746031744,40.25,55.0,0.0,0.0,0.0,proponent,9.75,0.0,0.0,0.0,-0.15555555555555556,0.12943948412698414,3.25,17.0,0.0,0.0,0.0
debate_798f59985e5f,Water fluoridation is a deliberate government program to reduce cognitive function and increase population compliance.,opponent,stance_trajectory,medium,10,5,51.0,0.0,0.0,0.0,0.19916666666666666,0.355,35.6,47.5,0.0,0.0,0.0,5,52.6,0.0,0.0,0.0,0.06,0.6311111111111111,35.4,55.0,0.0,0.0,0.0,proponent,1.6000000000000014,0.0,0.0,0.0,-0.13916666666666666,0.2761111111111111,-0.20000000000000284,7.5,0.0,0.0,0.0
debate_67969f6bb40a,Pharmaceutical companies have suppressed cheap effective cures for cancer and other diseases to maintain profit from expensive treatments.,opponent,stance_trajectory,medium,8,4,53.75,0.005,0.005,0.0,0.1712797619047619,0.5365079365079365,39.75,53.0,0.02,0.02,0.0,4,57.0,0.005434782608695652,0.0,0.25,0.103125,0.55,38.75,63.5,0.0,0.0,0.0,proponent,3.25,0.0004347826086956519,-0.005,0.25,-0.06815476190476191,0.013492063492063555,-1.0,10.5,-0.02,-0.02,0.0
debate_b53ba6d3f5c1,The Apollo moon landings were staged by NASA and the US government to win the Space Race against the Soviet Union.,opponent,stance_trajectory,medium,10,5,56.0,0.0,0.0,0.0,-0.11916666666666667,0.44416666666666665,34.0,56.5,0.0,0.0,0.0,5,52.6,0.0,0.0,0.0,0.3018650793650794,0.5030555555555556,46.0,55.0,0.0,0.0,0.0,proponent,-3.3999999999999986,0.0,0.0,0.0,0.4210317460317461,0.058888888888888935,12.0,-1.5,0.0,0.0,0.0
debate_4f82046a10fd,The 9/11 attacks were orchestrated by elements within the US government to justify wars in the Middle East.,opponent,outcome_summary,high,10,5,51.6,0.0,0.0,0.0,-0.0033333333333333353,0.3760476190476191,36.2,46.5,0.0,0.0,0.0,5,52.6,0.0058823529411764705,0.0,0.2,0.15,0.39861904761904765,36.6,55.0,0.0,0.0,0.0,proponent,1.0,0.0058823529411764705,0.0,0.2,0.15333333333333332,0.022571428571428576,0.3999999999999986,8.5,0.0,0.0,0.0
debate_a358f8b705d7,An unelected 'deep state' of bureaucrats and intelligence agencies actually controls government policy regardless of elected officials.,opponent,stance_trajectory,medium,10,5,49.2,0.0,0.0,0.0,-0.012040816326530607,0.27755102040816326,37.2,45.5,0.0,0.0,0.0,5,57.4,0.0,0.0,0.0,0.06427777777777778,0.4885,36.2,65.5,0.0,0.0,0.0,proponent,8.199999999999996,0.0,0.0,0.0,0.07631859410430838,0.21094897959183673,-1.0,20.0,0.0,0.0,0.0
debate_f64f31bd0f6b,Electronic voting machines are designed to enable manipulation of election results by powerful elites.,opponent,stance_trajectory,medium,10,5,49.8,0.0,0.00625,-0.2,-0.07699999999999999,0.35878571428571426,37.6,45.0,0.0,0.015625,-0.5,5,52.0,0.0,0.00425531914893617,-0.2,0.12365079365079365,0.6273015873015872,40.8,52.5,0.0,0.0,0.0,proponent,2.200000000000003,0.0,-0.00199468085106383,0.0,0.20065079365079364,0.268515873015873,3.1999999999999957,7.5,0.0,-0.015625,0.5
debate_6304380cb0ef,5G wireless networks cause serious health problems including immune system damage and are being deployed despite known dangers.,opponent,stance_trajectory,medium,8,4,43.5,0.0,0.00641025641025641,-0.25,0.14592261904761905,0.4263293650793651,35.25,37.0,0.0,0.0,0.0,4,52.25,0.0,0.0,0.0,-0.09166666666666667,0.37499999999999994,38.75,54.0,0.0,0.0,0.0,proponent,8.75,0.0,-0.00641025641025641,0.25,-0.23758928571428573,-0.05132936507936514,3.5,17.0,0.0,0.0,0.0
debate_576edd5242ad,Social media platforms use sophisticated algorithms to deliberately manipulate user psychology and political beliefs for profit and control.,,,low,10,5,44.0,0.0,0.0,0.0,0.14066666666666666,0.38769047619047614,40.0,39.5,0.0,0.0,0.0,5,54.0,0.005263157894736842,0.0,0.2,0.08833333333333333,0.4133333333333333,38.8,57.0,0.0,0.0,0.0,,,,,,,,,,,,
debate_d44fae6b733e,AI-powered surveillance systems are being deployed globally as part of a coordinated plan for total population monitoring and control.,opponent,stance_trajectory,medium,10,5,46.4,0.0,0.0,0.0,0.11562121212121212,0.31901515151515153,37.4,40.0,0.0,0.0,0.0,5,55.0,0.005,0.0,0.2,-0.05166666666666666,0.5770833333333333,36.6,59.5,0.0,0.0,0.0,proponent,8.600000000000001,0.005,0.0,0.2,-0.1672878787878788,0.25806818181818175,-0.7999999999999972,19.5,0.0,0.0,0.0
debate_ed50fc02ae17,Climate change is a manufactured crisis promoted by global elites to justify increased taxation and control over populations.,opponent,stance_trajectory,medium,8,4,52.25,0.0,0.0,0.0,0.1930059523809524,0.4257440476190476,38.75,49.0,0.0,0.0,0.0,4,57.0,0.007142857142857143,0.0,0.25,0.04797619047619049,0.37279761904761904,37.75,63.5,0.014285714285714285,0.0,0.5,proponent,4.75,0.007142857142857143,0.0,0.25,-0.1450297619047619,-0.05294642857142856,-1.0,14.5,0.014285714285714285,0.0,0.5
debate_502129d2106d,Commercial aircraft deliberately release chemical or biological agents (chemtrails) as part of secret atmospheric modification programs.,opponent,stance_trajectory,medium,10,5,55.4,0.0058823529411764705,0.0058823529411764705,0.0,0.05755555555555556,0.32001587301587303,36.8,54.0,0.0,0.0,0.0,5,50.0,0.0,0.0,0.0,-0.007999999999999998,0.27975000000000005,34.2,51.5,0.0,0.0,0.0,proponent,-5.399999999999999,-0.0058823529411764705,-0.0058823529411764705,0.0,-0.06555555555555556,-0.04026587301587298,-2.5999999999999943,-2.5,0.0,0.0,0.0
debate_d161d827de8e,The Earth is actually flat and space agencies worldwide are involved in a massive coordinated deception about its spherical shape.,opponent,stance_trajectory,medium,10,5,56.2,0.0,0.0,0.0,0.01883333333333334,0.41292460317460317,35.4,56.5,0.0,0.0,0.0,5,53.0,0.0,0.0,0.0,0.026388888888888885,0.4642857142857143,37.0,55.5,0.0,0.0,0.0,proponent,-3.200000000000003,0.0,0.0,0.0,0.0075555555555555445,0.051361111111111135,1.6000000000000014,-1.0,0.0,0.0,0.0
debate_c06bb9f037d3,The Federal Reserve is a private cartel of banks that manipulates the economy for the benefit of wealthy elites at the expense of ordinary citizens.,,,low,10,5,49.2,0.0,0.004878048780487805,-0.2,0.015619047619047621,0.4178333333333333,41.6,47.0,0.0,0.012195121951219513,-0.5,5,51.4,0.0,0.0047619047619047615,-0.2,0.06639880952380953,0.4867261904761905,41.4,51.5,0.0,0.0,0.0,,,,,,,,,,,,
debate_79273602c10e,Central bank digital currencies are designed to enable total government control over personal finances and eliminate financial privacy.,opponent,stance_trajectory,medium,8,4,52.0,0.0,0.0,0.0,0.05659722222222222,0.2375,29.75,48.0,0.0,0.0,0.0,4,63.25,0.0,0.0,0.0,0.011458333333333334,0.5041666666666667,40.25,69.0,0.0,0.0,0.0,proponent,11.25,0.0,0.0,0.0,-0.04513888888888889,0.26666666666666666,10.5,21.0,0.0,0.0,0.0
debate_33534c61d8b9,"President Kennedy was assassinated by a conspiracy involving elements of the US government, not by a lone gunman.",opponent,stance_trajectory,medium,10,5,57.0,0.01146589259796807,0.0037735849056603774,0.2,0.014777777777777787,0.4648888888888889,41.4,61.0,0.009433962264150943,0.009433962264150943,0.0,5,50.0,0.010476190476190476,0.0,0.4,0.0617777777777778,0.43522222222222223,39.4,49.5,0.026190476190476188,0.0,1.0,proponent,-7.0,-0.0009897021217775935,-0.0037735849056603774,0.2,0.047000000000000014,-0.029666666666666675,-2.0,-11.5,0.016756513926325246,-0.009433962264150943,1.0
debate_aad3e66674c7,The US government had advance knowledge of the Pearl Harbor attack but allowed it to happen to justify entering World War II.,opponent,stance_trajectory,medium,10,5,53.8,0.0,0.0,0.0,-0.053750000000000006,0.6607936507936507,40.0,52.5,0.0,0.0,0.0,5,51.2,0.0,0.00425531914893617,-0.2,0.13933333333333336,0.3893333333333333,41.0,53.0,0.0,0.0,0.0,proponent,-2.5999999999999943,0.0,0.00425531914893617,-0.2,0.19308333333333338,-0.2714603174603174,1.0,0.5,0.0,0.0,0.0
debate_1cf7e2de330b,GMO foods are deliberately designed to cause health problems and increase dependence on corporate agriculture.,opponent,stance_trajectory,medium,10,5,50.2,0.004347826086956522,0.004347826086956522,0.0,0.004500000000000004,0.3625238095238095,40.2,47.0,0.010869565217391304,0.010869565217391304,0.0,5,54.0,0.0,0.0,0.0,0.11749999999999998,0.5370833333333334,37.2,57.5,0.0,0.0,0.0,proponent,3.799999999999997,-0.004347826086956522,-0.004347826086956522,0.0,0.11299999999999998,0.17455952380952383,-3.0,10.5,-0.010869565217391304,-0.010869565217391304,0.0
debate_8fb6cafbdcd6,Food additives approved by regulatory agencies are intentionally harmful and designed to create chronic diseases that benefit the medical industry.,opponent,stance_trajectory,medium,10,5,48.0,0.0,0.0058823529411764705,-0.2,-0.022999999999999993,0.35,36.4,43.5,0.0,0.0,0.0,5,51.4,0.006896551724137931,0.0,0.2,0.006666666666666673,0.38666666666666666,30.2,51.0,0.0,0.0,0.0,proponent,3.3999999999999986,0.006896551724137931,-0.0058823529411764705,0.4,0.029666666666666668,0.03666666666666668,-6.199999999999999,7.5,0.0,0.0,0.0
debate_d415f549d34b,COVID-19 vaccines contain microchips designed for population tracking and control.,,,low,8,4,51.25,0.0,0.0,0.0,0.125,0.17797619047619048,21.75,40.0,0.0,0.0,0.0,4,83.75,0.0,0.0,0.0,-0.02375,0.18416666666666665,28.75,87.5,0.0,0.0,0.0,,,,,,,,,,,,
debate_3b1890e656da,Rapid development timelines and limited long-term data make mRNA vaccines fundamentally untrustworthy compared to traditional vaccine methods.,,,low,10,5,52.6,0.0,0.0,0.0,0.0,0.0,13.4,50.5,0.0,0.0,0.0,5,73.6,0.007272727272727273,0.007272727272727273,0.0,0.04208333333333333,0.5504166666666667,54.6,76.0,0.0,0.0,0.0,,,,,,,,,,,,
debate_f5eb4e77cb28,Water fluoridation is a deliberate government program to reduce cognitive function and increase population compliance.,,,low,10,5,52.4,0.0,0.0,0.0,-0.019999999999999993,0.21222222222222223,15.0,50.0,0.0,0.0,0.0,5,72.2,0.0,0.0,0.0,0.013333333333333332,0.06666666666666667,18.0,73.5,0.0,0.0,0.0,,,,,,,,,,,,
debate_ed3bc38e5c93,Pharmaceutical companies have suppressed cheap effective cures for cancer and other diseases to maintain profit from expensive treatments.,,,low,10,5,53.6,0.0,0.0,0.0,-0.10416666666666666,0.6625,18.6,52.0,0.0,0.0,0.0,5,55.2,0.0,0.0,0.0,0.13999999999999999,0.38,32.2,55.5,0.0,0.0,0.0,,,,,,,,,,,,
debate_f95e75cece4e,The Apollo moon landings were staged by NASA and the US government to win the Space Race against the Soviet Union.,opponent,stance_trajectory,medium,6,3,45.0,0.0,0.0,0.0,0.3444444444444445,0.5666666666666665,25.666666666666668,35.0,0.0,0.0,0.0,3,82.0,0.0,0.011494252873563218,-0.6666666666666666,0.10000000000000002,0.33777777777777773,38.666666666666664,84.0,0.0,0.0,0.0,proponent,37.0,0.0,0.011494252873563218,-0.6666666666666666,-0.24444444444444446,-0.2288888888888888,12.999999999999996,49.0,0.0,0.0,0.0
debate_1e95efa8ad4e,The 9/11 attacks were orchestrated by elements within the US government to justify wars in the Middle East.,opponent,stance_trajectory,medium,8,4,45.5,0.0,0.0,0.0,-0.10833333333333335,0.1875,19.0,43.0,0.0,0.0,0.0,4,59.75,0.0,0.0,0.0,-0.30000000000000004,0.6375000000000001,25.5,62.0,0.0,0.0,0.0,proponent,14.25,0.0,0.0,0.0,-0.1916666666666667,0.45000000000000007,6.5,19.0,0.0,0.0,0.0
debate_5398ee2842ca,An unelected 'deep state' of bureaucrats and intelligence agencies actually controls government policy regardless of elected officials.,,,low,10,5,51.2,0.0,0.0,0.0,0.125,0.325,23.4,47.5,0.0,0.0,0.0,5,56.6,0.0,0.0,0.0,0.0,0.4,16.8,58.0,0.0,0.0,0.0,,,,,,,,,,,,
debate_f7e5524a4def,Electronic voting machines are designed to enable manipulation of election results by powerful elites.,,,low,10,5,63.2,0.0,0.020050125313283207,-0.4,0.12277777777777779,0.6972222222222222,23.6,63.0,0.0,0.02631578947368421,-0.5,5,62.2,0.0,0.0125,-0.4,0.07766666666666666,0.34266666666666673,33.2,67.0,0.0,0.03125,-1.0,,,,,,,,,,,,
debate_95440f57ea16,5G wireless networks cause serious health problems including immune system damage and are being deployed despite known dangers.,,,low,8,4,58.75,0.0,0.0,0.0,-0.03125,0.13125,18.75,45.0,0.0,0.0,0.0,4,62.5,0.0,0.013157894736842105,-0.75,0.17434726731601732,0.37892541486291487,52.0,67.5,0.0,0.017543859649122806,-1.0,,,,,,,,,,,,
debate_e992c771e231,Social media platforms use sophisticated algorithms to deliberately manipulate user psychology and political beliefs for profit and control.,opponent,stance_trajectory,medium,10,5,52.2,0.01111111111111111,0.0,0.2,-0.021666666666666667,0.17736111111111114,21.0,49.5,0.027777777777777776,0.0,0.5,5,56.0,0.0,0.0058823529411764705,-0.2,0.09022222222222223,0.2457777777777778,31.6,56.5,0.0,0.0,0.0,proponent,3.799999999999997,-0.01111111111111111,0.0058823529411764705,-0.4,0.1118888888888889,0.06841666666666665,10.600000000000001,7.0,-0.027777777777777776,0.0,-0.5
debate_5c6d51061241,AI-powered surveillance systems are being deployed globally as part of a coordinated plan for total population monitoring and control.,,,low,10,5,61.6,0.0,0.0,0.0,-0.009374999999999998,0.3733333333333333,23.0,60.0,0.0,0.0,0.0,5,59.8,0.0,0.0,0.0,-0.03888888888888888,0.4261111111111111,24.4,63.5,0.0,0.0,0.0,,,,,,,,,,,,
debate_418d6dc9001e,Climate change is a manufactured crisis promoted by global elites to justify increased taxation and control over populations.,opponent,stance_trajectory,medium,6,3,45.0,0.0,0.017543859649122806,-0.3333333333333333,0.011111111111111112,0.08888888888888889,19.0,35.0,0.0,0.0,0.0,3,81.33333333333333,0.0,0.013071895424836602,-0.6666666666666666,0.013333333333333336,0.21,49.666666666666664,82.0,0.0,0.0196078431372549,-1.0,proponent,36.33333333333333,0.0,-0.004471964224286204,-0.3333333333333333,0.0022222222222222244,0.1211111111111111,30.666666666666664,47.0,0.0,0.0196078431372549,-1.0
debate_dee8e0725cb2,Commercial aircraft deliberately release chemical or biological agents (chemtrails) as part of secret atmospheric modification programs.,,,low,8,4,42.5,0.0,0.0,0.0,-0.13177083333333334,0.2598958333333333,14.5,30.0,0.0,0.0,0.0,4,85.0,0.0,0.0,0.0,-0.13333333333333333,0.2333333333333333,22.25,87.5,0.0,0.0,0.0,,,,,,,,,,,,
debate_b74029a3c955,The Earth is actually flat and space agencies worldwide are involved in a massive coordinated deception about its spherical shape.,,,low,8,4,37.25,0.0,0.0,0.0,0.004166666666666662,0.3145833333333333,17.25,29.0,0.0,0.0,0.0,4,82.5,0.0,0.0,0.0,0.08020833333333334,0.34756944444444443,32.75,85.0,0.0,0.0,0.0,,,,,,,,,,,,
debate_db9e8723270f,The Federal Reserve is a private cartel of banks that manipulates the economy for the benefit of wealthy elites at the expense of ordinary citizens.,,,low,10,5,54.4,0.0,0.0,0.0,0.10928571428571428,0.45392857142857135,14.2,50.0,0.0,0.0,0.0,5,64.6,0.0,0.0,0.0,0.09880952380952382,0.3357142857142857,17.2,70.5,0.0,0.0,0.0,,,,,,,,,,,,
debate_e1755a486e66,Central bank digital currencies are designed to enable total government control over personal finances and eliminate financial privacy.,,,low,8,4,45.0,0.0,0.0,0.0,0.0,0.18333333333333335,17.0,30.0,0.0,0.0,0.0,4,65.0,0.0,0.07894736842105263,-3.0,0.0,0.334375,38.0,70.0,0.0,0.07894736842105263,-3.0,,,,,,,,,,,,
debate_504a28b69553,"President Kennedy was assassinated by a conspiracy involving elements of the US government, not by a lone gunman.",opponent,stance_trajectory,medium,10,5,58.8,0.0,0.0,0.0,0.025,0.025,16.8,59.5,0.0,0.0,0.0,5,59.0,0.0,0.0,0.0,0.38,0.38,20.6,60.0,0.0,0.0,0.0,proponent,0.20000000000000284,0.0,0.0,0.0,0.355,0.355,3.8000000000000007,0.5,0.0,0.0,0.0
debate_42029a9806f4,The US government had advance knowledge of the Pearl Harbor attack but allowed it to happen to justify entering World War II.,opponent,stance_trajectory,medium,10,5,53.2,0.0,0.0,0.0,0.10333333333333335,0.25,21.6,51.5,0.0,0.0,0.0,5,60.8,0.0,0.0,0.0,0.0075000000000000015,0.06000000000000001,19.0,68.5,0.0,0.0,0.0,proponent,7.599999999999994,0.0,0.0,0.0,-0.09583333333333334,-0.19,-2.6000000000000014,17.0,0.0,0.0,0.0
debate_135788fcda43,GMO foods are deliberately designed to cause health problems and increase dependence on corporate agriculture.,opponent,stance_trajectory,medium,8,4,45.0,0.0,0.0,0.0,0.0,0.05,21.75,30.0,0.0,0.0,0.0,4,63.75,0.0,0.005952380952380952,-0.25,-0.025729166666666664,0.303125,34.25,70.0,0.0,0.011904761904761904,-0.5,proponent,18.75,0.0,0.005952380952380952,-0.25,-0.025729166666666664,0.253125,12.5,40.0,0.0,0.011904761904761904,-0.5
debate_01f3270439c2,Food additives approved by regulatory agencies are intentionally harmful and designed to create chronic diseases that benefit the medical industry.,opponent,stance_trajectory,medium,8,4,41.25,0.0,0.0,0.0,-0.1388888888888889,0.24166666666666664,16.25,30.0,0.0,0.0,0.0,4,76.25,0.0,0.011133102424542306,-0.5,-0.020833333333333346,0.30486111111111114,41.75,80.0,0.0,0.010638297872340425,-0.5,proponent,35.0,0.0,0.011133102424542306,-0.5,0.11805555555555555,0.0631944444444445,25.5,50.0,0.0,0.010638297872340425,-0.5
debate_63038aad07e7,COVID-19 vaccines contain microchips designed for population tracking and control.,,,low,2,1,55.0,0.0,0.0,0.0,0.3,0.48333333333333334,24.0,,,,,1,80.0,0.0,0.0,0.0,0.0,0.0,18.0,80.0,0.0,0.0,0.0,,,,,,,,,,,,
debate_72da926c7dce,Rapid development timelines and limited long-term data make mRNA vaccines fundamentally untrustworthy compared to traditional vaccine methods.,,,low,2,1,55.0,0.0,0.0,0.0,0.0,0.0,15.0,,,,,1,75.0,0.0,0.024390243902439025,-1.0,0.21666666666666667,0.8666666666666667,41.0,75.0,0.0,0.024390243902439025,-1.0,,,,,,,,,,,,
debate_98b823af1cb8,Water fluoridation is a deliberate government program to reduce cognitive function and increase population compliance.,opponent,stance_trajectory,medium,6,3,52.0,0.0,0.0,0.0,-0.018518518518518517,0.1777777777777778,17.666666666666668,49.0,0.0,0.0,0.0,3,72.0,0.0,0.0,0.0,0.0,0.0,20.0,74.0,0.0,0.0,0.0,proponent,20.0,0.0,0.0,0.0,0.018518518518518517,-0.1777777777777778,2.333333333333332,25.0,0.0,0.0,0.0
debate_5ff0c630f642,Pharmaceutical companies have suppressed cheap effective cures for cancer and other diseases to maintain profit from expensive treatments.,opponent,stance_trajectory,medium,10,5,51.0,0.008467023172905526,0.004545454545454545,0.2,0.08638888888888888,0.5625925925925926,34.2,48.0,0.021167557932263815,0.011363636363636364,0.5,5,57.8,0.0,0.004081632653061224,-0.2,0.0344047619047619,0.3801190476190476,37.2,60.5,0.0,0.0,0.0,proponent,6.799999999999997,-0.008467023172905526,-0.00046382189239332124,-0.4,-0.05198412698412697,-0.18247354497354507,3.0,12.5,-0.021167557932263815,-0.011363636363636364,-0.5
debate_5a66cafb4be5,The Apollo moon landings were staged by NASA and the US government to win the Space Race against the Soviet Union.,opponent,stance_trajectory,medium,4,2,54.0,0.0,0.0,0.0,0.65,0.7,22.0,53.0,0.0,0.0,0.0,2,75.5,0.0,0.0,0.0,0.28409090909090906,0.425,43.0,76.0,0.0,0.0,0.0,proponent,21.5,0.0,0.0,0.0,-0.36590909090909096,-0.27499999999999997,21.0,23.0,0.0,0.0,0.0
debate_137181fe310e,The 9/11 attacks were orchestrated by elements within the US government to justify wars in the Middle East.,opponent,outcome_summary,high,2,1,55.0,0.0,0.0,0.0,0.0,0.0,10.0,,,,,1,80.0,0.0,0.0,0.0,-0.175,0.575,33.0,80.0,0.0,0.0,0.0,proponent,25.0,0.0,0.0,0.0,-0.175,0.575,23.0,,,,
debate_2eb61e46e0a2,An unelected 'deep state' of bureaucrats and intelligence agencies actually controls government policy regardless of elected officials.,opponent,stance_trajectory,medium,10,5,66.6,0.0,0.0,0.0,0.13666666666666666,0.31666666666666665,24.4,65.5,0.0,0.0,0.0,5,57.6,0.0,0.0,0.0,0.14333333333333334,0.2991666666666667,39.6,60.0,0.0,0.0,0.0,proponent,-8.999999999999993,0.0,0.0,0.0,0.006666666666666682,-0.01749999999999996,15.200000000000003,-5.5,0.0,0.0,0.0
debate_a11cb409ac4c,Electronic voting machines are designed to enable manipulation of election results by powerful elites.,opponent,stance_trajectory,medium,6,3,52.0,0.0,0.0,0.0,0.05833333333333333,0.7916666666666666,15.0,49.0,0.0,0.0,0.0,3,72.0,0.0,0.058263305322128846,-2.0,0.04444444444444442,0.837037037037037,34.333333333333336,74.0,0.0,0.058823529411764705,-2.0,proponent,20.0,0.0,0.058263305322128846,-2.0,-0.013888888888888909,0.045370370370370394,19.333333333333336,25.0,0.0,0.058823529411764705,-2.0
debate_37cdc29ae9fc,5G wireless networks cause serious health problems including immune system damage and are being deployed despite known dangers.,opponent,stance_trajectory,medium,10,5,49.8,0.0,0.0,0.0,-0.06333333333333332,0.5877777777777778,17.2,45.5,0.0,0.0,0.0,5,63.2,0.023076923076923078,0.0,0.6,0.02424242424242424,0.6640303030303031,33.0,66.0,0.038461538461538464,0.0,1.0,proponent,13.400000000000006,0.023076923076923078,0.0,0.6,0.08757575757575756,0.07625252525252524,15.8,20.5,0.038461538461538464,0.0,1.0
debate_3b4a31685943,Social media platforms use sophisticated algorithms to deliberately manipulate user psychology and political beliefs for profit and control.,opponent,stance_trajectory,medium,10,5,50.8,0.0,0.0,0.0,0.015555555555555553,0.1377777777777778,20.2,47.5,0.0,0.0,0.0,5,57.2,0.0,0.00625,-0.2,0.0998125,0.456375,27.0,59.0,0.0,0.0,0.0,proponent,6.400000000000006,0.0,0.00625,-0.2,0.08425694444444444,0.3185972222222222,6.800000000000001,11.5,0.0,0.0,0.0
debate_b16a7390817c,AI-powered surveillance systems are being deployed globally as part of a coordinated plan for total population monitoring and control.,opponent,stance_trajectory,medium,10,5,49.8,0.0,0.013333333333333332,-0.2,0.01666666666666667,0.35416666666666663,20.0,45.5,0.0,0.0,0.0,5,58.2,0.0,0.03809523809523809,-0.8,-0.03333333333333333,0.4333333333333333,21.2,61.0,0.0,0.047619047619047616,-1.0,proponent,8.400000000000006,0.0,0.02476190476190476,-0.6000000000000001,-0.05,0.07916666666666666,1.1999999999999993,15.5,0.0,0.047619047619047616,-1.0
debate_797dec0f0518,Climate change is a manufactured crisis promoted by global elites to justify increased taxation and control over populations.,opponent,stance_trajectory,medium,6,3,52.333333333333336,0.0,0.0,0.0,0.033333333333333326,0.5333333333333333,15.666666666666666,50.0,0.0,0.0,0.0,3,71.66666666666667,0.0,0.0,0.0,0.125,0.375,26.666666666666668,73.0,0.0,0.0,0.0,proponent,19.333333333333336,0.0,0.0,0.0,0.09166666666666667,-0.15833333333333333,11.000000000000002,23.0,0.0,0.0,0.0
debate_c7530d3a60a2,Commercial aircraft deliberately release chemical or biological agents (chemtrails) as part of secret atmospheric modification programs.,,,low,2,1,55.0,0.0,0.0,0.0,-0.13333333333333333,0.2333333333333333,19.0,,,,,1,80.0,0.0,0.0,0.0,-0.13333333333333333,0.2333333333333333,24.0,80.0,0.0,0.0,0.0,,,,,,,,,,,,
debate_96e2e646164a,The Earth is actually flat and space agencies worldwide are involved in a massive coordinated deception about its spherical shape.,,,low,2,1,55.0,0.0,0.0,0.0,0.175,0.825,16.0,,,,,1,75.0,0.0,0.0,0.0,0.25,1.0,40.0,75.0,0.0,0.0,0.0,,,,,,,,,,,,
debate_262c8c6d3b78,The Federal Reserve is a private cartel of banks that manipulates the economy for the benefit of wealthy elites at the expense of ordinary citizens.,opponent,stance_trajectory,medium,8,4,51.5,0.0,0.0,0.0,0.04375,0.32395833333333335,18.75,48.0,0.0,0.0,0.0,4,60.75,0.0,0.0,0.0,0.05,0.31166666666666665,25.0,65.0,0.0,0.0,0.0,proponent,9.25,0.0,0.0,0.0,0.0062500000000000056,-0.0122916666666667,6.25,17.0,0.0,0.0,0.0
debate_d52c39ee6f00,Central bank digital currencies are designed to enable total government control over personal finances and eliminate financial privacy.,opponent,stance_trajectory,medium,6,3,52.0,0.0,0.0,0.0,-0.01875,0.24708333333333332,20.666666666666668,49.0,0.0,0.0,0.0,3,72.0,0.0,0.011111111111111112,-0.3333333333333333,0.0,0.2922619047619048,30.333333333333332,74.0,0.0,0.0,0.0,proponent,20.0,0.0,0.011111111111111112,-0.3333333333333333,0.01875,0.04517857142857146,9.666666666666664,25.0,0.0,0.0,0.0
debate_81d564098674,"President Kennedy was assassinated by a conspiracy involving elements of the US government, not by a lone gunman.",opponent,stance_trajectory,medium,10,5,52.2,0.0,0.0,0.0,0.19,0.65,19.4,50.0,0.0,0.0,0.0,5,57.4,0.0,0.0,0.0,0.08,0.08,28.8,59.5,0.0,0.0,0.0,proponent,5.199999999999996,0.0,0.0,0.0,-0.11,-0.5700000000000001,9.400000000000002,9.5,0.0,0.0,0.0
debate_cd5fadf14c99,The US government had advance knowledge of the Pearl Harbor attack but allowed it to happen to justify entering World War II.,opponent,stance_trajectory,medium,10,5,54.4,0.0,0.0,0.0,0.02333333333333333,0.6566666666666666,21.2,55.0,0.0,0.0,0.0,5,58.0,0.0,0.0,0.0,0.07999999999999999,0.33,29.8,60.5,0.0,0.0,0.0,proponent,3.6000000000000014,0.0,0.0,0.0,0.05666666666666666,-0.3266666666666666,8.600000000000001,5.5,0.0,0.0,0.0
debate_2eb3e932ee2b,GMO foods are deliberately designed to cause health problems and increase dependence on corporate agriculture.,opponent,stance_trajectory,medium,10,5,50.8,0.0,0.0,0.0,-0.24666666666666667,0.4444444444444445,19.4,47.5,0.0,0.0,0.0,5,58.0,0.0,0.0,0.0,-0.025,0.2458333333333333,21.2,61.0,0.0,0.0,0.0,proponent,7.200000000000003,0.0,0.0,0.0,0.22166666666666668,-0.19861111111111118,1.8000000000000007,13.5,0.0,0.0,0.0
debate_0bbe4122a070,Food additives approved by regulatory agencies are intentionally harmful and designed to create chronic diseases that benefit the medical industry.,opponent,stance_trajectory,medium,10,5,52.6,0.0,0.025555555555555554,-0.8,0.02,0.16999999999999998,27.0,50.5,0.0,0.043055555555555555,-1.5,5,57.8,0.0,0.009326974032856386,-0.4,0.0,0.4383333333333333,42.6,60.0,0.0,0.00980392156862745,-0.5,proponent,5.199999999999996,0.0,-0.016228581522699168,0.4,-0.02,0.2683333333333333,15.600000000000001,9.5,0.0,-0.033251633986928104,1.0
debate_4ae475f08a00,COVID-19 vaccines contain microchips designed for population tracking and control.,opponent,stance_trajectory,medium,10,5,52.4,0.0,0.0,0.0,0.04309523809523809,0.5033333333333333,33.4,50.0,0.0,0.0,0.0,5,52.4,0.0,0.0,0.0,0.12349999999999998,0.5986666666666667,38.4,53.5,0.0,0.0,0.0,proponent,0.0,0.0,0.0,0.0,0.0804047619047619,0.09533333333333338,5.0,3.5,0.0,0.0,0.0
debate_6839fbe589d0,Rapid development timelines and limited long-term data make mRNA vaccines fundamentally untrustworthy compared to traditional vaccine methods.,opponent,stance_trajectory,medium,10,5,46.4,0.0,0.0,0.0,0.05333333333333333,0.4845555555555555,43.2,44.5,0.0,0.0,0.0,5,55.0,0.0,0.0,0.0,0.03226190476190477,0.37374999999999997,38.2,59.0,0.0,0.0,0.0,proponent,8.600000000000001,0.0,0.0,0.0,-0.02107142857142856,-0.11080555555555555,-5.0,14.5,0.0,0.0,0.0
debate_f539806061c5,Water fluoridation is a deliberate government program to reduce cognitive function and increase population compliance.,,,low,10,5,46.4,0.0,0.0,0.0,-0.029333333333333333,0.2518888888888889,37.6,44.5,0.0,0.0,0.0,5,54.4,0.0,0.0,0.0,0.05116666666666667,0.35963888888888884,42.4,59.0,0.0,0.0,0.0,,,,,,,,,,,,
debate_0825efa7c959,Pharmaceutical companies have suppressed cheap effective cures for cancer and other diseases to maintain profit from expensive treatments.,,,low,8,4,42.5,0.0,0.0,0.0,0.1559090909090909,0.5565151515151515,36.75,30.0,0.0,0.0,0.0,4,57.5,0.00625,0.0,0.25,0.12265277777777778,0.6108541666666667,39.0,62.5,0.0,0.0,0.0,,,,,,,,,,,,
debate_7d014e93f9b3,The Apollo moon landings were staged by NASA and the US government to win the Space Race against the Soviet Union.,opponent,stance_trajectory,medium,6,3,41.666666666666664,0.0,0.0,0.0,-0.19166666666666665,0.6083333333333333,32.666666666666664,30.0,0.0,0.0,0.0,3,55.0,0.007407407407407408,0.0,0.3333333333333333,0.09888888888888887,0.49541666666666667,40.333333333333336,60.0,0.0,0.0,0.0,proponent,13.333333333333336,0.007407407407407408,0.0,0.3333333333333333,0.2905555555555555,-0.11291666666666661,7.666666666666671,30.0,0.0,0.0,0.0
debate_273559930778,The 9/11 attacks were orchestrated by elements within the US government to justify wars in the Middle East.,opponent,stance_trajectory,medium,6,3,45.0,0.0,0.0,0.0,0.047619047619047616,0.41964285714285715,36.0,35.0,0.0,0.0,0.0,3,60.0,0.0,0.0,0.0,0.18499999999999997,0.5891666666666667,42.666666666666664,70.0,0.0,0.0,0.0,proponent,15.0,0.0,0.0,0.0,0.13738095238095235,0.16952380952380958,6.666666666666664,35.0,0.0,0.0,0.0
debate_81e1dd1526fa,An unelected 'deep state' of bureaucrats and intelligence agencies actually controls government policy regardless of elected officials.,,,low,10,5,42.4,0.0,0.0,0.0,0.037023809523809514,0.38059523809523804,33.6,37.0,0.0,0.0,0.0,5,54.6,0.007407407407407407,0.0,0.2,0.0075000000000000015,0.4825000000000001,29.4,60.0,0.0,0.0,0.0,,,,,,,,,,,,
debate_107a323ced1b,Electronic voting machines are designed to enable manipulation of election results by powerful elites.,opponent,stance_trajectory,medium,10,5,66.0,0.0,0.0,0.0,0.1196904761904762,0.38461904761904764,32.6,72.5,0.0,0.0,0.0,5,50.0,0.0,0.0,0.0,0.12092063492063491,0.48915873015873024,39.6,52.5,0.0,0.0,0.0,proponent,-16.0,0.0,0.0,0.0,0.0012301587301587202,0.1045396825396826,7.0,-20.0,0.0,0.0,0.0
debate_fea6b63ccc76,5G wireless networks cause serious health problems including immune system damage and are being deployed despite known dangers.,,,low,6,3,48.333333333333336,0.009259259259259259,0.009259259259259259,0.0,0.07361111111111113,0.39087301587301587,35.0,40.0,0.027777777777777776,0.027777777777777776,0.0,3,61.666666666666664,0.0,0.0,0.0,0.04444444444444445,0.49259259259259264,38.0,85.0,0.0,0.0,0.0,,,,,,,,,,,,
debate_3eca592f1833,Social media platforms use sophisticated algorithms to deliberately manipulate user psychology and political beliefs for profit and control.,,,low,8,4,51.25,0.006578947368421052,0.006578947368421052,0.0,0.11376984126984126,0.34813492063492063,40.75,40.0,0.0,0.0,0.0,4,57.5,0.0,0.0,0.0,-0.05,0.22976190476190478,33.75,65.0,0.0,0.0,0.0,,,,,,,,,,,,
debate_e4a2baa3fb89,AI-powered surveillance systems are being deployed globally as part of a coordinated plan for total population monitoring and control.,opponent,stance_trajectory,medium,6,3,44.666666666666664,0.0,0.0,0.0,0.12708333333333333,0.24722222222222223,34.0,39.0,0.0,0.0,0.0,3,51.666666666666664,0.0,0.0,0.0,0.32,0.5172222222222222,33.0,55.0,0.0,0.0,0.0,proponent,7.0,0.0,0.0,0.0,0.19291666666666668,0.27,-1.0,16.0,0.0,0.0,0.0
debate_6e3d74abc510,Climate change is a manufactured crisis promoted by global elites to justify increased taxation and control over populations.,,,low,8,4,46.75,0.0,0.0,0.0,0.08643939393939394,0.3024715909090909,34.25,43.0,0.0,0.0,0.0,4,53.75,0.009259259259259259,0.0,0.25,-0.02013888888888888,0.3284722222222222,35.25,55.0,0.018518518518518517,0.0,0.5,,,,,,,,,,,,
debate_49e7b0a80427,Commercial aircraft deliberately release chemical or biological agents (chemtrails) as part of secret atmospheric modification programs.,opponent,stance_trajectory,medium,10,5,52.0,0.00909090909090909,0.00909090909090909,0.0,0.07083333333333333,0.39113095238095236,30.8,49.5,0.0,0.0,0.0,5,53.0,0.0,0.0,0.0,0.06861111111111111,0.4918333333333333,33.4,55.0,0.0,0.0,0.0,proponent,1.0,-0.00909090909090909,-0.00909090909090909,0.0,-0.0022222222222222227,0.10070238095238093,2.599999999999998,5.5,0.0,0.0,0.0
debate_ef7da342b9d1,The Earth is actually flat and space agencies worldwide are involved in a massive coordinated deception about its spherical shape.,opponent,stance_trajectory,medium,10,5,46.0,0.0,0.0,0.0,0.165,0.3441666666666666,31.6,43.5,0.0,0.0,0.0,5,60.2,0.0,0.0,0.0,-0.04111111111111111,0.5033333333333333,34.0,72.5,0.0,0.0,0.0,proponent,14.200000000000003,0.0,0.0,0.0,-0.20611111111111113,0.15916666666666668,2.3999999999999986,29.0,0.0,0.0,0.0
debate_a5eff8024833,The Federal Reserve is a private cartel of banks that manipulates the economy for the benefit of wealthy elites at the expense of ordinary citizens.,opponent,stance_trajectory,medium,10,5,49.8,0.0,0.0,0.0,0.0895,0.33599999999999997,37.8,47.5,0.0,0.0,0.0,5,51.4,0.0,0.0,0.0,-0.09333333333333332,0.42750000000000005,42.4,52.5,0.0,0.0,0.0,proponent,1.6000000000000014,0.0,0.0,0.0,-0.18283333333333332,0.09150000000000008,4.600000000000001,5.0,0.0,0.0,0.0
debate_47e0cb270701,Central bank digital currencies are designed to enable total government control over personal finances and eliminate financial privacy.,,,low,10,5,64.0,0.0,0.0,0.0,0.11033333333333335,0.35978571428571426,34.4,60.0,0.0,0.0,0.0,5,50.0,0.0,0.0,0.0,0.0125,0.4329761904761905,40.2,57.5,0.0,0.0,0.0,,,,,,,,,,,,
debate_08516d14d4c2,"President Kennedy was assassinated by a conspiracy involving elements of the US government, not by a lone gunman.",,,low,10,5,61.6,0.007692307692307693,0.0,0.2,0.09361111111111112,0.42750000000000005,30.6,65.0,0.0,0.0,0.0,5,51.4,0.0,0.0,0.0,0.05195833333333333,0.5727261904761904,35.4,53.5,0.0,0.0,0.0,,,,,,,,,,,,
debate_a5d0ea3fd24b,The US government had advance knowledge of the Pearl Harbor attack but allowed it to happen to justify entering World War II.,opponent,stance_trajectory,medium,10,5,50.8,0.0,0.0,0.0,-0.03166666666666666,0.35571428571428576,40.0,44.5,0.0,0.0,0.0,5,52.0,0.0,0.0,0.0,0.15333333333333335,0.4133333333333333,42.2,52.5,0.0,0.0,0.0,proponent,1.2000000000000028,0.0,0.0,0.0,0.185,0.057619047619047514,2.200000000000003,8.0,0.0,0.0,0.0
debate_8703306ab34a,GMO foods are deliberately designed to cause health problems and increase dependence on corporate agriculture.,opponent,stance_trajectory,medium,8,4,51.25,0.0,0.0,0.0,0.0049806096681096704,0.21987170815295812,32.75,40.0,0.0,0.0,0.0,4,54.25,0.0,0.0,0.0,0.06666666666666667,0.4095238095238095,37.25,59.0,0.0,0.0,0.0,proponent,3.0,0.0,0.0,0.0,0.061686056998557,0.1896521013708514,4.5,19.0,0.0,0.0,0.0
debate_aff1cbe83200,Food additives approved by regulatory agencies are intentionally harmful and designed to create chronic diseases that benefit the medical industry.,opponent,stance_trajectory,medium,8,4,47.0,0.0,0.0,0.0,-0.0474404761904762,0.3292757936507936,34.5,45.0,0.0,0.0,0.0,4,52.25,0.0,0.0,0.0,0.13177083333333334,0.6057291666666667,41.5,54.0,0.0,0.0,0.0,proponent,5.25,0.0,0.0,0.0,0.17921130952380954,0.276453373015873,7.0,9.0,0.0,0.0,0.0
debate_6fa5606e8336,COVID-19 vaccines contain microchips designed for population tracking and control.,,,low,8,4,52.5,0.0,0.0,0.0,0.18333333333333335,0.3283333333333333,34.75,54.0,0.0,0.0,0.0,4,57.75,0.0,0.0047169811320754715,-0.25,0.0671875,0.3651041666666666,55.5,61.0,0.0,0.009433962264150943,-0.5,,,,,,,,,,,,
debate_e4d3c02d19cc,Rapid development timelines and limited long-term data make mRNA vaccines fundamentally untrustworthy compared to traditional vaccine methods.,opponent,stance_trajectory,medium,8,4,47.0,0.0,0.0,0.0,0.19375,0.38958333333333334,34.5,44.0,0.0,0.0,0.0,4,63.0,0.0,0.0183531746031746,-1.0,0.0775,0.6245833333333333,44.5,70.5,0.0,0.011904761904761904,-0.5,proponent,16.0,0.0,0.0183531746031746,-1.0,-0.11625,0.23499999999999993,10.0,26.5,0.0,0.011904761904761904,-0.5
debate_e0e42b4ad654,Water fluoridation is a deliberate government program to reduce cognitive function and increase population compliance.,opponent,stance_trajectory,medium,10,5,52.0,0.0,0.0,0.0,0.005809523809523815,0.3492063492063492,40.4,51.5,0.0,0.0,0.0,5,54.2,0.0,0.0,0.0,-0.012857142857142855,0.41229761904761897,33.6,54.5,0.0,0.0,0.0,proponent,2.200000000000003,0.0,0.0,0.0,-0.01866666666666667,0.06309126984126978,-6.799999999999997,3.0,0.0,0.0,0.0
debate_421cc30792b9,Pharmaceutical companies have suppressed cheap effective cures for cancer and other diseases to maintain profit from expensive treatments.,opponent,stance_trajectory,medium,10,5,48.4,0.0,0.0,0.0,0.052857142857142866,0.4269047619047619,34.4,44.5,0.0,0.0,0.0,5,57.2,0.0,0.004347826086956522,-0.2,0.03463888888888887,0.55525,41.0,59.0,0.0,0.0,0.0,proponent,8.800000000000004,0.0,0.004347826086956522,-0.2,-0.018218253968253995,0.12834523809523812,6.600000000000001,14.5,0.0,0.0,0.0
debate_1ebd63da79bb,The Apollo moon landings were staged by NASA and the US government to win the Space Race against the Soviet Union.,opponent,stance_trajectory,medium,10,5,51.2,0.0,0.0,0.0,-0.06357142857142857,0.30142857142857143,37.4,50.0,0.0,0.0,0.0,5,58.0,0.0,0.0,0.0,0.35000000000000003,0.2166666666666667,50.2,60.5,0.0,0.0,0.0,proponent,6.799999999999997,0.0,0.0,0.0,0.4135714285714286,-0.08476190476190473,12.800000000000004,10.5,0.0,0.0,0.0
debate_ab1bbc54c17b,The 9/11 attacks were orchestrated by elements within the US government to justify wars in the Middle East.,opponent,stance_trajectory,medium,10,5,56.8,0.0,0.0,0.0,0.004109523809523806,0.3628761904761905,45.4,56.5,0.0,0.0,0.0,5,66.0,0.0,0.0,0.0,0.07334126984126985,0.27150793650793653,38.0,69.0,0.0,0.0,0.0,proponent,9.200000000000003,0.0,0.0,0.0,0.06923174603174603,-0.09136825396825399,-7.399999999999999,12.5,0.0,0.0,0.0
debate_2c1be2d8ada8,An unelected 'deep state' of bureaucrats and intelligence agencies actually controls government policy regardless of elected officials.,,,low,10,5,57.0,0.00425531914893617,0.0,0.2,0.05444444444444444,0.53,40.0,56.0,0.0,0.0,0.0,5,57.4,0.0,0.008333333333333333,-0.2,-0.001388888888888884,0.4925,31.8,60.5,0.0,0.0,0.0,,,,,,,,,,,,
debate_da46146cec4b,Electronic voting machines are designed to enable manipulation of election results by powerful elites.,opponent,stance_trajectory,medium,10,5,59.4,0.0,0.0,0.0,-0.1388888888888889,0.5929166666666666,34.4,76.5,0.0,0.0,0.0,5,57.2,0.0,0.04,-1.6,-0.04966666666666667,0.51125,37.4,59.0,0.0,0.025,-1.0,proponent,-2.1999999999999957,0.0,0.04,-1.6,0.08922222222222223,-0.08166666666666667,3.0,-17.5,0.0,0.025,-1.0
debate_d0d43ee5d888,5G wireless networks cause serious health problems including immune system damage and are being deployed despite known dangers.,opponent,stance_trajectory,medium,10,5,46.6,0.0,0.0,0.0,0.007499999999999995,0.4259722222222222,37.0,40.5,0.0,0.0,0.0,5,62.8,0.0,0.0,0.0,0.08444444444444445,0.7127777777777777,37.2,65.0,0.0,0.0,0.0,proponent,16.199999999999996,0.0,0.0,0.0,0.07694444444444445,0.28680555555555554,0.20000000000000284,24.5,0.0,0.0,0.0
debate_9d6919e06eaf,Social media platforms use sophisticated algorithms to deliberately manipulate user psychology and political beliefs for profit and control.,opponent,stance_trajectory,medium,10,5,63.6,0.0,0.0,0.0,0.09222222222222222,0.3882539682539683,34.0,71.5,0.0,0.0,0.0,5,60.2,0.0,0.008712121212121213,-0.4,0.028142857142857143,0.5567142857142857,38.6,69.5,0.0,0.0,0.0,proponent,-3.3999999999999986,0.0,0.008712121212121213,-0.4,-0.06407936507936507,0.16846031746031742,4.600000000000001,-2.0,0.0,0.0,0.0
debate_88575c419b20,AI-powered surveillance systems are being deployed globally as part of a coordinated plan for total population monitoring and control.,opponent,stance_trajectory,medium,10,5,58.0,0.0058823529411764705,0.0058823529411764705,0.0,0.044833333333333336,0.311,30.8,59.0,0.0,0.0,0.0,5,54.8,0.0,0.004166666666666667,-0.2,-0.03733333333333333,0.36180555555555555,35.6,53.5,0.0,0.0,0.0,proponent,-3.200000000000003,-0.0058823529411764705,-0.001715686274509804,-0.2,-0.08216666666666667,0.05080555555555555,4.800000000000001,-5.5,0.0,0.0,0.0
debate_fb3d37cd8bd7,Climate change is a manufactured crisis promoted by global elites to justify increased taxation and control over populations.,opponent,stance_trajectory,medium,10,5,54.6,0.0,0.006896551724137931,-0.2,0.08522222222222223,0.29966666666666664,32.2,57.0,0.0,0.0,0.0,5,57.2,0.0,0.0,0.0,-0.006666666666666666,0.29333333333333333,33.0,59.0,0.0,0.0,0.0,proponent,2.6000000000000014,0.0,-0.006896551724137931,0.2,-0.0918888888888889,-0.006333333333333302,0.7999999999999972,2.0,0.0,0.0,0.0
debate_af0f92eab32e,Commercial aircraft deliberately release chemical or biological agents (chemtrails) as part of secret atmospheric modification programs.,opponent,stance_trajectory,medium,10,5,47.8,0.01958333333333333,0.01958333333333333,0.0,0.11444444444444446,0.38949999999999996,32.6,47.0,0.028125,0.028125,0.0,5,65.8,0.0,0.004878048780487805,-0.2,-0.09666666666666665,0.24875000000000003,23.6,67.5,0.0,0.0,0.0,proponent,18.0,-0.01958333333333333,-0.014705284552845525,-0.2,-0.2111111111111111,-0.14074999999999993,-9.0,20.5,-0.028125,-0.028125,0.0
debate_6877dd3dbd41,The Earth is actually flat and space agencies worldwide are involved in a massive coordinated deception about its spherical shape.,,,low,2,1,55.0,0.0,0.0,0.0,0.09375,0.68125,29.0,,,,,1,75.0,0.0,0.0,0.0,0.13333333333333333,0.375,22.0,75.0,0.0,0.0,0.0,,,,,,,,,,,,
debate_62651f088481,The Federal Reserve is a private cartel of banks that manipulates the economy for the benefit of wealthy elites at the expense of ordinary citizens.,opponent,stance_trajectory,medium,10,5,55.6,0.0,0.0,0.0,0.055158730158730164,0.24705026455026452,40.8,57.5,0.0,0.0,0.0,5,63.6,0.0,0.011764705882352941,-0.4,0.0680952380952381,0.37565476190476194,31.2,63.0,0.0,0.014705882352941176,-0.5,proponent,8.0,0.0,0.011764705882352941,-0.4,0.012936507936507934,0.12860449735449742,-9.599999999999998,5.5,0.0,0.014705882352941176,-0.5
debate_062712556e18,Central bank digital currencies are designed to enable total government control over personal finances and eliminate financial privacy.,opponent,stance_trajectory,medium,6,3,54.0,0.0,0.007246376811594203,-0.3333333333333333,0.12129629629629629,0.30370370370370364,41.0,54.0,0.0,0.021739130434782608,-1.0,3,63.666666666666664,0.0,0.008771929824561403,-0.3333333333333333,0.0,0.2111111111111111,38.333333333333336,80.0,0.0,0.0,0.0,proponent,9.666666666666664,0.0,0.0015255530129672,0.0,-0.12129629629629629,-0.09259259259259253,-2.6666666666666643,26.0,0.0,-0.021739130434782608,1.0
debate_49ca05994123,"President Kennedy was assassinated by a conspiracy involving elements of the US government, not by a lone gunman.",opponent,stance_trajectory,medium,10,5,46.0,0.007692307692307693,0.0,0.2,0.07734126984126984,0.5573412698412697,34.8,44.5,0.0,0.0,0.0,5,54.6,0.0,0.005555555555555555,-0.2,0.22374999999999998,0.64875,34.4,54.0,0.0,0.0,0.0,proponent,8.600000000000001,-0.007692307692307693,0.005555555555555555,-0.4,0.14640873015873013,0.0914087301587303,-0.3999999999999986,9.5,0.0,0.0,0.0
debate_edace8d7cd42,The US government had advance knowledge of the Pearl Harbor attack but allowed it to happen to justify entering World War II.,opponent,stance_trajectory,medium,10,5,52.8,0.0,0.0,0.0,-0.034166666666666665,0.2611904761904762,37.6,53.5,0.0,0.0,0.0,5,54.4,0.0,0.0,0.0,-0.0566,0.1851,40.6,53.0,0.0,0.0,0.0,proponent,1.6000000000000014,0.0,0.0,0.0,-0.022433333333333333,-0.07609047619047621,3.0,-0.5,0.0,0.0,0.0
debate_c02b68dfb8f7,GMO foods are deliberately designed to cause health problems and increase dependence on corporate agriculture.,opponent,stance_trajectory,medium,10,5,45.0,0.0,0.0,0.0,0.056666666666666664,0.3819761904761905,39.6,42.0,0.0,0.0,0.0,5,55.6,0.0,0.013406593406593406,-0.8,0.02,0.38125,56.0,56.5,0.0,0.019230769230769232,-1.0,proponent,10.600000000000001,0.0,0.013406593406593406,-0.8,-0.03666666666666667,-0.0007261904761905469,16.4,14.5,0.0,0.019230769230769232,-1.0
debate_cf7645cf9a34,Food additives approved by regulatory agencies are intentionally harmful and designed to create chronic diseases that benefit the medical industry.,opponent,stance_trajectory,medium,10,5,52.6,0.0,0.0,0.0,0.03,0.4333333333333334,38.6,53.5,0.0,0.0,0.0,5,54.2,0.0,0.0,0.0,0.10666666666666666,0.13111111111111112,31.0,53.5,0.0,0.0,0.0,proponent,1.6000000000000014,0.0,0.0,0.0,0.07666666666666666,-0.3022222222222223,-7.600000000000001,0.0,0.0,0.0,0.0
debate_18b247405fa1,COVID-19 vaccines contain microchips designed for population tracking and control.,opponent,stance_trajectory,medium,8,4,65.5,0.0,0.0,0.0,0.03750000000000001,0.4208333333333333,28.0,61.0,0.0,0.0,0.0,4,65.25,0.01661220043572985,0.0,0.5,0.4875,0.25972222222222224,32.5,74.5,0.014705882352941176,0.0,0.5,proponent,-0.25,0.01661220043572985,0.0,0.5,0.44999999999999996,-0.16111111111111104,4.5,13.5,0.014705882352941176,0.0,0.5
debate_c86eb473fca2,Rapid development timelines and limited long-term data make mRNA vaccines fundamentally untrustworthy compared to traditional vaccine methods.,,,low,10,5,49.0,0.0,0.0,0.0,-0.02857142857142857,0.0838095238095238,18.0,44.5,0.0,0.0,0.0,5,54.8,0.0,0.0,0.0,0.1075,0.43,35.8,59.0,0.0,0.0,0.0,,,,,,,,,,,,
debate_77834732f4ac,Water fluoridation is a deliberate government program to reduce cognitive function and increase population compliance.,opponent,stance_trajectory,medium,10,5,49.0,0.0,0.0,0.0,0.10222222222222226,0.35777777777777775,18.0,44.5,0.0,0.0,0.0,5,51.2,0.0,0.0,0.0,0.2866666666666666,0.4291111111111111,34.6,53.0,0.0,0.0,0.0,proponent,2.200000000000003,0.0,0.0,0.0,0.18444444444444436,0.07133333333333336,16.6,8.5,0.0,0.0,0.0
debate_6fcb77dcf82a,Pharmaceutical companies have suppressed cheap effective cures for cancer and other diseases to maintain profit from expensive treatments.,opponent,stance_trajectory,medium,6,3,52.0,0.0,0.0,0.0,0.5,0.75,14.333333333333334,49.0,0.0,0.0,0.0,3,59.0,0.019047619047619046,0.0,0.6666666666666666,0.22611111111111112,0.5783333333333333,34.666666666666664,75.0,0.0,0.0,0.0,proponent,7.0,0.019047619047619046,0.0,0.6666666666666666,-0.27388888888888885,-0.17166666666666675,20.33333333333333,26.0,0.0,0.0,0.0
debate_58604c0ed8cf,The Apollo moon landings were staged by NASA and the US government to win the Space Race against the Soviet Union.,opponent,stance_trajectory,medium,6,3,52.333333333333336,0.0,0.0,0.0,0.4166666666666667,0.6333333333333333,19.666666666666668,50.0,0.0,0.0,0.0,3,62.333333333333336,0.008547008547008546,0.0,0.3333333333333333,0.2888888888888889,0.5166666666666666,32.666666666666664,85.0,0.0,0.0,0.0,proponent,10.0,0.008547008547008546,0.0,0.3333333333333333,-0.12777777777777777,-0.1166666666666667,12.999999999999996,35.0,0.0,0.0,0.0
debate_67df92aa4d36,The 9/11 attacks were orchestrated by elements within the US government to justify wars in the Middle East.,opponent,stance_trajectory,medium,10,5,50.8,0.0,0.0,0.0,-0.06333333333333332,0.16,15.6,47.5,0.0,0.0,0.0,5,51.2,0.0,0.0,0.0,0.3,0.39249999999999996,29.2,53.0,0.0,0.0,0.0,proponent,0.4000000000000057,0.0,0.0,0.0,0.3633333333333333,0.23249999999999996,13.6,5.5,0.0,0.0,0.0
debate_9bd3c7c12c2b,An unelected 'deep state' of bureaucrats and intelligence agencies actually controls government policy regardless of elected officials.,opponent,stance_trajectory,medium,10,5,49.0,0.0,0.0,0.0,0.09833333333333331,0.33499999999999996,20.2,44.5,0.0,0.0,0.0,5,52.4,0.004878048780487805,0.004878048780487805,0.0,-0.025833333333333337,0.40458333333333335,38.0,55.0,0.0,0.0,0.0,proponent,3.3999999999999986,0.004878048780487805,0.004878048780487805,0.0,-0.12416666666666665,0.06958333333333339,17.8,10.5,0.0,0.0,0.0
debate_3bdae313ad15,Electronic voting machines are designed to enable manipulation of election results by powerful elites.,opponent,stance_trajectory,medium,6,3,52.0,0.0,0.0,0.0,0.03657407407407407,0.4439814814814815,17.666666666666668,49.0,0.0,0.0,0.0,3,57.666666666666664,0.0,0.0,0.0,0.0,0.49374999999999997,38.0,75.0,0.0,0.0,0.0,proponent,5.666666666666664,0.0,0.0,0.0,-0.03657407407407407,0.04976851851851849,20.333333333333332,26.0,0.0,0.0,0.0
debate_52ed89da7e8b,5G wireless networks cause serious health problems including immune system damage and are being deployed despite known dangers.,opponent,stance_trajectory,medium,8,4,55.5,0.0,0.0,0.0,-0.1111111111111111,0.35763888888888884,25.25,51.0,0.0,0.0,0.0,4,59.25,0.0,0.007142857142857143,-0.25,-0.08194444444444443,0.43472222222222223,29.0,68.5,0.0,0.0,0.0,proponent,3.75,0.0,0.007142857142857143,-0.25,0.029166666666666674,0.07708333333333339,3.75,17.5,0.0,0.0,0.0
debate_e26368758b35,Social media platforms use sophisticated algorithms to deliberately manipulate user psychology and political beliefs for profit and control.,opponent,stance_trajectory,medium,6,3,67.0,0.0,0.0,0.0,0.09126984126984128,0.20634920634920637,31.0,64.0,0.0,0.0,0.0,3,57.666666666666664,0.008771929824561403,0.0,0.3333333333333333,0.019444444444444445,0.3396164021164021,33.666666666666664,75.0,0.0,0.0,0.0,proponent,-9.333333333333336,0.008771929824561403,0.0,0.3333333333333333,-0.07182539682539683,0.13326719576719573,2.6666666666666643,11.0,0.0,0.0,0.0
debate_ca5b1f5a2ad5,AI-powered surveillance systems are being deployed globally as part of a coordinated plan for total population monitoring and control.,opponent,stance_trajectory,medium,10,5,49.0,0.0,0.006666666666666666,-0.2,0.017999999999999995,0.39233333333333337,23.8,44.5,0.0,0.0,0.0,5,50.4,0.0,0.0,0.0,-0.0033333333333333327,0.5668333333333333,29.6,51.0,0.0,0.0,0.0,proponent,1.3999999999999986,0.0,-0.006666666666666666,0.2,-0.02133333333333333,0.17449999999999993,5.800000000000001,6.5,0.0,0.0,0.0
debate_32f1c933c98e,Climate change is a manufactured crisis promoted by global elites to justify increased taxation and control over populations.,opponent,stance_trajectory,medium,8,4,50.5,0.0,0.0,0.0,-0.05,0.19999999999999998,21.0,46.0,0.0,0.0,0.0,4,57.75,0.0,0.0,0.0,-0.015,0.17812499999999998,34.0,64.5,0.0,0.0,0.0,proponent,7.25,0.0,0.0,0.0,0.035,-0.021875000000000006,13.0,18.5,0.0,0.0,0.0
debate_6e4e8528b19d,Commercial aircraft deliberately release chemical or biological agents (chemtrails) as part of secret atmospheric modification programs.,opponent,stance_trajectory,medium,8,4,51.25,0.0,0.015625,-0.25,-0.05119047619047619,0.10297619047619047,20.75,47.0,0.0,0.0625,-1.0,4,54.5,0.0,0.008928571428571428,-0.25,0.06458333333333334,0.19458333333333333,30.5,60.0,0.0,0.0,0.0,proponent,3.25,0.0,-0.006696428571428572,0.0,0.11577380952380953,0.09160714285714286,9.75,13.0,0.0,-0.0625,1.0
debate_1d8d37dc5cea,The Earth is actually flat and space agencies worldwide are involved in a massive coordinated deception about its spherical shape.,opponent,stance_trajectory,medium,10,5,49.0,0.0,0.0,0.0,0.031875,0.35214285714285715,20.0,44.5,0.0,0.0,0.0,5,52.4,0.0,0.0,0.0,0.024690476190476193,0.2535,34.4,53.0,0.0,0.0,0.0,proponent,3.3999999999999986,0.0,0.0,0.0,-0.007184523809523807,-0.09864285714285714,14.399999999999999,8.5,0.0,0.0,0.0
debate_12b08d34957f,The Federal Reserve is a private cartel of banks that manipulates the economy for the benefit of wealthy elites at the expense of ordinary citizens.,opponent,stance_trajectory,medium,10,5,48.6,0.0,0.0,0.0,0.11000000000000001,0.20555555555555557,23.2,43.5,0.0,0.0,0.0,5,55.0,0.0,0.0,0.0,0.09833333333333336,0.41,37.8,59.5,0.0,0.0,0.0,proponent,6.399999999999999,0.0,0.0,0.0,-0.011666666666666659,0.2044444444444444,14.599999999999998,16.0,0.0,0.0,0.0
debate_63ed3af54c61,Central bank digital currencies are designed to enable total government control over personal finances and eliminate financial privacy.,opponent,stance_trajectory,medium,6,3,52.0,0.0,0.0,0.0,0.0,0.08333333333333333,16.666666666666668,49.0,0.0,0.0,0.0,3,58.333333333333336,0.0,0.020892687559354223,-0.6666666666666666,0.13333333333333333,0.43797619047619046,37.333333333333336,75.0,0.0,0.0,0.0,proponent,6.333333333333336,0.0,0.020892687559354223,-0.6666666666666666,0.13333333333333333,0.35464285714285715,20.666666666666668,26.0,0.0,0.0,0.0
debate_b9bdb74224b8,"President Kennedy was assassinated by a conspiracy involving elements of the US government, not by a lone gunman.",opponent,stance_trajectory,medium,10,5,49.0,0.0,0.0,0.0,0.083234126984127,0.2834325396825397,29.6,44.5,0.0,0.0,0.0,5,50.8,0.0,0.012701612903225806,-0.4,0.21200000000000002,0.442,32.6,53.0,0.0,0.016129032258064516,-0.5,proponent,1.7999999999999972,0.0,0.012701612903225806,-0.4,0.12876587301587303,0.15856746031746033,3.0,8.5,0.0,0.016129032258064516,-0.5
debate_921359eef7d2,The US government had advance knowledge of the Pearl Harbor attack but allowed it to happen to justify entering World War II.,opponent,stance_trajectory,medium,10,5,49.0,0.0,0.0,0.0,-0.039999999999999994,0.18666666666666665,19.4,44.5,0.0,0.0,0.0,5,50.8,0.006060606060606061,0.0,0.2,0.10066666666666665,0.4715,30.4,53.0,0.0,0.0,0.0,proponent,1.7999999999999972,0.006060606060606061,0.0,0.2,0.14066666666666666,0.2848333333333333,11.0,8.5,0.0,0.0,0.0
debate_ab7c4e740a0c,GMO foods are deliberately designed to cause health problems and increase dependence on corporate agriculture.,,,low,10,5,58.2,0.0,0.0,0.0,0.0,0.013333333333333332,23.4,53.0,0.0,0.0,0.0,5,59.8,0.0,0.0,0.0,0.101,0.186,34.4,63.5,0.0,0.0,0.0,,,,,,,,,,,,
debate_f24d084bfd1f,Food additives approved by regulatory agencies are intentionally harmful and designed to create chronic diseases that benefit the medical industry.,opponent,stance_trajectory,medium,8,4,50.5,0.0,0.0,0.0,-0.015625,0.8052083333333333,22.5,46.0,0.0,0.0,0.0,4,57.75,0.0,0.0,0.0,0.025,0.20625,34.5,64.5,0.0,0.0,0.0,proponent,7.25,0.0,0.0,0.0,0.040625,-0.5989583333333333,12.0,18.5,0.0,0.0,0.0
debate_55c92b827f51,COVID-19 vaccines contain microchips designed for population tracking and control.,,,low,6,3,43.333333333333336,0.0,0.0,0.0,0.14150793650793653,0.3711904761904761,33.666666666666664,30.0,0.0,0.0,0.0,3,81.66666666666667,0.0,0.0,0.0,0.0,0.0,22.0,85.0,0.0,0.0,0.0,,,,,,,,,,,,
debate_92c02fe85ff7,Rapid development timelines and limited long-term data make mRNA vaccines fundamentally untrustworthy compared to traditional vaccine methods.,opponent,stance_trajectory,medium,8,4,38.75,0.0,0.0,0.0,0.1217013888888889,0.6192708333333333,33.0,25.0,0.0,0.0,0.0,4,76.25,0.0,0.0,0.0,-0.2,0.35,23.25,85.0,0.0,0.0,0.0,proponent,37.5,0.0,0.0,0.0,-0.3217013888888889,-0.26927083333333335,-9.75,60.0,0.0,0.0,0.0
debate_131a2935b91f,Water fluoridation is a deliberate government program to reduce cognitive function and increase population compliance.,,,low,10,5,50.8,0.0,0.0,0.0,0.05547619047619048,0.29406746031746034,35.6,52.0,0.0,0.0,0.0,5,58.0,0.0,0.0,0.0,0.034999999999999996,0.22833333333333333,26.4,60.0,0.0,0.0,0.0,,,,,,,,,,,,
debate_fbe72edf129d,Pharmaceutical companies have suppressed cheap effective cures for cancer and other diseases to maintain profit from expensive treatments.,opponent,stance_trajectory,medium,10,6,55.0,0.0,0.0,0.0,0.18206349206349204,0.44714285714285706,33.833333333333336,60.0,0.0,0.0,0.0,4,58.75,0.0,0.014464285714285714,-0.75,-0.02230902777777777,0.5627604166666667,44.75,70.0,0.0,0.0,0.0,proponent,3.75,0.0,0.014464285714285714,-0.75,-0.2043725198412698,0.11561755952380959,10.916666666666664,10.0,0.0,0.0,0.0
debate_b61f66d629d3,The Apollo moon landings were staged by NASA and the US government to win the Space Race against the Soviet Union.,,,low,10,5,49.0,0.012903225806451613,0.012903225806451613,0.0,0.06000000000000001,0.4925,32.4,43.0,0.016129032258064516,0.016129032258064516,0.0,5,58.4,0.0,0.0,0.0,0.013503401360544218,0.3218877551020408,45.4,63.0,0.0,0.0,0.0,,,,,,,,,,,,
debate_6348b21abf45,The 9/11 attacks were orchestrated by elements within the US government to justify wars in the Middle East.,opponent,stance_trajectory,medium,6,3,40.0,0.0,0.0,0.0,0.02013888888888889,0.3846230158730159,33.333333333333336,30.0,0.0,0.0,0.0,3,60.0,0.0,0.017094017094017092,-0.6666666666666666,0.016666666666666666,0.0375,40.666666666666664,65.0,0.0,0.02564102564102564,-1.0,proponent,20.0,0.0,0.017094017094017092,-0.6666666666666666,-0.0034722222222222238,-0.3471230158730159,7.333333333333329,35.0,0.0,0.02564102564102564,-1.0
debate_36e40babfb29,An unelected 'deep state' of bureaucrats and intelligence agencies actually controls government policy regardless of elected officials.,,,low,10,5,55.6,0.012121212121212121,0.006060606060606061,0.2,0.17952380952380953,0.4704761904761905,38.8,53.0,0.030303030303030304,0.015151515151515152,0.5,5,59.6,0.0,0.009444444444444445,-0.4,-0.05645833333333332,0.25083333333333335,39.6,64.5,0.0,0.011111111111111112,-0.5,,,,,,,,,,,,
debate_5b2a67a4a041,Electronic voting machines are designed to enable manipulation of election results by powerful elites.,,,low,10,5,51.8,0.012452107279693486,0.01111111111111111,0.0,0.010357142857142865,0.4195238095238095,34.8,48.5,0.013888888888888888,0.027777777777777776,-0.5,5,55.6,0.0,0.00425531914893617,-0.2,0.0033333333333333383,0.435962962962963,36.8,56.5,0.0,0.0,0.0,,,,,,,,,,,,
debate_c4fa6590ec6c,5G wireless networks cause serious health problems including immune system damage and are being deployed despite known dangers.,,,low,6,3,40.0,0.0,0.0,0.0,-0.05833333333333334,0.2138888888888889,37.0,30.0,0.0,0.0,0.0,3,75.0,0.0,0.0,0.0,-0.016666666666666663,0.35833333333333334,44.666666666666664,80.0,0.0,0.0,0.0,,,,,,,,,,,,
debate_f415795f12b6,Social media platforms use sophisticated algorithms to deliberately manipulate user psychology and political beliefs for profit and control.,,,low,10,5,49.2,0.0,0.005128205128205128,-0.2,0.09333333333333334,0.25785714285714284,33.4,42.0,0.0,0.01282051282051282,-0.5,5,59.0,0.0,0.0,0.0,0.05277777777777778,0.23722222222222222,52.4,63.0,0.0,0.0,0.0,,,,,,,,,,,,
debate_32eb4e9f4db2,AI-powered surveillance systems are being deployed globally as part of a coordinated plan for total population monitoring and control.,,,low,10,5,48.4,0.0,0.0,0.0,0.17500000000000002,0.4691071428571429,40.4,44.5,0.0,0.0,0.0,5,58.2,0.0,0.005128205128205128,-0.2,0.0688095238095238,0.2988095238095238,47.8,62.0,0.0,0.0,0.0,,,,,,,,,,,,
debate_45054f5696ed,Climate change is a manufactured crisis promoted by global elites to justify increased taxation and control over populations.,,,low,8,4,41.25,0.0,0.007352941176470588,-0.25,0.059375000000000004,0.28169642857142857,32.75,25.0,0.0,0.0,0.0,4,85.0,0.0,0.0043859649122807015,-0.25,0.08791666666666666,0.40800925925925935,59.0,87.5,0.0,0.0,0.0,,,,,,,,,,,,
debate_089adc364055,Commercial aircraft deliberately release chemical or biological agents (chemtrails) as part of secret atmospheric modification programs.,opponent,stance_trajectory,medium,8,4,52.5,0.011363636363636364,0.011363636363636364,0.0,0.044861111111111115,0.4164037698412698,30.75,50.0,0.0,0.0,0.0,4,55.5,0.0,0.0,0.0,-0.09666666666666668,0.22666666666666666,31.5,56.0,0.0,0.0,0.0,proponent,3.0,-0.011363636363636364,-0.011363636363636364,0.0,-0.1415277777777778,-0.18973710317460316,0.75,6.0,0.0,0.0,0.0
debate_72c424812a38,The Earth is actually flat and space agencies worldwide are involved in a massive coordinated deception about its spherical shape.,opponent,stance_trajectory,medium,10,5,44.4,0.0,0.0,0.0,0.07833333333333334,0.5616666666666666,33.0,38.5,0.0,0.0,0.0,5,58.4,0.0,0.0,0.0,0.09166666666666665,0.125,27.6,61.0,0.0,0.0,0.0,proponent,14.0,0.0,0.0,0.0,0.013333333333333308,-0.43666666666666665,-5.399999999999999,22.5,0.0,0.0,0.0
debate_e9d290afb898,The Federal Reserve is a private cartel of banks that manipulates the economy for the benefit of wealthy elites at the expense of ordinary citizens.,,,low,10,5,49.8,0.0,0.0,0.0,0.08753968253968254,0.3667460317460317,42.4,47.5,0.0,0.0,0.0,5,55.4,0.0,0.035714770797962654,-1.0,0.01538095238095238,0.3555714285714286,28.8,56.0,0.0,0.04,-1.0,,,,,,,,,,,,
debate_349c0ea59cfc,Central bank digital currencies are designed to enable total government control over personal finances and eliminate financial privacy.,,,low,6,3,43.333333333333336,0.0,0.008771929824561403,-0.3333333333333333,0.12023809523809524,0.37772108843537416,34.333333333333336,35.0,0.0,0.0,0.0,3,60.0,0.0,0.008771929824561403,-0.3333333333333333,0.020833333333333332,0.42569444444444443,42.0,65.0,0.0,0.02631578947368421,-1.0,,,,,,,,,,,,
debate_60adc116d0fa,"President Kennedy was assassinated by a conspiracy involving elements of the US government, not by a lone gunman.",opponent,stance_trajectory,medium,8,4,49.5,0.009615384615384616,0.0,0.25,0.12986111111111112,0.6215277777777778,32.5,45.0,0.0,0.0,0.0,4,54.5,0.0,0.015297202797202798,-0.5,0.06520833333333334,0.34625,39.0,54.0,0.0,0.011363636363636364,-0.5,proponent,5.0,-0.009615384615384616,0.015297202797202798,-0.75,-0.06465277777777778,-0.2752777777777778,6.5,9.0,0.0,0.011363636363636364,-0.5
debate_73d1ae0a10d9,The US government had advance knowledge of the Pearl Harbor attack but allowed it to happen to justify entering World War II.,opponent,stance_trajectory,medium,10,5,48.6,0.0,0.012727272727272726,-0.4,-0.041166666666666664,0.38620238095238096,35.6,42.0,0.0,0.0,0.0,5,56.8,0.0,0.006060606060606061,-0.2,0.030000000000000006,0.37,43.4,59.5,0.0,0.0,0.0,proponent,8.199999999999996,0.0,-0.006666666666666665,0.2,0.07116666666666667,-0.016202380952380968,7.799999999999997,17.5,0.0,0.0,0.0
debate_45a22f95c796,GMO foods are deliberately designed to cause health problems and increase dependence on corporate agriculture.,,,low,10,5,49.4,0.0,0.0,0.0,-0.009404761904761905,0.22589285714285717,35.2,44.5,0.0,0.0,0.0,5,58.0,0.0,0.0,0.0,0.0,0.0625,28.6,61.0,0.0,0.0,0.0,,,,,,,,,,,,
debate_a5fb83a96bcc,Food additives approved by regulatory agencies are intentionally harmful and designed to create chronic diseases that benefit the medical industry.,,,low,8,4,48.25,0.006756756756756757,0.013513513513513514,-0.25,0.04756944444444444,0.3746527777777778,36.0,39.0,0.0,0.0,0.0,4,60.5,0.0,0.016188714153561518,-0.5,-0.075,0.19374999999999998,32.5,65.5,0.0,0.032377428307123035,-1.0,,,,,,,,,,,,
debate_763ab54d47e7,COVID-19 vaccines contain microchips designed for population tracking and control.,opponent,stance_trajectory,medium,8,4,52.5,0.0,0.0,0.0,0.10763888888888887,0.36319444444444443,19.75,45.0,0.0,0.0,0.0,4,53.75,0.0,0.0,0.0,0.06913690476190476,0.16672619047619047,37.25,57.5,0.0,0.0,0.0,proponent,1.25,0.0,0.0,0.0,-0.03850198412698411,-0.19646825396825396,17.5,12.5,0.0,0.0,0.0
debate_0cb905be181c,Rapid development timelines and limited long-term data make mRNA vaccines fundamentally untrustworthy compared to traditional vaccine methods.,,,low,6,3,45.0,0.0,0.0,0.0,-0.011904761904761904,0.3265873015873016,16.0,35.0,0.0,0.0,0.0,3,58.333333333333336,0.0,0.0,0.0,0.08750000000000001,0.38958333333333334,37.666666666666664,65.0,0.0,0.0,0.0,,,,,,,,,,,,
debate_cacc014185be,Water fluoridation is a deliberate government program to reduce cognitive function and increase population compliance.,,,low,10,5,52.0,0.0,0.0,0.0,-0.26666666666666666,0.5,16.4,49.5,0.0,0.0,0.0,5,51.0,0.0,0.0,0.0,0.17250000000000001,0.5225,28.4,51.5,0.0,0.0,0.0,,,,,,,,,,,,
debate_57be67a9ad63,Pharmaceutical companies have suppressed cheap effective cures for cancer and other diseases to maintain profit from expensive treatments.,opponent,stance_trajectory,medium,8,4,48.25,0.0,0.0,0.0,0.15,0.2,12.25,39.0,0.0,0.0,0.0,4,62.5,0.013354700854700854,0.0,0.5,0.16458333333333333,0.4375,35.25,75.0,0.01282051282051282,0.0,0.5,proponent,14.25,0.013354700854700854,0.0,0.5,0.014583333333333337,0.2375,23.0,36.0,0.01282051282051282,0.0,0.5
debate_c4655a42f17e,The Apollo moon landings were staged by NASA and the US government to win the Space Race against the Soviet Union.,,,low,10,5,52.2,0.0,0.0,0.0,0.33666666666666667,0.5533333333333333,30.6,50.0,0.0,0.0,0.0,5,57.6,0.0,0.0,0.0,0.21383333333333332,0.47908333333333336,30.0,60.0,0.0,0.0,0.0,,,,,,,,,,,,
debate_dcea6106011b,The 9/11 attacks were orchestrated by elements within the US government to justify wars in the Middle East.,,,low,10,5,53.0,0.0,0.0,0.0,-0.22333333333333333,0.2983333333333333,18.8,45.0,0.0,0.0,0.0,5,55.0,0.0,0.006060606060606061,-0.2,0.08027777777777778,0.28869047619047616,34.8,62.5,0.0,0.0,0.0,,,,,,,,,,,,
debate_55b02b38f90f,An unelected 'deep state' of bureaucrats and intelligence agencies actually controls government policy regardless of elected officials.,,,low,10,5,57.2,0.0,0.0,0.0,0.15666666666666665,0.3088888888888889,18.0,56.5,0.0,0.0,0.0,5,52.6,0.0,0.0,0.0,0.10916666666666668,0.41875,32.2,53.0,0.0,0.0,0.0,,,,,,,,,,,,
debate_608e2050ef8c,Electronic voting machines are designed to enable manipulation of election results by powerful elites.,opponent,stance_trajectory,medium,8,4,52.5,0.0,0.010416666666666666,-0.25,0.19999999999999998,0.775,23.25,40.0,0.0,0.041666666666666664,-1.0,4,53.75,0.0,0.008333333333333333,-0.25,0.17552083333333335,0.46354166666666663,32.0,57.5,0.0,0.0,0.0,proponent,1.25,0.0,-0.002083333333333333,0.0,-0.024479166666666635,-0.3114583333333334,8.75,17.5,0.0,-0.041666666666666664,1.0
debate_a003abb56c8c,5G wireless networks cause serious health problems including immune system damage and are being deployed despite known dangers.,opponent,stance_trajectory,medium,10,5,53.6,0.0,0.0,0.0,0.05458333333333334,0.2743055555555555,17.0,47.5,0.0,0.0,0.0,5,54.4,0.0,0.0,0.0,-0.012857142857142855,0.12472789115646259,29.6,61.0,0.0,0.0,0.0,proponent,0.7999999999999972,0.0,0.0,0.0,-0.06744047619047619,-0.14957766439909292,12.600000000000001,13.5,0.0,0.0,0.0
debate_327a9ed87fcf,Social media platforms use sophisticated algorithms to deliberately manipulate user psychology and political beliefs for profit and control.,opponent,stance_trajectory,medium,8,4,53.0,0.0,0.0,0.0,0.05555555555555555,0.22777777777777777,25.5,45.0,0.0,0.0,0.0,4,61.0,0.008928571428571428,0.0,0.25,0.049999999999999996,0.2110119047619048,29.5,72.5,0.0,0.0,0.0,proponent,8.0,0.008928571428571428,0.0,0.25,-0.005555555555555557,-0.016765873015872984,4.0,27.5,0.0,0.0,0.0
debate_2f4fb372f4fc,The Federal Reserve is a private cartel of banks that manipulates the economy for the benefit of wealthy elites at the expense of ordinary citizens.,opponent,outcome_summary,high,10,5,55.0,0.0,0.0,0.0,0.0,0.47972222222222227,22.8,52.5,0.0,0.0,0.0,5,52.4,0.0,0.0,0.0,0.06666666666666668,0.6241666666666668,32.0,54.5,0.0,0.0,0.0,proponent,-2.6000000000000014,0.0,0.0,0.0,0.06666666666666668,0.1444444444444445,9.2,2.0,0.0,0.0,0.0
debate_a61980d0613e,AI-powered surveillance systems are being deployed globally as part of a coordinated plan for total population monitoring and control.,,,low,10,5,57.0,0.0,0.0,0.0,0.15,0.575,20.4,45.0,0.0,0.0,0.0,5,63.0,0.006666666666666666,0.0,0.2,0.05500000000000001,0.5508333333333333,30.4,75.0,0.0,0.0,0.0,,,,,,,,,,,,
debate_1ba90398ac60,Central bank digital currencies are designed to enable total government control over personal finances and eliminate financial privacy.,,,low,10,5,57.0,0.0,0.04444444444444444,-0.8,-0.025,0.2628333333333333,18.0,56.0,0.0,0.05555555555555555,-1.0,5,53.2,0.0,0.011378205128205128,-0.4,0.026625000000000003,0.40020833333333333,35.6,55.5,0.0,0.015625,-0.5,,,,,,,,,,,,
debate_4d0afbfbdc22,Climate change is a manufactured crisis promoted by global elites to justify increased taxation and control over populations.,,,low,6,3,45.0,0.0,0.0,0.0,-0.013888888888888888,0.11944444444444445,17.666666666666668,35.0,0.0,0.0,0.0,3,65.0,0.00980392156862745,0.0,0.3333333333333333,0.04833333333333334,0.3642063492063492,30.666666666666668,85.0,0.0,0.0,0.0,,,,,,,,,,,,
debate_0e25d351c48e,Commercial aircraft deliberately release chemical or biological agents (chemtrails) as part of secret atmospheric modification programs.,,,low,6,3,45.0,0.0,0.0,0.0,0.09499999999999999,0.42365079365079367,20.0,35.0,0.0,0.0,0.0,3,66.66666666666667,0.0,0.0,0.0,-0.0004761904761904784,0.26751322751322754,40.0,85.0,0.0,0.0,0.0,,,,,,,,,,,,
debate_99ad2e03ea03,"President Kennedy was assassinated by a conspiracy involving elements of the US government, not by a lone gunman.",,,low,10,5,55.4,0.0,0.010526315789473684,-0.2,0.0225,0.41500000000000004,22.2,54.5,0.0,0.0,0.0,5,50.6,0.0,0.0,0.0,0.20833333333333334,0.5166666666666667,34.4,52.5,0.0,0.0,0.0,,,,,,,,,,,,
debate_5db528813741,The Earth is actually flat and space agencies worldwide are involved in a massive coordinated deception about its spherical shape.,,,low,10,5,52.4,0.0,0.0,0.0,0.045,0.34416666666666673,21.8,50.5,0.0,0.0,0.0,5,57.4,0.0,0.0,0.0,0.16064625850340136,0.35581632653061224,38.4,59.0,0.0,0.0,0.0,,,,,,,,,,,,
debate_f919f81e189c,The US government had advance knowledge of the Pearl Harbor attack but allowed it to happen to justify entering World War II.,opponent,stance_trajectory,medium,10,5,55.0,0.0,0.006896551724137931,-0.2,0.06555555555555556,0.19555555555555557,24.4,50.0,0.0,0.0,0.0,5,48.0,0.00425531914893617,0.0,0.2,0.2,0.41722222222222216,38.0,47.5,0.0,0.0,0.0,proponent,-7.0,0.00425531914893617,-0.006896551724137931,0.4,0.13444444444444445,0.2216666666666666,13.600000000000001,-2.5,0.0,0.0,0.0
debate_eb75d924d828,GMO foods are deliberately designed to cause health problems and increase dependence on corporate agriculture.,opponent,stance_trajectory,medium,8,4,41.25,0.0,0.016666666666666666,-0.25,0.05625,0.16041666666666668,15.75,30.0,0.0,0.0,0.0,4,60.0,0.0,0.0,0.0,0.006398809523809524,0.2764732142857143,36.5,65.0,0.0,0.0,0.0,proponent,18.75,0.0,-0.016666666666666666,0.25,-0.04985119047619048,0.11605654761904763,20.75,35.0,0.0,0.0,0.0
debate_a615b6a5324c,Food additives approved by regulatory agencies are intentionally harmful and designed to create chronic diseases that benefit the medical industry.,opponent,stance_trajectory,medium,8,4,52.5,0.0,0.0,0.0,0.0,0.14166666666666666,16.75,50.0,0.0,0.0,0.0,4,71.25,0.0,0.0,0.0,0.09583333333333334,0.5,31.75,86.5,0.0,0.0,0.0,proponent,18.75,0.0,0.0,0.0,0.09583333333333334,0.35833333333333334,15.0,36.5,0.0,0.0,0.0
