round;speaker_role;confidence;reply_to_turn;turn_index;polarity;subjectivity;uncertainty_score;strong_modality_score;weak_modality_score;question_count;exclamation_count;word_count;emotion_neutral;emotion_disgust;emotion_anger;emotion_surprise;emotion_fear;emotion_sadness;emotion_joy
1;opponent;50.0;1.0;2.0;0.45;0.6;1.0;0.0;0.0;0.0;0.0;42.0;0.8565270900726318;0.022204367443919182;0.05276964232325554;0.014867504127323627;0.04131908714771271;0.008439803496003151;0.0038724401965737343
1;proponent;65.0;8.0;4.0;0.16666666666666666;0.4277777777777778;0.5;0.0;0.0;0.0;0.0;29.5;0.8403127491474152;0.0447965282946825;0.03717193938791752;0.023717453703284264;0.04196975287050009;0.007529652211815119;0.0045019424287602305
2;opponent;52.0;4.0;4.0;0.08333333333333333;0.2023809523809524;1.0;0.0;1.0;0.0;0.0;35.0;0.4944339394569397;0.043438758701086044;0.03825211897492409;0.008343476802110672;0.39918750524520874;0.007968447171151638;0.008375669829547405
2;proponent;50.0;2.0;3.0;0.0;0.35555555555555557;1.0;0.0;0.0;0.0;0.0;39.0;0.1451525241136551;0.6129952073097229;0.1733199656009674;0.005616055801510811;0.054825812578201294;0.006785975303500891;0.001304491190239787
3;opponent;53.0;7.0;6.0;0.1;0.8;2.0;0.0;1.0;0.0;0.0;34.0;0.26322638988494873;0.30022764205932617;0.32329505681991577;0.001607790240086615;0.06463267654180527;0.04206499457359314;0.00494548212736845
3;proponent;48.0;5.0;5.0;0.3644444444444444;0.7799999999999999;0.0;0.0;0.0;0.0;0.0;34.0;0.4636927545070648;0.32349178194999695;0.15115050971508026;0.01016934122890234;0.03788149729371071;0.007659301161766052;0.005954786669462919
4;opponent;55.0;10.0;8.0;0.09375;0.31875;1.0;0.0;0.0;0.0;0.0;42.0;0.9008001089096069;0.03657370060682297;0.021168267354369164;0.009766045957803726;0.010059962049126625;0.02009529620409012;0.0015366682782769203
5;opponent;57.0;13.0;10.0;0.0;0.375;1.0;0.0;1.0;0.0;0.0;37.0;0.8418907523155212;0.036898139864206314;0.038659561425447464;0.009791393764317036;0.05559087172150612;0.014465258456766605;0.002703980542719364
5;proponent;72.0;11.0;9.0;0.08333333333333333;0.13095238095238096;0.0;0.0;0.0;0.0;0.0;30.0;0.35986846685409546;0.46267643570899963;0.1290913224220276;0.008681719191372395;0.01666964590549469;0.021615879610180855;0.0013965036487206817
