model_name,debate_role,stage,confidence_mean,confidence_median,confidence_std,confidence_min,confidence_max,confidence_count,confidence_delta_within_role_mean,confidence_delta_within_role_median,confidence_delta_within_role_std,confidence_delta_within_role_min,confidence_delta_within_role_max,confidence_delta_within_role_count,word_count_mean,word_count_median,word_count_std,word_count_min,word_count_max,word_count_count,avg_sentence_length_mean,avg_sentence_length_median,avg_sentence_length_std,avg_sentence_length_min,avg_sentence_length_max,avg_sentence_length_count,lemma_type_token_ratio_mean,lemma_type_token_ratio_median,lemma_type_token_ratio_std,lemma_type_token_ratio_min,lemma_type_token_ratio_max,lemma_type_token_ratio_count,vader_compound_mean,vader_compound_median,vader_compound_std,vader_compound_min,vader_compound_max,vader_compound_count,evidence_density_per_1k_words_mean,evidence_density_per_1k_words_median,evidence_density_per_1k_words_std,evidence_density_per_1k_words_min,evidence_density_per_1k_words_max,evidence_density_per_1k_words_count,rebuttal_density_per_1k_words_mean,rebuttal_density_per_1k_words_median,rebuttal_density_per_1k_words_std,rebuttal_density_per_1k_words_min,rebuttal_density_per_1k_words_max,rebuttal_density_per_1k_words_count,hedge_density_per_1k_words_mean,hedge_density_per_1k_words_median,hedge_density_per_1k_words_std,hedge_density_per_1k_words_min,hedge_density_per_1k_words_max,hedge_density_per_1k_words_count,assertive_density_per_1k_words_mean,assertive_density_per_1k_words_median,assertive_density_per_1k_words_std,assertive_density_per_1k_words_min,assertive_density_per_1k_words_max,assertive_density_per_1k_words_count,strong_modal_density_per_1k_words_mean,strong_modal_density_per_1k_words_median,strong_modal_density_per_1k_words_std,strong_modal_density_per_1k_words_min,strong_modal_density_per_1k_words_max,strong_modal_density_per_1k_words_count,weak_modal_density_per_1k_words_mean,weak_modal_density_per_1k_words_median,weak_modal_density_per_1k_words_std,weak_modal_density_per_1k_words_min,weak_modal_density_per_1k_words_max,weak_modal_density_per_1k_words_count,moral_density_per_1k_words_mean,moral_density_per_1k_words_median,moral_density_per_1k_words_std,moral_density_per_1k_words_min,moral_density_per_1k_words_max,moral_density_per_1k_words_count,stance_proxy_score_mean,stance_proxy_score_median,stance_proxy_score_std,stance_proxy_score_min,stance_proxy_score_max,stance_proxy_score_count,assertiveness_balance_mean,assertiveness_balance_median,assertiveness_balance_std,assertiveness_balance_min,assertiveness_balance_max,assertiveness_balance_count,modality_balance_mean,modality_balance_median,modality_balance_std,modality_balance_min,modality_balance_max,modality_balance_count,lexical_overlap_prev_other_turn_mean,lexical_overlap_prev_other_turn_median,lexical_overlap_prev_other_turn_std,lexical_overlap_prev_other_turn_min,lexical_overlap_prev_other_turn_max,lexical_overlap_prev_other_turn_count,semantic_similarity_prev_other_turn_mean,semantic_similarity_prev_other_turn_median,semantic_similarity_prev_other_turn_std,semantic_similarity_prev_other_turn_min,semantic_similarity_prev_other_turn_max,semantic_similarity_prev_other_turn_count,lexical_overlap_prev_opponent_turn_mean,lexical_overlap_prev_opponent_turn_median,lexical_overlap_prev_opponent_turn_std,lexical_overlap_prev_opponent_turn_min,lexical_overlap_prev_opponent_turn_max,lexical_overlap_prev_opponent_turn_count,semantic_similarity_prev_opponent_turn_mean,semantic_similarity_prev_opponent_turn_median,semantic_similarity_prev_opponent_turn_std,semantic_similarity_prev_opponent_turn_min,semantic_similarity_prev_opponent_turn_max,semantic_similarity_prev_opponent_turn_count,novelty_vs_prev_turn_lexical_mean,novelty_vs_prev_turn_lexical_median,novelty_vs_prev_turn_lexical_std,novelty_vs_prev_turn_lexical_min,novelty_vs_prev_turn_lexical_max,novelty_vs_prev_turn_lexical_count,novelty_vs_prev_turn_semantic_mean,novelty_vs_prev_turn_semantic_median,novelty_vs_prev_turn_semantic_std,novelty_vs_prev_turn_semantic_min,novelty_vs_prev_turn_semantic_max,novelty_vs_prev_turn_semantic_count,novelty_vs_prev_opponent_turn_lexical_mean,novelty_vs_prev_opponent_turn_lexical_median,novelty_vs_prev_opponent_turn_lexical_std,novelty_vs_prev_opponent_turn_lexical_min,novelty_vs_prev_opponent_turn_lexical_max,novelty_vs_prev_opponent_turn_lexical_count,novelty_vs_prev_opponent_turn_semantic_mean,novelty_vs_prev_opponent_turn_semantic_median,novelty_vs_prev_opponent_turn_semantic_std,novelty_vs_prev_opponent_turn_semantic_min,novelty_vs_prev_opponent_turn_semantic_max,novelty_vs_prev_opponent_turn_semantic_count,has_evidence_rate,has_rebuttal_rate,has_question_rate,total_words,utterance_count
gemma3:27b,moderator,closing,,,,,,0,,,,,,0,182.0,182.0,8.48528137423857,176,188,2,29.35,29.35,8.273149339882607,23.5,35.2,2,0.7606737171954563,0.7606737171954563,0.031020744023851732,0.7387387387387387,0.782608695652174,2,0.2823,0.2823,0.7394922717648914,-0.2406,0.8052,2,71.86895551257254,71.86895551257254,18.89151337551101,58.51063829787234,85.22727272727273,2,0.0,0.0,0.0,0.0,0.0,2,8.341392649903288,8.341392649903288,4.274098048758145,5.319148936170213,11.363636363636363,2,0.0,0.0,0.0,0.0,0.0,2,0.0,0.0,0.0,0.0,0.0,2,0.0,0.0,0.0,0.0,0.0,2,0.8786090749678179,0.8786090749678179,0.01436109450114618,0.8684542476607967,0.8887639022748393,2,-1.5,-1.5,2.1213203435596424,-3.0,0.0,2,-0.008341392649903289,-0.008341392649903289,0.004274098048758146,-0.011363636363636364,-0.005319148936170213,2,0.0,0.0,0.0,0.0,0.0,2,0.15035329549403453,0.15035329549403453,0.006061149288521313,0.14606741573033707,0.15463917525773196,2,0.6276857317618336,0.6276857317618336,0.04347609303009584,0.5969434915607557,0.6584279719629116,2,0.0,0.0,0.0,0.0,0.0,2,,,,,,0,0.8496467045059655,0.8496467045059655,0.006061149288521302,0.845360824742268,0.8539325842696629,2,0.3723142682381664,0.3723142682381664,0.04347609303009584,0.3415720280370884,0.40305650843924434,2,1.0,1.0,0.0,1.0,1.0,2,,,,,,0,1.0,0.0,1.0,364,2
gemma3:27b,moderator,middle,,,,,,0,,,,,,0,221.5,221.5,2.1213203435596424,220,223,2,36.916666666666664,36.916666666666664,0.3535533905932738,36.666666666666664,37.166666666666664,2,0.7218045112781954,0.7218045112781954,0.031899554038490825,0.6992481203007519,0.7443609022556391,2,0.02314999999999999,0.02314999999999999,0.37299882707590387,-0.2406,0.2869,2,58.72401141459437,58.72401141459437,6.947115135179694,53.81165919282511,63.63636363636363,2,0.0,0.0,0.0,0.0,0.0,2,4.514879739094986,4.514879739094986,0.04323930582062107,4.484304932735426,4.545454545454546,2,0.0,0.0,0.0,0.0,0.0,2,0.0,0.0,0.0,0.0,0.0,2,0.0,0.0,0.0,0.0,0.0,2,0.7270159539193073,0.7270159539193073,0.024153831840760316,0.7099366156330662,0.7440952922055485,2,1.0,1.0,0.0,1.0,1.0,2,-0.004514879739094986,-0.004514879739094986,4.32393058206201e-05,-0.004545454545454545,-0.004484304932735426,2,0.0,0.0,0.0,0.0,0.0,2,0.13235013363879342,0.13235013363879342,0.01694194368822293,0.12037037037037036,0.14432989690721648,2,0.6769359156754919,0.6769359156754919,0.07157710991738567,0.6263232558751737,0.7275485754758103,2,0.0,0.0,0.0,0.0,0.0,2,,,,,,0,0.8676498663612067,0.8676498663612067,0.016941943688222938,0.8556701030927836,0.8796296296296297,2,0.323064084324508,0.323064084324508,0.07157710991738571,0.2724514245241897,0.3736767441248263,2,1.0,1.0,0.0,1.0,1.0,2,,,,,,0,1.0,0.0,1.0,443,2
gemma3:27b,moderator,opening,,,,,,0,,,,,,0,228.0,228.0,,228,228,1,57.0,57.0,,57.0,57.0,1,0.7465753424657534,0.7465753424657534,,0.7465753424657534,0.7465753424657534,1,-0.1164,-0.1164,,-0.1164,-0.1164,1,74.56140350877193,74.56140350877193,,74.56140350877193,74.56140350877193,1,0.0,0.0,,0.0,0.0,1,0.0,0.0,,0.0,0.0,1,4.385964912280702,4.385964912280702,,4.385964912280702,4.385964912280702,1,4.385964912280702,4.385964912280702,,4.385964912280702,4.385964912280702,1,0.0,0.0,,0.0,0.0,1,0.7804886281996238,0.7804886281996238,,0.7804886281996238,0.7804886281996238,1,2.0,2.0,,2.0,2.0,1,0.0043859649122807015,0.0043859649122807015,,0.0043859649122807015,0.0043859649122807015,1,0.0043859649122807015,0.0043859649122807015,,0.0043859649122807015,0.0043859649122807015,1,0.15178571428571427,0.15178571428571427,,0.15178571428571427,0.15178571428571427,1,0.6746874067925677,0.6746874067925677,,0.6746874067925677,0.6746874067925677,1,0.0,0.0,,0.0,0.0,1,,,,,,0,0.8482142857142857,0.8482142857142857,,0.8482142857142857,0.8482142857142857,1,0.32531259320743233,0.32531259320743233,,0.32531259320743233,0.32531259320743233,1,1.0,1.0,,1.0,1.0,1,,,,,,0,1.0,0.0,1.0,228,1
gemma3:27b,opponent,closing,51.0,51.0,1.4142135623730951,50.0,52.0,2,-0.5,-0.5,3.5355339059327378,-3.0,2.0,2,32.0,32.0,1.4142135623730951,31,33,2,32.0,32.0,1.4142135623730951,31.0,33.0,2,1.0,1.0,0.0,1.0,1.0,2,-0.012800000000000002,-0.012800000000000002,0.09107535341682733,-0.0772,0.0516,2,15.151515151515152,15.151515151515152,21.42747821777417,0.0,30.303030303030305,2,0.0,0.0,0.0,0.0,0.0,2,0.0,0.0,0.0,0.0,0.0,2,0.0,0.0,0.0,0.0,0.0,2,0.0,0.0,0.0,0.0,0.0,2,0.0,0.0,0.0,0.0,0.0,2,5.034108566525269,5.034108566525269,0.21570309722190195,4.881583443756721,5.186633689293817,2,0.5,0.5,0.7071067811865476,-0.0,1.0,2,0.0,0.0,0.0,0.0,0.0,2,0.0,0.0,0.0,0.0,0.0,2,0.19464285714285712,0.19464285714285712,0.027779194975185804,0.175,0.21428571428571427,2,0.6551329351715729,0.6551329351715729,0.036859451754205415,0.6290693668853559,0.6811965034577899,2,0.19464285714285712,0.19464285714285712,0.027779194975185804,0.175,0.21428571428571427,2,0.6551329351715729,0.6551329351715729,0.036859451754205415,0.6290693668853559,0.6811965034577899,2,0.8053571428571429,0.8053571428571429,0.027779194975185814,0.7857142857142857,0.825,2,0.3448670648284271,0.3448670648284271,0.036859451754205415,0.3188034965422101,0.37093063311464414,2,0.8053571428571429,0.8053571428571429,0.027779194975185814,0.7857142857142857,0.825,2,0.3448670648284271,0.3448670648284271,0.036859451754205415,0.3188034965422101,0.37093063311464414,2,0.5,0.0,0.0,64,2
gemma3:27b,opponent,middle,53.0,53.0,,53.0,53.0,1,1.0,1.0,,1.0,1.0,1,27.0,27.0,,27,27,1,27.0,27.0,,27.0,27.0,1,1.0,1.0,,1.0,1.0,1,-0.7003,-0.7003,,-0.7003,-0.7003,1,37.03703703703704,37.03703703703704,,37.03703703703704,37.03703703703704,1,0.0,0.0,,0.0,0.0,1,0.0,0.0,,0.0,0.0,1,0.0,0.0,,0.0,0.0,1,0.0,0.0,,0.0,0.0,1,0.0,0.0,,0.0,0.0,1,5.336630035654902,5.336630035654902,,5.336630035654902,5.336630035654902,1,1.0,1.0,,1.0,1.0,1,0.0,0.0,,0.0,0.0,1,0.0,0.0,,0.0,0.0,1,0.05128205128205128,0.05128205128205128,,0.05128205128205128,0.05128205128205128,1,0.7105600223311055,0.7105600223311055,,0.7105600223311055,0.7105600223311055,1,0.05128205128205128,0.05128205128205128,,0.05128205128205128,0.05128205128205128,1,0.7105600223311055,0.7105600223311055,,0.7105600223311055,0.7105600223311055,1,0.9487179487179487,0.9487179487179487,,0.9487179487179487,0.9487179487179487,1,0.2894399776688945,0.2894399776688945,,0.2894399776688945,0.2894399776688945,1,0.9487179487179487,0.9487179487179487,,0.9487179487179487,0.9487179487179487,1,0.2894399776688945,0.2894399776688945,,0.2894399776688945,0.2894399776688945,1,1.0,0.0,0.0,27,1
gemma3:27b,opponent,opening,51.0,51.0,1.4142135623730951,50.0,52.0,2,2.0,2.0,,2.0,2.0,1,30.0,30.0,1.4142135623730951,29,31,2,30.0,30.0,1.4142135623730951,29.0,31.0,2,1.0,1.0,0.0,1.0,1.0,2,0.6992499999999999,0.6992499999999999,0.16030110729499036,0.5859,0.8126,2,16.129032258064516,16.129032258064516,22.809896167307983,0.0,32.25806451612903,2,0.0,0.0,0.0,0.0,0.0,2,0.0,0.0,0.0,0.0,0.0,2,0.0,0.0,0.0,0.0,0.0,2,0.0,0.0,0.0,0.0,0.0,2,0.0,0.0,0.0,0.0,0.0,2,6.156472100177858,6.156472100177858,0.3927547998055649,5.878752517891779,6.434191682463938,2,0.0,-0.0,0.0,-0.0,-0.0,2,0.0,0.0,0.0,0.0,0.0,2,0.0,0.0,0.0,0.0,0.0,2,0.11857018308631212,0.11857018308631212,0.014795608324740308,0.10810810810810811,0.12903225806451613,2,0.6982721687525579,0.6982721687525579,0.03737795733258952,0.6718419616557825,0.7247023758493335,2,0.11857018308631212,0.11857018308631212,0.014795608324740308,0.10810810810810811,0.12903225806451613,2,0.6982721687525579,0.6982721687525579,0.03737795733258952,0.6718419616557825,0.7247023758493335,2,0.8814298169136878,0.8814298169136878,0.014795608324740347,0.8709677419354839,0.8918918918918919,2,0.301727831247442,0.301727831247442,0.03737795733258956,0.2752976241506665,0.32815803834421753,2,0.8814298169136878,0.8814298169136878,0.014795608324740347,0.8709677419354839,0.8918918918918919,2,0.301727831247442,0.301727831247442,0.03737795733258956,0.2752976241506665,0.32815803834421753,2,0.5,0.0,0.0,60,2
gemma3:27b,proponent,closing,42.0,42.0,,42.0,42.0,1,-3.0,-3.0,,-3.0,-3.0,1,47.0,47.0,,47,47,1,47.0,47.0,,47.0,47.0,1,1.0,1.0,,1.0,1.0,1,-0.2263,-0.2263,,-0.2263,-0.2263,1,21.27659574468085,21.27659574468085,,21.27659574468085,21.27659574468085,1,0.0,0.0,,0.0,0.0,1,0.0,0.0,,0.0,0.0,1,0.0,0.0,,0.0,0.0,1,0.0,0.0,,0.0,0.0,1,0.0,0.0,,0.0,0.0,1,4.054390009441157,4.054390009441157,,4.054390009441157,4.054390009441157,1,-1.0,-1.0,,-1.0,-1.0,1,0.0,0.0,,0.0,0.0,1,0.0,0.0,,0.0,0.0,1,0.11,0.11,,0.11,0.11,1,0.5919008579247536,0.5919008579247536,,0.5919008579247536,0.5919008579247536,1,0.08888888888888889,0.08888888888888889,,0.08888888888888889,0.08888888888888889,1,0.652121737032685,0.652121737032685,,0.652121737032685,0.652121737032685,1,0.89,0.89,,0.89,0.89,1,0.40809914207524645,0.40809914207524645,,0.40809914207524645,0.40809914207524645,1,0.9111111111111111,0.9111111111111111,,0.9111111111111111,0.9111111111111111,1,0.34787826296731506,0.34787826296731506,,0.34787826296731506,0.34787826296731506,1,1.0,0.0,0.0,47,1
gemma3:27b,proponent,middle,46.5,46.5,2.1213203435596424,45.0,48.0,2,-2.5,-2.5,0.7071067811865476,-3.0,-2.0,2,37.0,37.0,4.242640687119285,34,40,2,37.0,37.0,4.242640687119285,34.0,40.0,2,1.0,1.0,0.0,1.0,1.0,2,-0.031700000000000006,-0.031700000000000006,0.9455431878026515,-0.7003,0.6369,2,0.0,0.0,0.0,0.0,0.0,2,12.5,12.5,17.67766952966369,0.0,25.0,2,0.0,0.0,0.0,0.0,0.0,2,0.0,0.0,0.0,0.0,0.0,2,0.0,0.0,0.0,0.0,0.0,2,0.0,0.0,0.0,0.0,0.0,2,4.6110149796691005,4.6110149796691005,0.14453236836518396,4.508815161897126,4.713214797441074,2,-0.5,-0.5,0.7071067811865476,-1.0,0.0,2,0.0,0.0,0.0,0.0,0.0,2,0.0,0.0,0.0,0.0,0.0,2,0.06640260950605778,0.06640260950605778,0.020758493576305923,0.05172413793103448,0.08108108108108109,2,0.4627264720632481,0.4627264720632481,0.08760830716677101,0.4007780439773503,0.5246749001491459,2,0.03461945031712474,0.03461945031712474,0.01681807883371809,0.022727272727272728,0.046511627906976744,2,0.5332095257077423,0.5332095257077423,0.003181665221014856,0.5309597486544974,0.5354593027609873,2,0.9335973904939422,0.9335973904939422,0.020758493576305964,0.9189189189189189,0.9482758620689655,2,0.537273527936752,0.537273527936752,0.08760830716677097,0.47532509985085414,0.5992219560226497,2,0.9653805496828753,0.9653805496828753,0.01681807883371813,0.9534883720930233,0.9772727272727273,2,0.4667904742922577,0.4667904742922577,0.003181665221014817,0.4645406972390127,0.46904025134550265,2,0.0,0.5,0.0,74,2
gemma3:27b,proponent,opening,52.5,52.5,3.5355339059327378,50.0,55.0,2,-5.0,-5.0,,-5.0,-5.0,1,29.5,29.5,3.5355339059327378,27,32,2,29.5,29.5,3.5355339059327378,27.0,32.0,2,0.96875,0.96875,0.04419417382415922,0.9375,1.0,2,0.575,0.575,0.19035314549541857,0.4404,0.7096,2,15.625,15.625,22.09708691207961,0.0,31.25,2,0.0,0.0,0.0,0.0,0.0,2,0.0,0.0,0.0,0.0,0.0,2,0.0,0.0,0.0,0.0,0.0,2,0.0,0.0,0.0,0.0,0.0,2,0.0,0.0,0.0,0.0,0.0,2,5.621793804113727,5.621793804113727,0.7080514705335953,5.121125807870315,6.122461800357139,2,0.0,0.0,0.0,0.0,0.0,2,0.0,0.0,0.0,0.0,0.0,2,0.0,0.0,0.0,0.0,0.0,2,0.037815126050420166,0.037815126050420166,0.05347866412335233,0.0,0.07563025210084033,2,0.4446247953928688,0.4446247953928688,,0.4446247953928688,0.4446247953928688,1,0.013157894736842105,0.013157894736842105,0.01860807318911967,0.0,0.02631578947368421,2,0.4293505576943193,0.4293505576943193,,0.4293505576943193,0.4293505576943193,1,0.9621848739495799,0.9621848739495799,0.0534786641233523,0.9243697478991597,1.0,2,0.5553752046071312,0.5553752046071312,,0.5553752046071312,0.5553752046071312,1,0.986842105263158,0.986842105263158,0.01860807318911969,0.9736842105263158,1.0,2,0.5706494423056807,0.5706494423056807,,0.5706494423056807,0.5706494423056807,1,0.5,0.0,0.0,59,2
