model_name,debate_role,sample_type,topic_id,topic_category,stage,round,turn_index,confidence,utterance
dolphin-yi-34b,moderator,highest_confidence,moon_landing_hoax,government,opening,1,3,,"[MODERATOR][Round 1 Recap]
Agreements: Both agents acknowledge the high stakes involved in the Space Race between the US and Soviet Union during the Cold War era.
Disagreements: CA argues that the Apollo moon landings were staged by the US government to win the Space Race against the Soviet Union, citing inconsistencies like the American flag's lack of shadows on the lunar surface as evidence of fakery. SA counters with evidence such as photographs, telemetry data, rock samples brought back from the moon, and testimonials from thousands of scientists and engineers involved in the program.
Detected moves: appeal to authority (SA uses testimonials from experts)
Scores: civility=5/5, epistemic=4/5, bridge=3/5
Next questions: What specific inconsistencies in the official narrative support your claim that the moon landings were staged?, How do you respond to the evidence presented by SA, such as lunar rock samples and telemetry data, which suggests the missions were authentic?"
dolphin-yi-34b,moderator,most_evidence_dense,moon_landing_hoax,government,middle,2,6,,"[MODERATOR][Round 2 Recap]
Agreements: Agreement on the significance of photographic evidence in evaluating the authenticity of the Apollo moon landings.
Disagreements: Disagreement on whether the blurry and inconsistent images from the Apollo missions indicate manipulation or staging versus being a result of technological limitations and natural surface variations on the Moon.
Detected moves: 
Scores: civility=5/5, epistemic=4/5, bridge=3/5
Next questions: What specific inconsistencies in the photographic evidence cannot be explained by technological limitations or natural surface variations?, How can independent analysis of the photographic evidence help determine its authenticity and address concerns about manipulation or staging?"
dolphin-yi-34b,moderator,most_rebuttal_dense,moon_landing_hoax,government,opening,1,3,,"[MODERATOR][Round 1 Recap]
Agreements: Both agents acknowledge the high stakes involved in the Space Race between the US and Soviet Union during the Cold War era.
Disagreements: CA argues that the Apollo moon landings were staged by the US government to win the Space Race against the Soviet Union, citing inconsistencies like the American flag's lack of shadows on the lunar surface as evidence of fakery. SA counters with evidence such as photographs, telemetry data, rock samples brought back from the moon, and testimonials from thousands of scientists and engineers involved in the program.
Detected moves: appeal to authority (SA uses testimonials from experts)
Scores: civility=5/5, epistemic=4/5, bridge=3/5
Next questions: What specific inconsistencies in the official narrative support your claim that the moon landings were staged?, How do you respond to the evidence presented by SA, such as lunar rock samples and telemetry data, which suggests the missions were authentic?"
dolphin-yi-34b,moderator,most_hedged,moon_landing_hoax,government,closing,3,9,,"[MODERATOR][Round 3 Recap]
Agreements: Both agents acknowledge the Cold War context as a significant factor influencing US space program decisions., Both agents recognize the importance of photographic evidence in this debate.
Disagreements: CA argues that inconsistencies in photographic evidence suggest manipulation or staging, while SA believes these inconsistencies could be due to natural factors or technological limitations at the time., SA questions the feasibility of maintaining a large-scale conspiracy involving thousands of professionals involved in the Apollo program, whereas CA does not address this point directly.
Detected moves: institutional-critique, evidence-based reasoning
Scores: civility=4/5, epistemic=3/5, bridge=3/5
Next questions: What specific inconsistencies in the photographic evidence do you find suspicious, and how do they point to manipulation or staging?, How would you respond to the argument that maintaining a large-scale conspiracy involving thousands of professionals involved in the Apollo program is highly unlikely?"
dolphin-yi-34b,moderator,most_assertive,moon_landing_hoax,government,opening,1,3,,"[MODERATOR][Round 1 Recap]
Agreements: Both agents acknowledge the high stakes involved in the Space Race between the US and Soviet Union during the Cold War era.
Disagreements: CA argues that the Apollo moon landings were staged by the US government to win the Space Race against the Soviet Union, citing inconsistencies like the American flag's lack of shadows on the lunar surface as evidence of fakery. SA counters with evidence such as photographs, telemetry data, rock samples brought back from the moon, and testimonials from thousands of scientists and engineers involved in the program.
Detected moves: appeal to authority (SA uses testimonials from experts)
Scores: civility=5/5, epistemic=4/5, bridge=3/5
Next questions: What specific inconsistencies in the official narrative support your claim that the moon landings were staged?, How do you respond to the evidence presented by SA, such as lunar rock samples and telemetry data, which suggests the missions were authentic?"
dolphin-yi-34b,moderator,most_moral_framed,moon_landing_hoax,government,middle,2,6,,"[MODERATOR][Round 2 Recap]
Agreements: Agreement on the significance of photographic evidence in evaluating the authenticity of the Apollo moon landings.
Disagreements: Disagreement on whether the blurry and inconsistent images from the Apollo missions indicate manipulation or staging versus being a result of technological limitations and natural surface variations on the Moon.
Detected moves: 
Scores: civility=5/5, epistemic=4/5, bridge=3/5
Next questions: What specific inconsistencies in the photographic evidence cannot be explained by technological limitations or natural surface variations?, How can independent analysis of the photographic evidence help determine its authenticity and address concerns about manipulation or staging?"
dolphin-yi-34b,moderator,strongest_stance_proxy,moon_landing_hoax,government,opening,1,3,,"[MODERATOR][Round 1 Recap]
Agreements: Both agents acknowledge the high stakes involved in the Space Race between the US and Soviet Union during the Cold War era.
Disagreements: CA argues that the Apollo moon landings were staged by the US government to win the Space Race against the Soviet Union, citing inconsistencies like the American flag's lack of shadows on the lunar surface as evidence of fakery. SA counters with evidence such as photographs, telemetry data, rock samples brought back from the moon, and testimonials from thousands of scientists and engineers involved in the program.
Detected moves: appeal to authority (SA uses testimonials from experts)
Scores: civility=5/5, epistemic=4/5, bridge=3/5
Next questions: What specific inconsistencies in the official narrative support your claim that the moon landings were staged?, How do you respond to the evidence presented by SA, such as lunar rock samples and telemetry data, which suggests the missions were authentic?"
dolphin-yi-34b,moderator,weakest_stance_proxy,moon_landing_hoax,government,middle,2,6,,"[MODERATOR][Round 2 Recap]
Agreements: Agreement on the significance of photographic evidence in evaluating the authenticity of the Apollo moon landings.
Disagreements: Disagreement on whether the blurry and inconsistent images from the Apollo missions indicate manipulation or staging versus being a result of technological limitations and natural surface variations on the Moon.
Detected moves: 
Scores: civility=5/5, epistemic=4/5, bridge=3/5
Next questions: What specific inconsistencies in the photographic evidence cannot be explained by technological limitations or natural surface variations?, How can independent analysis of the photographic evidence help determine its authenticity and address concerns about manipulation or staging?"
dolphin-yi-34b,opponent,highest_confidence,moon_landing_hoax,government,closing,3,8,84.0,The Apollo moon landings were not staged; they were real missions that advanced human knowledge of space.
dolphin-yi-34b,opponent,most_evidence_dense,moon_landing_hoax,government,opening,1,2,80.0,"The Apollo moon landing missions were not staged by NASA and the US government. The evidence supporting this includes photographs, telemetry data, rock samples brought back from the moon, and testimonials from thousands of scientists and engineers involved in the program."
dolphin-yi-34b,opponent,most_rebuttal_dense,moon_landing_hoax,government,middle,2,5,82.0,The photographic evidence from the Apollo missions may appear blurry due to the limitations of technology at the time and the vast distance between Earth and the Moon. The inconsistencies in lighting and shadows could be a result of natural variations on the lunar surface or camera angle differences. These factors do not necessarily indicate manipulation or staging.
dolphin-yi-34b,opponent,most_hedged,moon_landing_hoax,government,middle,2,5,82.0,The photographic evidence from the Apollo missions may appear blurry due to the limitations of technology at the time and the vast distance between Earth and the Moon. The inconsistencies in lighting and shadows could be a result of natural variations on the lunar surface or camera angle differences. These factors do not necessarily indicate manipulation or staging.
dolphin-yi-34b,opponent,most_assertive,moon_landing_hoax,government,middle,2,5,82.0,The photographic evidence from the Apollo missions may appear blurry due to the limitations of technology at the time and the vast distance between Earth and the Moon. The inconsistencies in lighting and shadows could be a result of natural variations on the lunar surface or camera angle differences. These factors do not necessarily indicate manipulation or staging.
dolphin-yi-34b,opponent,most_moral_framed,moon_landing_hoax,government,closing,3,8,84.0,The Apollo moon landings were not staged; they were real missions that advanced human knowledge of space.
dolphin-yi-34b,opponent,strongest_stance_proxy,moon_landing_hoax,government,middle,2,5,82.0,The photographic evidence from the Apollo missions may appear blurry due to the limitations of technology at the time and the vast distance between Earth and the Moon. The inconsistencies in lighting and shadows could be a result of natural variations on the lunar surface or camera angle differences. These factors do not necessarily indicate manipulation or staging.
dolphin-yi-34b,opponent,weakest_stance_proxy,moon_landing_hoax,government,closing,3,8,84.0,The Apollo moon landings were not staged; they were real missions that advanced human knowledge of space.
dolphin-yi-34b,proponent,highest_confidence,moon_landing_hoax,government,opening,1,1,55.0,The Apollo moon landings were a strategic move by the US government to win the Space Race against the Soviet Union. The elaborate nature of the conspiracy is evidence of the stakes involved in this Cold War competition.
dolphin-yi-34b,proponent,most_evidence_dense,moon_landing_hoax,government,opening,1,1,55.0,The Apollo moon landings were a strategic move by the US government to win the Space Race against the Soviet Union. The elaborate nature of the conspiracy is evidence of the stakes involved in this Cold War competition.
dolphin-yi-34b,proponent,most_rebuttal_dense,moon_landing_hoax,government,opening,1,1,55.0,The Apollo moon landings were a strategic move by the US government to win the Space Race against the Soviet Union. The elaborate nature of the conspiracy is evidence of the stakes involved in this Cold War competition.
dolphin-yi-34b,proponent,most_hedged,moon_landing_hoax,government,opening,1,1,55.0,The Apollo moon landings were a strategic move by the US government to win the Space Race against the Soviet Union. The elaborate nature of the conspiracy is evidence of the stakes involved in this Cold War competition.
dolphin-yi-34b,proponent,most_assertive,moon_landing_hoax,government,opening,1,1,55.0,The Apollo moon landings were a strategic move by the US government to win the Space Race against the Soviet Union. The elaborate nature of the conspiracy is evidence of the stakes involved in this Cold War competition.
dolphin-yi-34b,proponent,most_moral_framed,moon_landing_hoax,government,middle,2,4,45.0,The blurry and inconsistent images from the Apollo moon landings further support the argument that they were staged.
dolphin-yi-34b,proponent,strongest_stance_proxy,moon_landing_hoax,government,opening,1,1,55.0,The Apollo moon landings were a strategic move by the US government to win the Space Race against the Soviet Union. The elaborate nature of the conspiracy is evidence of the stakes involved in this Cold War competition.
dolphin-yi-34b,proponent,weakest_stance_proxy,moon_landing_hoax,government,middle,2,4,45.0,The blurry and inconsistent images from the Apollo moon landings further support the argument that they were staged.
