topic_id,topic_category,debate_role,confidence_mean,confidence_median,confidence_std,confidence_min,confidence_max,confidence_count,confidence_delta_within_role_mean,confidence_delta_within_role_median,confidence_delta_within_role_std,confidence_delta_within_role_min,confidence_delta_within_role_max,confidence_delta_within_role_count,word_count_mean,word_count_median,word_count_std,word_count_min,word_count_max,word_count_count,avg_sentence_length_mean,avg_sentence_length_median,avg_sentence_length_std,avg_sentence_length_min,avg_sentence_length_max,avg_sentence_length_count,lemma_type_token_ratio_mean,lemma_type_token_ratio_median,lemma_type_token_ratio_std,lemma_type_token_ratio_min,lemma_type_token_ratio_max,lemma_type_token_ratio_count,vader_compound_mean,vader_compound_median,vader_compound_std,vader_compound_min,vader_compound_max,vader_compound_count,evidence_density_per_1k_words_mean,evidence_density_per_1k_words_median,evidence_density_per_1k_words_std,evidence_density_per_1k_words_min,evidence_density_per_1k_words_max,evidence_density_per_1k_words_count,rebuttal_density_per_1k_words_mean,rebuttal_density_per_1k_words_median,rebuttal_density_per_1k_words_std,rebuttal_density_per_1k_words_min,rebuttal_density_per_1k_words_max,rebuttal_density_per_1k_words_count,hedge_density_per_1k_words_mean,hedge_density_per_1k_words_median,hedge_density_per_1k_words_std,hedge_density_per_1k_words_min,hedge_density_per_1k_words_max,hedge_density_per_1k_words_count,assertive_density_per_1k_words_mean,assertive_density_per_1k_words_median,assertive_density_per_1k_words_std,assertive_density_per_1k_words_min,assertive_density_per_1k_words_max,assertive_density_per_1k_words_count,strong_modal_density_per_1k_words_mean,strong_modal_density_per_1k_words_median,strong_modal_density_per_1k_words_std,strong_modal_density_per_1k_words_min,strong_modal_density_per_1k_words_max,strong_modal_density_per_1k_words_count,weak_modal_density_per_1k_words_mean,weak_modal_density_per_1k_words_median,weak_modal_density_per_1k_words_std,weak_modal_density_per_1k_words_min,weak_modal_density_per_1k_words_max,weak_modal_density_per_1k_words_count,moral_density_per_1k_words_mean,moral_density_per_1k_words_median,moral_density_per_1k_words_std,moral_density_per_1k_words_min,moral_density_per_1k_words_max,moral_density_per_1k_words_count,stance_proxy_score_mean,stance_proxy_score_median,stance_proxy_score_std,stance_proxy_score_min,stance_proxy_score_max,stance_proxy_score_count,assertiveness_balance_mean,assertiveness_balance_median,assertiveness_balance_std,assertiveness_balance_min,assertiveness_balance_max,assertiveness_balance_count,modality_balance_mean,modality_balance_median,modality_balance_std,modality_balance_min,modality_balance_max,modality_balance_count,lexical_overlap_prev_other_turn_mean,lexical_overlap_prev_other_turn_median,lexical_overlap_prev_other_turn_std,lexical_overlap_prev_other_turn_min,lexical_overlap_prev_other_turn_max,lexical_overlap_prev_other_turn_count,semantic_similarity_prev_other_turn_mean,semantic_similarity_prev_other_turn_median,semantic_similarity_prev_other_turn_std,semantic_similarity_prev_other_turn_min,semantic_similarity_prev_other_turn_max,semantic_similarity_prev_other_turn_count,lexical_overlap_prev_opponent_turn_mean,lexical_overlap_prev_opponent_turn_median,lexical_overlap_prev_opponent_turn_std,lexical_overlap_prev_opponent_turn_min,lexical_overlap_prev_opponent_turn_max,lexical_overlap_prev_opponent_turn_count,semantic_similarity_prev_opponent_turn_mean,semantic_similarity_prev_opponent_turn_median,semantic_similarity_prev_opponent_turn_std,semantic_similarity_prev_opponent_turn_min,semantic_similarity_prev_opponent_turn_max,semantic_similarity_prev_opponent_turn_count,novelty_vs_prev_turn_lexical_mean,novelty_vs_prev_turn_lexical_median,novelty_vs_prev_turn_lexical_std,novelty_vs_prev_turn_lexical_min,novelty_vs_prev_turn_lexical_max,novelty_vs_prev_turn_lexical_count,novelty_vs_prev_turn_semantic_mean,novelty_vs_prev_turn_semantic_median,novelty_vs_prev_turn_semantic_std,novelty_vs_prev_turn_semantic_min,novelty_vs_prev_turn_semantic_max,novelty_vs_prev_turn_semantic_count,novelty_vs_prev_opponent_turn_lexical_mean,novelty_vs_prev_opponent_turn_lexical_median,novelty_vs_prev_opponent_turn_lexical_std,novelty_vs_prev_opponent_turn_lexical_min,novelty_vs_prev_opponent_turn_lexical_max,novelty_vs_prev_opponent_turn_lexical_count,novelty_vs_prev_opponent_turn_semantic_mean,novelty_vs_prev_opponent_turn_semantic_median,novelty_vs_prev_opponent_turn_semantic_std,novelty_vs_prev_opponent_turn_semantic_min,novelty_vs_prev_opponent_turn_semantic_max,novelty_vs_prev_opponent_turn_semantic_count,has_evidence_rate,has_rebuttal_rate,has_question_rate,total_words,utterance_count
5g_health_risks,technology,moderator,,,,,,0,,,,,,0,136.86666666666667,136.0,33.099129610193394,95,201,15,32.78523809523809,29.25,8.724973149677023,20.8,50.25,15,0.7072157613776631,0.7027027027027027,0.10666364672116783,0.4852941176470588,0.8688524590163934,15,0.33681333333333335,0.6072,0.7670171574414251,-0.9509,0.9763,15,83.9791274301616,86.20689655172414,11.37244945710271,65.21739130434783,100.0,15,0.49019607843137253,0.0,1.8985212481408904,0.0,7.352941176470588,15,1.121503148996715,0.0,3.1463148341495533,0.0,11.235955056179776,15,0.0,0.0,0.0,0.0,0.0,15,0.0,0.0,0.0,0.0,0.0,15,0.0,0.0,0.0,0.0,0.0,15,1.1352390671352692,1.152923602640055,0.2738559393614695,0.7203221791290043,1.5960816602331023,15,-0.13333333333333333,0.0,0.833809387832792,-2.0,2.0,15,-0.001121503148996715,0.0,0.0031463148341495527,-0.011235955056179775,0.0,15,0.0,0.0,0.0,0.0,0.0,15,0.2079342981915575,0.22950819672131148,0.06648285784485265,0.08653846153846154,0.2916666666666667,15,0.6850674914545736,0.7028962118734341,0.09568583537225953,0.5100868221530801,0.7908625255466268,15,0.0,0.0,0.0,0.0,0.0,15,,,,,,0,0.7920657018084424,0.7704918032786885,0.06648285784485268,0.7083333333333333,0.9134615384615384,15,0.3149325085454265,0.2971037881265659,0.0956858353722595,0.20913747445337316,0.4899131778469199,15,1.0,1.0,0.0,1.0,1.0,15,,,,,,0,1.0,0.06666666666666667,1.0,2053,15
5g_health_risks,technology,opponent,65.0,64.0,6.103277807866856,55.0,80.0,17,2.923076923076923,2.0,1.7541160386140584,1.0,5.0,13,40.705882352941174,38.0,11.049687246039776,26,57,17,22.264705882352942,22.5,5.080962159924854,13.0,28.5,17,0.9421510629183264,0.96,0.0656099091967911,0.8260869565217391,1.0,17,0.048741176470588225,0.0,0.5632754089462182,-0.8122,0.9531,17,37.108707033106604,38.46153846153846,22.655277478542526,0.0,76.92307692307692,17,1.0893246187363834,0.0,4.491400463635796,0.0,18.51851851851852,17,0.0,0.0,0.0,0.0,0.0,17,0.0,0.0,0.0,0.0,0.0,17,0.0,0.0,0.0,0.0,0.0,17,0.0,0.0,0.0,0.0,0.0,17,3.974244761669446,3.944414610489366,1.0222180191577603,2.48689230108475,5.623870763647445,17,-0.11764705882352941,-0.0,0.48507125007266594,-1.0,1.0,17,0.0,0.0,0.0,0.0,0.0,17,0.0,0.0,0.0,0.0,0.0,17,0.22187473803898922,0.20588235294117646,0.11113845835429347,0.05,0.4074074074074074,17,0.6728036184715361,0.6674535653684035,0.1623008871875335,0.4574565834564347,0.8824722358185336,17,0.22187473803898922,0.20588235294117646,0.11113845835429347,0.05,0.4074074074074074,17,0.6728036184715361,0.6674535653684035,0.1623008871875335,0.4574565834564347,0.8824722358185336,17,0.7781252619610108,0.7941176470588236,0.11113845835429344,0.5925925925925926,0.95,17,0.327196381528464,0.3325464346315965,0.1623008871875335,0.11752776418146638,0.5425434165435653,17,0.7781252619610108,0.7941176470588236,0.11113845835429344,0.5925925925925926,0.95,17,0.327196381528464,0.3325464346315965,0.1623008871875335,0.11752776418146638,0.5425434165435653,17,0.8823529411764706,0.058823529411764705,0.0,692,17
5g_health_risks,technology,proponent,54.111111111111114,54.5,6.935746186489143,44.0,70.0,18,-3.7857142857142856,-3.0,4.041678467563302,-10.0,5.0,14,19.333333333333332,18.0,6.9112014789291845,12,37,18,16.63888888888889,17.5,2.7214051061233024,12.0,22.0,18,0.9934693147253534,1.0,0.019718057289101063,0.9259259259259259,1.0,18,0.13098888888888888,0.17635,0.42211165499313774,-0.3818,0.6908,18,3.4722222222222223,0.0,14.73139127471974,0.0,62.5,18,1.5432098765432098,0.0,6.547285010986551,0.0,27.77777777777778,18,0.0,0.0,0.0,0.0,0.0,18,0.0,0.0,0.0,0.0,0.0,18,0.0,0.0,0.0,0.0,0.0,18,0.0,0.0,0.0,0.0,0.0,18,7.915144420913413,7.656726184784736,2.4489552954046974,3.8972450270031778,14.26170613645238,18,0.0,0.0,0.0,0.0,0.0,18,0.0,0.0,0.0,0.0,0.0,18,0.0,0.0,0.0,0.0,0.0,18,0.09238333470417438,0.06896879756468798,0.09111281064986976,0.0,0.36363636363636365,18,0.5970863017730574,0.5904823715168999,0.1251666812606036,0.3976830148937535,0.8250835480015195,14,0.11916252540864496,0.08411764705882353,0.11574536306434557,0.0,0.36,18,0.6352875842767782,0.6315319540918611,0.15516906596972582,0.3652954030689107,0.8824722358185336,14,0.9076166652958256,0.931031202435312,0.09111281064986977,0.6363636363636364,1.0,18,0.40291369822694245,0.4095176284831002,0.12516668126060357,0.1749164519984805,0.6023169851062464,14,0.880837474591355,0.9158823529411765,0.11574536306434562,0.64,1.0,18,0.3647124157232217,0.36846804590813886,0.15516906596972585,0.11752776418146638,0.6347045969310894,14,0.05555555555555555,0.05555555555555555,0.05555555555555555,348,18
9_11_inside_job,government,moderator,,,,,,0,,,,,,0,137.06666666666666,140.0,24.14085649642432,83,171,15,36.41111111111111,35.0,8.242809917977931,23.5,50.666666666666664,15,0.7402060314777779,0.7272727272727273,0.07834164123763243,0.5882352941176471,0.8666666666666667,15,-0.6533466666666666,-0.9018,0.5395944957183346,-0.9755,0.9378,15,125.8680488038727,128.57142857142858,34.03310943585743,78.94736842105263,193.5483870967742,15,0.0,0.0,0.0,0.0,0.0,15,3.697567619432165,5.847953216374269,3.605741607955105,0.0,7.8125,15,0.0,0.0,0.0,0.0,0.0,15,0.0,0.0,0.0,0.0,0.0,15,0.0,0.0,0.0,0.0,0.0,15,1.1922389993211182,1.1064177949339464,0.30853317264034885,0.814320367281615,1.985802928368977,15,-0.3333333333333333,0.0,1.2909944487358056,-3.0,1.0,15,-0.003697567619432165,-0.005847953216374269,0.0036057416079551046,-0.0078125,0.0,15,0.0,0.0,0.0,0.0,0.0,15,0.17178438934060877,0.15714285714285714,0.08464908486729612,0.06741573033707865,0.37254901960784315,15,0.6862989455098882,0.6879884035949286,0.06464356872259926,0.5844390877001431,0.7770837845665349,15,0.0,0.0,0.0,0.0,0.0,15,,,,,,0,0.8282156106593912,0.8428571428571429,0.08464908486729616,0.6274509803921569,0.9325842696629214,15,0.3137010544901117,0.31201159640507137,0.06464356872259924,0.22291621543346507,0.4155609122998569,15,1.0,1.0,0.0,1.0,1.0,15,,,,,,0,1.0,0.0,1.0,2056,15
9_11_inside_job,government,opponent,63.76923076923077,63.0,7.293305676598761,55.0,80.0,13,3.6666666666666665,2.0,4.9749371855331,-3.0,15.0,9,34.38461538461539,38.0,12.861690282504743,13,61,13,16.858974358974358,16.5,3.4175785733239996,12.0,22.0,13,0.9708317173023056,1.0,0.04275631723957407,0.88,1.0,13,-0.5375538461538462,-0.5943,0.31056671214460135,-0.9308,0.0,13,125.6138053075488,128.2051282051282,54.352668321449684,32.25806451612903,200.0,13,0.0,0.0,0.0,0.0,0.0,13,3.9447731755424065,0.0,9.629072002548858,0.0,25.641025641025642,13,0.0,0.0,0.0,0.0,0.0,13,0.0,0.0,0.0,0.0,0.0,13,0.0,0.0,0.0,0.0,0.0,13,5.46861408170149,4.123459341790609,2.581191156584489,2.267530602470827,9.749925549430158,13,0.38461538461538464,-0.0,0.5063696835418333,-0.0,1.0,13,-0.0039447731755424065,0.0,0.009629072002548854,-0.02564102564102564,0.0,13,0.0,0.0,0.0,0.0,0.0,13,0.1776896678858392,0.2,0.08438277831290182,0.06779661016949153,0.3157894736842105,13,0.6983964399450732,0.7149907850677757,0.07452953475860087,0.5493565628997514,0.8141979357211003,13,0.1776896678858392,0.2,0.08438277831290182,0.06779661016949153,0.3157894736842105,13,0.6983964399450732,0.7149907850677757,0.07452953475860087,0.5493565628997514,0.8141979357211003,13,0.8223103321141608,0.8,0.08438277831290181,0.6842105263157895,0.9322033898305084,13,0.3016035600549267,0.2850092149322243,0.07452953475860088,0.18580206427889967,0.45064343710024857,13,0.8223103321141608,0.8,0.08438277831290181,0.6842105263157895,0.9322033898305084,13,0.3016035600549267,0.2850092149322243,0.07452953475860088,0.18580206427889967,0.45064343710024857,13,1.0,0.0,0.0,447,13
9_11_inside_job,government,proponent,50.4,50.0,6.021390442177195,40.0,60.0,15,-2.8181818181818183,-3.0,4.37762908017986,-10.0,5.0,11,17.4,18.0,3.6994208040873477,10,23,15,17.4,18.0,3.6994208040873477,10.0,23.0,15,1.0,1.0,0.0,1.0,1.0,15,-0.27424,-0.4215,0.3894375335935515,-0.8126,0.6249,15,114.92252939823271,111.11111111111111,62.07603650654025,0.0,200.0,15,0.0,0.0,0.0,0.0,0.0,15,0.0,0.0,0.0,0.0,0.0,15,0.0,0.0,0.0,0.0,0.0,15,0.0,0.0,0.0,0.0,0.0,15,0.0,0.0,0.0,0.0,0.0,15,10.12355859037436,9.53798160057431,3.5284740918259816,6.748143789152909,19.27388083179813,15,-0.13333333333333333,0.0,0.35186577527449836,-1.0,0.0,15,0.0,0.0,0.0,0.0,0.0,15,0.0,0.0,0.0,0.0,0.0,15,0.05231892165380468,0.05194805194805195,0.04452914437286915,0.0,0.13793103448275862,15,0.5703559167842728,0.594299612793183,0.10918969240534902,0.39268937256998027,0.6852595922926706,11,0.08490055601978588,0.08,0.07625828490404578,0.0,0.2222222222222222,15,0.6364534047428632,0.6379144065803195,0.0934522370860617,0.5068669370643974,0.7903487680482144,11,0.9476810783461953,0.948051948051948,0.0445291443728692,0.8620689655172413,1.0,15,0.4296440832157273,0.405700387206817,0.10918969240534902,0.31474040770732936,0.6073106274300197,11,0.9150994439802141,0.92,0.07625828490404579,0.7777777777777778,1.0,15,0.3635465952571368,0.3620855934196805,0.09345223708606172,0.2096512319517856,0.49313306293560255,11,0.8666666666666667,0.0,0.0,261,15
ai_surveillance,technology,moderator,,,,,,0,,,,,,0,154.66666666666666,152.5,14.270496095915142,131,185,18,33.94537037037037,33.75,3.6621621419733894,27.833333333333332,41.0,18,0.7178484385770811,0.7195505617977528,0.06631679878828375,0.5434782608695652,0.8172043010752689,18,0.3424,0.5084500000000001,0.5906900919313632,-0.9772,0.9203,18,65.58152222211466,65.02747639847823,11.156202602457522,48.91304347826087,86.33093525179856,18,0.42408821034775235,0.0,1.799253896148976,0.0,7.633587786259542,18,4.778882106499285,6.192484662576687,4.443508973048034,0.0,13.698630136986301,18,0.0,0.0,0.0,0.0,0.0,18,0.0,0.0,0.0,0.0,0.0,18,0.0,0.0,0.0,0.0,0.0,18,1.0344895648952361,1.0439109968953213,0.09973865404616093,0.8577756607658926,1.1756123899609727,18,0.6666666666666666,1.0,1.028991510855053,-1.0,2.0,18,-0.004778882106499286,-0.006192484662576688,0.004443508973048035,-0.0136986301369863,0.0,18,0.0,0.0,0.0,0.0,0.0,18,0.19157143029178655,0.1755641166758393,0.04855472151363144,0.13333333333333333,0.3176470588235294,18,0.7371421940059173,0.7505189906029179,0.06403248198521072,0.5467848905560003,0.7995207434581866,18,0.0,0.0,0.0,0.0,0.0,18,,,,,,0,0.8084285697082135,0.8244358833241607,0.04855472151363147,0.6823529411764706,0.8666666666666667,18,0.26285780599408265,0.24948100939708207,0.06403248198521075,0.20047925654181342,0.4532151094439997,18,1.0,1.0,0.0,1.0,1.0,18,,,,,,0,1.0,0.05555555555555555,1.0,2784,18
ai_surveillance,technology,opponent,57.75,57.0,3.400851286616957,53.0,64.0,20,1.4375,2.0,1.6317168872080718,-2.0,4.0,16,32.25,31.0,12.714993221845576,20,65,20,20.608333333333334,21.0,2.6962585079180497,16.0,28.0,20,0.9818124005624005,1.0,0.0277128380158118,0.9047619047619048,1.0,20,0.15990500000000002,0.0,0.3067636248850759,-0.5267,0.7184,20,0.0,0.0,0.0,0.0,0.0,20,0.0,0.0,0.0,0.0,0.0,20,2.323717948717949,0.0,7.194649589498081,0.0,25.641025641025642,20,0.0,0.0,0.0,0.0,0.0,20,0.0,0.0,0.0,0.0,0.0,20,0.0,0.0,0.0,0.0,0.0,20,5.181760623711339,4.56288821557209,1.6736197483710888,2.4233901049023188,8.848932048800059,20,-0.2,-0.0,0.41039134083406165,-1.0,-0.0,20,-0.0023237179487179487,0.0,0.00719464958949808,-0.02564102564102564,0.0,20,0.0,0.0,0.0,0.0,0.0,20,0.3127853522856211,0.25,0.230334238765278,0.0,0.9230769230769231,20,0.7595607709418195,0.760494780581071,0.11499199242285414,0.46574031777531333,0.9272865119751295,20,0.3127853522856211,0.25,0.230334238765278,0.0,0.9230769230769231,20,0.7595607709418195,0.760494780581071,0.11499199242285414,0.46574031777531333,0.9272865119751295,20,0.6872146477143788,0.75,0.23033423876527798,0.07692307692307687,1.0,20,0.24043922905818055,0.239505219418929,0.11499199242285413,0.07271348802487054,0.5342596822246867,20,0.6872146477143788,0.75,0.23033423876527798,0.07692307692307687,1.0,20,0.24043922905818055,0.239505219418929,0.11499199242285413,0.07271348802487054,0.5342596822246867,20,0.0,0.0,0.0,645,20
ai_surveillance,technology,proponent,54.35,54.0,8.324187964189534,40.0,70.0,20,-3.0625,-3.0,4.312288642163617,-10.0,5.0,16,21.9,20.5,4.598626797322504,15,32,20,21.9,20.5,4.598626797322504,15.0,32.0,20,1.0,1.0,0.0,1.0,1.0,20,0.14697,0.0,0.3041464278582725,0.0,0.7845,20,0.0,0.0,0.0,0.0,0.0,20,0.0,0.0,0.0,0.0,0.0,20,4.946236559139786,0.0,16.215200874799333,0.0,66.66666666666667,20,0.0,0.0,0.0,0.0,0.0,20,0.0,0.0,0.0,0.0,0.0,20,0.0,0.0,0.0,0.0,0.0,20,7.485838116873291,7.710671821662865,1.541107956678471,3.8107118038663716,9.947997885748595,20,0.05,0.0,0.22360679774997894,0.0,1.0,20,-0.0049462365591397845,0.0,0.016215200874799333,-0.06666666666666667,0.0,20,0.0,0.0,0.0,0.0,0.0,20,0.06936921197478356,0.07772988505747126,0.04265200856093151,0.0,0.13333333333333333,20,0.6162742227422753,0.6145721323269291,0.08313917130981117,0.462450052982908,0.816396841950522,16,0.15499216104305663,0.14945652173913043,0.10928563784144577,0.0,0.3684210526315789,20,0.7287146615333048,0.7520623333838808,0.11529129774578176,0.34548463565016396,0.8345540990163448,16,0.9306307880252165,0.9222701149425288,0.0426520085609315,0.8666666666666667,1.0,20,0.3837257772577248,0.38542786767307097,0.08313917130981119,0.18360315804947802,0.537549947017092,16,0.8450078389569434,0.8505434782608696,0.10928563784144577,0.631578947368421,1.0,20,0.2712853384666952,0.24793766661611916,0.11529129774578174,0.1654459009836552,0.654515364349836,16,0.0,0.0,0.0,438,20
big_pharma,health,moderator,,,,,,0,,,,,,0,133.72222222222223,133.0,27.843693035049522,87,196,18,26.56719576719577,26.3,6.179688540470298,15.571428571428571,37.666666666666664,18,0.7334353680337072,0.7357142857142858,0.052120161586393425,0.638095238095238,0.8313253012048193,18,0.13597222222222224,0.19185000000000002,0.6031456665394849,-0.952,0.9474,18,87.21997419914535,84.63541666666666,16.26342304824799,52.325581395348834,114.94252873563218,18,0.9048375706214691,0.0,2.6359108337638233,0.0,8.474576271186441,18,3.7816277929546676,0.0,4.7319039426267695,0.0,13.605442176870747,18,0.0,0.0,0.0,0.0,0.0,18,0.0,0.0,0.0,0.0,0.0,18,0.0,0.0,0.0,0.0,0.0,18,1.26378598833361,1.2308804217866904,0.2774179438444629,0.8349835084818815,1.9259162592230668,18,-0.2222222222222222,0.0,0.9428090415820634,-2.0,2.0,18,-0.0037816277929546677,0.0,0.00473190394262677,-0.013605442176870748,0.0,18,0.0,0.0,0.0,0.0,0.0,18,0.20721702612649284,0.19316877152698048,0.0676071970404851,0.09523809523809523,0.3695652173913043,18,0.7181035986054458,0.7259336553624305,0.03648203863389517,0.6389888691894203,0.7728373283726939,18,0.0,0.0,0.0,0.0,0.0,18,,,,,,0,0.7927829738735072,0.8068312284730195,0.06760719704048508,0.6304347826086957,0.9047619047619048,18,0.2818964013945542,0.27406634463756957,0.03648203863389519,0.22716267162730608,0.3610111308105797,18,1.0,1.0,0.0,1.0,1.0,18,,,,,,0,1.0,0.1111111111111111,0.9444444444444444,2407,18
big_pharma,health,opponent,57.1578947368421,56.0,3.6706517419289875,55.0,70.0,19,1.8,1.0,3.7454734585325027,0.0,15.0,15,38.26315789473684,33.0,9.485908292849498,23,56,19,19.271929824561404,17.666666666666668,4.1440908868836885,15.5,28.0,19,0.971470472112999,0.9655172413793104,0.023867648068725614,0.9354838709677419,1.0,19,0.0939,0.2732,0.4427689440077949,-0.8611,0.886,19,19.759979874141987,0.0,29.303434987619045,0.0,81.08108108108108,19,0.0,0.0,0.0,0.0,0.0,19,1.1441647597254005,0.0,4.987298562403517,0.0,21.73913043478261,19,0.0,0.0,0.0,0.0,0.0,19,0.0,0.0,0.0,0.0,0.0,19,0.0,0.0,0.0,0.0,0.0,19,4.332911346640254,4.2813191501499,0.9481545769989485,2.926768934082916,6.189218282399743,19,0.10526315789473684,-0.0,0.3153017676423058,-0.0,1.0,19,-0.0011441647597254005,0.0,0.004987298562403517,-0.021739130434782608,0.0,19,0.0,0.0,0.0,0.0,0.0,19,0.21800211789019155,0.21951219512195122,0.1138071092295086,0.0,0.5,19,0.7300962453637716,0.7387125945407106,0.09030141026743252,0.550857518309841,0.8987137084640173,19,0.21800211789019155,0.21951219512195122,0.1138071092295086,0.0,0.5,19,0.7300962453637716,0.7387125945407106,0.09030141026743252,0.550857518309841,0.8987137084640173,19,0.7819978821098084,0.7804878048780488,0.11380710922950864,0.5,1.0,19,0.2699037546362284,0.2612874054592894,0.09030141026743252,0.10128629153598268,0.449142481690159,19,0.7819978821098084,0.7804878048780488,0.11380710922950864,0.5,1.0,19,0.2699037546362284,0.2612874054592894,0.09030141026743252,0.10128629153598268,0.449142481690159,19,0.3684210526315789,0.0,0.0,727,19
big_pharma,health,proponent,51.294117647058826,52.0,4.1043377340679585,39.0,55.0,17,-2.6153846153846154,-2.0,2.534379001467011,-10.0,0.0,13,20.58823529411765,17.0,11.045693864179672,7,50,17,16.058823529411764,16.666666666666668,3.817422221643901,7.0,23.0,17,0.9769498910675383,1.0,0.05843752150763082,0.8148148148148148,1.0,17,0.4062823529411765,0.4404,0.3418369809486938,-0.3263,0.9062,17,16.583382130166196,0.0,26.965214726254008,0.0,71.42857142857143,17,2.5444596443228455,0.0,7.20577116645174,0.0,23.25581395348837,17,1.3679890560875512,0.0,5.640363372937975,0.0,23.25581395348837,17,0.0,0.0,0.0,0.0,0.0,17,0.0,0.0,0.0,0.0,0.0,17,0.0,0.0,0.0,0.0,0.0,17,10.716266720531838,11.666860513848333,5.359665292120918,2.8979409880299385,24.239222316145394,17,0.0,0.0,0.0,0.0,0.0,17,-0.0013679890560875513,0.0,0.005640363372937976,-0.023255813953488372,0.0,17,0.0,0.0,0.0,0.0,0.0,17,0.07012815594207251,0.07272727272727272,0.05439669827969626,0.0,0.20689655172413793,17,0.5652818344384785,0.5506046744157561,0.08302454795351816,0.44653683098616964,0.6965978203628725,13,0.15637921206093003,0.1388888888888889,0.11796457174682343,0.0,0.3333333333333333,17,0.712360046887379,0.7358170370377619,0.09530562198642831,0.47839263640983803,0.8192991050738295,13,0.9298718440579274,0.9272727272727272,0.05439669827969625,0.7931034482758621,1.0,17,0.4347181655615215,0.4493953255842439,0.08302454795351812,0.30340217963712746,0.5534631690138303,13,0.84362078793907,0.8611111111111112,0.11796457174682344,0.6666666666666667,1.0,17,0.287639953112621,0.2641829629622381,0.09530562198642833,0.18070089492617047,0.5216073635901619,13,0.29411764705882354,0.11764705882352941,0.0,350,17
chemtrails,environment,moderator,,,,,,0,,,,,,0,170.9375,174.5,20.599251604528416,138,222,16,34.1625,32.1,6.602369103418695,26.666666666666668,45.5,16,0.7017586110999307,0.6901891252955084,0.060258516416489556,0.5982142857142857,0.8055555555555556,16,-0.2390375,-0.59025,0.7066436205754638,-0.9634,0.9034,16,83.39551621530373,78.12633376013657,18.028589110863653,63.492063492063494,137.68115942028984,16,0.8535395763656634,0.0,2.3373045330905424,0.0,7.246376811594203,16,3.5494065671602195,2.6455026455026456,4.07367495210738,0.0,11.363636363636363,16,0.0,0.0,0.0,0.0,0.0,16,0.0,0.0,0.0,0.0,0.0,16,0.0,0.0,0.0,0.0,0.0,16,0.9421579799363693,0.9202351940515208,0.10232321950039205,0.7471294047070556,1.120392788502261,16,0.0,0.0,1.505545305418162,-3.0,2.0,16,-0.0035494065671602196,-0.0026455026455026454,0.00407367495210738,-0.011363636363636364,0.0,16,0.0,0.0,0.0,0.0,0.0,16,0.15339864103804138,0.15940713853599514,0.04893071326670827,0.03529411764705882,0.22666666666666666,16,0.6633368153093001,0.6750992070305756,0.10141537940867244,0.42679129671287785,0.8318280548836596,16,0.0,0.0,0.0,0.0,0.0,16,,,,,,0,0.8466013589619586,0.8405928614640048,0.04893071326670823,0.7733333333333333,0.9647058823529412,16,0.3366631846906999,0.3249007929694244,0.1014153794086724,0.16817194511634037,0.5732087032871221,16,1.0,1.0,0.0,1.0,1.0,16,,,,,,0,1.0,0.125,1.0,2735,16
chemtrails,environment,opponent,69.35714285714286,68.5,12.791867265253662,55.0,90.0,14,2.5,0.5,4.972144630058766,-2.0,15.0,10,25.5,23.5,9.509104948578331,10,42,14,21.035714285714285,21.0,3.6923220008880264,10.0,25.0,14,0.9915384615384616,1.0,0.01681785469928882,0.96,1.0,14,-0.10232142857142858,0.0,0.19785618778283393,-0.4019,0.1376,14,40.03302770383516,42.57246376811594,24.520127487902986,0.0,100.0,14,5.962732919254658,0.0,15.17234476608645,0.0,43.47826086956522,14,0.0,0.0,0.0,0.0,0.0,14,0.0,0.0,0.0,0.0,0.0,14,0.0,0.0,0.0,0.0,0.0,14,0.0,0.0,0.0,0.0,0.0,14,7.109083972759501,7.0776101082707035,2.699010093903046,3.6489925538180925,14.74277001824172,14,0.21428571428571427,-0.0,0.5789342235218394,-0.0,2.0,14,0.0,0.0,0.0,0.0,0.0,14,0.0,0.0,0.0,0.0,0.0,14,0.1879224235709565,0.16756756756756758,0.15694112850611686,0.023255813953488372,0.5555555555555556,14,0.5572324999429223,0.6143351508003492,0.11615277601305474,0.3496746520089917,0.7215719059239029,14,0.1879224235709565,0.16756756756756758,0.15694112850611686,0.023255813953488372,0.5555555555555556,14,0.5572324999429223,0.6143351508003492,0.11615277601305474,0.3496746520089917,0.7215719059239029,14,0.8120775764290435,0.8324324324324325,0.15694112850611688,0.4444444444444444,0.9767441860465116,14,0.4427675000570776,0.3856648491996508,0.11615277601305471,0.27842809407609714,0.6503253479910083,14,0.8120775764290435,0.8324324324324325,0.15694112850611688,0.4444444444444444,0.9767441860465116,14,0.4427675000570776,0.3856648491996508,0.11615277601305471,0.27842809407609714,0.6503253479910083,14,0.8571428571428571,0.14285714285714285,0.0,357,14
chemtrails,environment,proponent,47.083333333333336,48.5,8.479476113034057,30.0,55.0,12,-6.625,-7.5,3.7008686239082538,-10.0,-2.0,8,18.333333333333332,18.5,4.141438777950865,10,24,12,18.333333333333332,18.5,4.141438777950865,10.0,24.0,12,1.0,1.0,0.0,1.0,1.0,12,0.19157500000000002,0.0386,0.34973409672076716,-0.4201,0.7003,12,0.0,0.0,0.0,0.0,0.0,12,0.0,0.0,0.0,0.0,0.0,12,5.208333333333333,0.0,18.042195912175803,0.0,62.5,12,0.0,0.0,0.0,0.0,0.0,12,0.0,0.0,0.0,0.0,0.0,12,0.0,0.0,0.0,0.0,0.0,12,9.557239771414697,8.668420860931924,2.660809366328342,6.408498999629459,16.075741140686524,12,0.08333333333333333,0.0,0.28867513459481287,0.0,1.0,12,-0.005208333333333333,0.0,0.018042195912175804,-0.0625,0.0,12,0.0,0.0,0.0,0.0,0.0,12,0.056734538984141956,0.038831954562291646,0.05950350366460462,0.0,0.15384615384615385,12,0.5790809117853282,0.5936354242336725,0.08663069724455245,0.4453081497257829,0.6875286577247414,8,0.10878118728334245,0.034482758620689655,0.12612189597231857,0.0,0.3,12,0.6442771360938898,0.6138307686384811,0.14445714477160704,0.3879765669227942,0.8326047322327085,8,0.9432654610158581,0.9611680454377084,0.05950350366460462,0.8461538461538461,1.0,12,0.42091908821467183,0.4063645757663275,0.08663069724455244,0.31247134227525863,0.5546918502742171,8,0.8912188127166575,0.9655172413793104,0.1261218959723186,0.7,1.0,12,0.3557228639061102,0.3861692313615189,0.14445714477160707,0.16739526776729152,0.6120234330772059,8,0.0,0.0,0.0,220,12
climate_change_hoax,environment,moderator,,,,,,0,,,,,,0,137.07142857142858,128.0,37.165874102490825,81,196,14,29.597619047619048,28.333333333333336,8.100693378423431,16.5,45.333333333333336,14,0.7374793113587614,0.7244154266626177,0.07055525537058494,0.6434782608695652,0.8555555555555555,14,-0.04487142857142858,-0.1048,0.7695992807734641,-0.9401,0.963,14,88.3984340308573,83.24808184143222,24.138369929890825,55.248618784530386,123.45679012345678,14,0.8818342151675485,0.0,3.2995215050916586,0.0,12.345679012345679,14,2.205973913846165,0.0,3.1728694938185322,0.0,8.695652173913043,14,0.0,0.0,0.0,0.0,0.0,14,0.0,0.0,0.0,0.0,0.0,14,0.0,0.0,0.0,0.0,0.0,14,1.2327122227872924,1.2625796823326216,0.35830950223410973,0.7991970662268889,2.011365956857573,14,-0.5,-0.5,1.6984155512168937,-3.0,4.0,14,-0.0022059739138461654,0.0,0.003172869493818532,-0.008695652173913044,0.0,14,0.0,0.0,0.0,0.0,0.0,14,0.1923600528736785,0.17308515190415064,0.04915836110696517,0.14130434782608695,0.28169014084507044,14,0.6999348865834417,0.6847875904819823,0.06697201142405992,0.6170917342452846,0.8283382189154752,14,0.0,0.0,0.0,0.0,0.0,14,,,,,,0,0.8076399471263215,0.8269148480958494,0.0491583611069652,0.7183098591549295,0.8586956521739131,14,0.30006511341655834,0.31521240951801766,0.06697201142405994,0.1716617810845248,0.38290826575471537,14,1.0,1.0,0.0,1.0,1.0,14,,,,,,0,1.0,0.07142857142857142,1.0,1919,14
climate_change_hoax,environment,opponent,72.33333333333333,73.0,12.257165057144952,55.0,90.0,15,1.8181818181818181,1.0,1.7215215257545762,0.0,5.0,11,42.06666666666667,33.0,13.89484316812056,16,65,15,18.944444444444446,16.5,3.5588402486405477,15.5,25.5,15,0.9665199934165452,0.9523809523809523,0.033791263531027266,0.9142857142857143,1.0,15,0.19584666666666667,0.3182,0.5022567981004291,-0.6908,0.7701,15,36.5750632483047,30.303030303030305,26.56874805150117,0.0,78.43137254901961,15,0.0,0.0,0.0,0.0,0.0,15,1.169590643274854,0.0,4.529805083283529,0.0,17.54385964912281,15,0.0,0.0,0.0,0.0,0.0,15,0.0,0.0,0.0,0.0,0.0,15,0.0,0.0,0.0,0.0,0.0,15,4.493733993229887,4.3425539240204785,2.125723294249193,2.364444014606117,10.762851716157142,15,0.8666666666666667,1.0,0.5163977794943222,-0.0,2.0,15,-0.0011695906432748538,0.0,0.004529805083283529,-0.017543859649122806,0.0,15,0.0,0.0,0.0,0.0,0.0,15,0.2083656059345408,0.14,0.18185754197235462,0.022222222222222223,0.6666666666666666,15,0.6807796737860148,0.7383880500543714,0.17556551972656076,0.3753214383200444,0.8795371951951839,15,0.2083656059345408,0.14,0.18185754197235462,0.022222222222222223,0.6666666666666666,15,0.6807796737860148,0.7383880500543714,0.17556551972656076,0.3753214383200444,0.8795371951951839,15,0.7916343940654592,0.86,0.18185754197235465,0.33333333333333337,0.9777777777777777,15,0.3192203262139852,0.26161194994562864,0.17556551972656073,0.12046280480481608,0.6246785616799556,15,0.7916343940654592,0.86,0.18185754197235465,0.33333333333333337,0.9777777777777777,15,0.3192203262139852,0.26161194994562864,0.17556551972656073,0.12046280480481608,0.6246785616799556,15,0.8,0.0,0.0,631,15
climate_change_hoax,environment,proponent,48.38461538461539,50.0,7.018291120807846,35.0,55.0,13,-6.0,-3.0,3.8078865529319543,-10.0,-2.0,9,18.53846153846154,18.0,6.603223765901328,12,39,13,17.03846153846154,18.0,2.520429348853902,12.0,20.0,13,0.9815384615384615,1.0,0.06656402354702749,0.76,1.0,13,0.05931538461538462,0.0,0.3764592072769502,-0.4588,0.6808,13,22.736945915083563,0.0,30.188688701981572,0.0,66.66666666666667,13,0.0,0.0,0.0,0.0,0.0,13,0.0,0.0,0.0,0.0,0.0,13,0.0,0.0,0.0,0.0,0.0,13,0.0,0.0,0.0,0.0,0.0,13,0.0,0.0,0.0,0.0,0.0,13,9.318941351068577,9.601400001050301,2.4011809271603415,3.31880986221187,12.134620881852946,13,0.0,0.0,0.7071067811865476,-1.0,1.0,13,0.0,0.0,0.0,0.0,0.0,13,0.0,0.0,0.0,0.0,0.0,13,0.06103691173347491,0.07894736842105263,0.04575922279934852,0.0,0.11764705882352941,13,0.5872539074352257,0.6031939935271682,0.10093713614259851,0.4075944627130829,0.7081684279554779,9,0.10279888276060493,0.0967741935483871,0.11794746358740084,0.0,0.42857142857142855,13,0.5842001240424598,0.6063914621065805,0.13899009711164698,0.35608434901800984,0.7383880500543714,9,0.9389630882665251,0.9210526315789473,0.04575922279934853,0.8823529411764706,1.0,13,0.41274609256477435,0.3968060064728318,0.1009371361425985,0.29183157204452215,0.592405537286917,9,0.8972011172393951,0.9032258064516129,0.11794746358740085,0.5714285714285714,1.0,13,0.4157998759575402,0.39360853789341954,0.13899009711164692,0.26161194994562864,0.6439156509819901,9,0.38461538461538464,0.0,0.0,241,13
covid_vaccine_microchips,health,moderator,,,,,,0,,,,,,0,146.5,143.5,30.772281900004327,84,201,16,28.698958333333334,28.314285714285713,4.9934342354643855,18.333333333333332,37.5,16,0.7253106687819059,0.7298245614035088,0.05828585089441574,0.6422018348623854,0.8301886792452831,16,-0.51275625,-0.64195,0.4703993040935187,-0.9789,0.4956,16,98.79929976421187,94.28879310344828,31.268651958714177,55.27638190954774,190.47619047619048,16,1.1780753968253967,0.0,3.3440781330720584,0.0,11.904761904761905,16,3.436560840704792,2.487562189054726,3.6364259526492457,0.0,8.620689655172415,16,0.0,0.0,0.0,0.0,0.0,16,0.0,0.0,0.0,0.0,0.0,16,0.0,0.0,0.0,0.0,0.0,16,1.0895789625227192,1.0553457895558638,0.2481685356010383,0.7342491102856672,1.6797465638428173,16,0.8125,1.0,1.3275918047351754,-1.0,3.0,16,-0.0034365608407047918,-0.0024875621890547263,0.003636425952649246,-0.008620689655172414,0.0,16,0.0,0.0,0.0,0.0,0.0,16,0.13214359318574787,0.12224989622249896,0.04124978135326972,0.08,0.2222222222222222,16,0.6828813993618659,0.7275709896267536,0.10843069353572468,0.40678883626451323,0.7968960927725435,16,0.0,0.0,0.0,0.0,0.0,16,,,,,,0,0.8678564068142521,0.8777501037775011,0.04124978135326972,0.7777777777777778,0.92,16,0.3171186006381341,0.2724290103732464,0.10843069353572468,0.20310390722745653,0.5932111637354868,16,1.0,1.0,0.0,1.0,1.0,16,,,,,,0,1.0,0.125,1.0,2344,16
covid_vaccine_microchips,health,opponent,74.25,80.0,13.274206019741648,52.0,90.0,12,3.75,2.5,6.453127702351562,-2.0,18.0,8,34.083333333333336,29.5,16.860164634876835,17,64,12,17.76388888888889,17.5,3.6198515046649247,11.5,24.0,12,0.94769968593498,1.0,0.06597211763143691,0.8571428571428571,1.0,12,-0.469575,-0.5267,0.18801265491740418,-0.7096,-0.1358,12,63.03787588827121,52.77777777777778,32.86921885893643,28.571428571428573,117.6470588235294,12,12.795374560080441,0.0,22.5698031696926,0.0,58.8235294117647,12,3.6350844277673544,0.0,8.560694625934829,0.0,24.390243902439025,12,0.0,0.0,0.0,0.0,0.0,12,0.0,0.0,0.0,0.0,0.0,12,0.0,0.0,0.0,0.0,0.0,12,5.440959184673276,4.661937080346126,2.5939407233714817,2.1884238712761097,9.46588770783505,12,0.4166666666666667,1.0,0.90033663737852,-2.0,1.0,12,-0.0036350844277673548,0.0,0.008560694625934829,-0.024390243902439025,0.0,12,0.0,0.0,0.0,0.0,0.0,12,0.1129032817729857,0.10263157894736842,0.07588885549443089,0.03125,0.3125,12,0.6690276744357827,0.6621508590975465,0.13969917048030356,0.4500458188257297,0.8729719209543771,12,0.1129032817729857,0.10263157894736842,0.07588885549443089,0.03125,0.3125,12,0.6690276744357827,0.6621508590975465,0.13969917048030356,0.4500458188257297,0.8729719209543771,12,0.8870967182270143,0.8973684210526316,0.0758888554944309,0.6875,0.96875,12,0.33097232556421735,0.33784914090245355,0.1396991704803035,0.12702807904562285,0.5499541811742703,12,0.8870967182270143,0.8973684210526316,0.0758888554944309,0.6875,0.96875,12,0.33097232556421735,0.33784914090245355,0.1396991704803035,0.12702807904562285,0.5499541811742703,12,1.0,0.3333333333333333,0.0,409,12
covid_vaccine_microchips,health,proponent,56.30769230769231,55.0,8.606050346361133,40.0,70.0,13,-3.7777777777777777,-3.0,5.847601597616277,-10.0,5.0,9,22.307692307692307,23.0,5.421940233665057,10,29,13,17.23076923076923,15.0,5.31356512700977,10.0,28.0,13,0.9833990795529257,1.0,0.03210055384370769,0.9166666666666666,1.0,13,0.04515384615384615,0.0,0.21583853384488066,-0.3612,0.5267,13,45.093798389569535,41.666666666666664,22.302103546453658,0.0,100.0,13,0.0,0.0,0.0,0.0,0.0,13,0.0,0.0,0.0,0.0,0.0,13,0.0,0.0,0.0,0.0,0.0,13,0.0,0.0,0.0,0.0,0.0,13,0.0,0.0,0.0,0.0,0.0,13,7.218161098803874,6.677312527014578,2.555205598439762,4.869209770316461,14.70841821433325,13,0.38461538461538464,0.0,0.5063696835418333,0.0,1.0,13,0.0,0.0,0.0,0.0,0.0,13,0.0,0.0,0.0,0.0,0.0,13,0.06038338506853425,0.061224489795918366,0.0531534938615752,0.0,0.15492957746478872,13,0.6723851032325929,0.6624268695597424,0.057215897462473554,0.5920451275596987,0.7503768258059542,9,0.06868125069007659,0.05555555555555555,0.07307624281073676,0.0,0.21739130434782608,13,0.6732689013811065,0.674617133164429,0.1454118400206777,0.37089988135065133,0.8729719209543771,9,0.9396166149314659,0.9387755102040817,0.05315349386157523,0.8450704225352113,1.0,13,0.3276148967674071,0.3375731304402576,0.05721589746247354,0.24962317419404578,0.40795487244030126,9,0.9313187493099234,0.9444444444444444,0.07307624281073674,0.782608695652174,1.0,13,0.32673109861889343,0.32538286683557105,0.14541184002067767,0.12702807904562285,0.6291001186493487,9,0.9230769230769231,0.0,0.15384615384615385,290,13
cryptocurrency_control,finance,moderator,,,,,,0,,,,,,0,152.76470588235293,151.0,36.93157424847455,89,214,17,38.455135387488326,30.142857142857142,30.77533345693723,19.666666666666668,154.0,17,0.6438812799344283,0.6571428571428571,0.08013162588731794,0.4794520547945205,0.7575757575757576,17,-0.13560588235294116,-0.6261,0.7878055093665157,-0.9772,0.9665,17,68.90858672876008,71.42857142857143,15.686075047330478,37.91469194312796,101.12359550561797,17,0.5497526113249038,0.0,2.2666880844517103,0.0,9.345794392523365,17,2.5515591066847754,0.0,3.872149406985053,0.0,11.904761904761905,17,0.0,0.0,0.0,0.0,0.0,17,0.0,0.0,0.0,0.0,0.0,17,0.0,0.0,0.0,0.0,0.0,17,1.0264906610988567,0.9708600399754137,0.2467639957053866,0.6802857637472004,1.5134252611703274,17,0.5294117647058824,0.0,1.280510008689093,-2.0,4.0,17,-0.0025515591066847753,0.0,0.003872149406985053,-0.011904761904761904,0.0,17,0.0,0.0,0.0,0.0,0.0,17,0.2396520547440563,0.21333333333333335,0.1067377436629511,0.09090909090909091,0.4864864864864865,17,0.7332402403063248,0.7642827195546315,0.0751934203220765,0.5643772875646884,0.8223707063163516,17,0.0,0.0,0.0,0.0,0.0,17,,,,,,0,0.7603479452559436,0.7866666666666666,0.10673774366295116,0.5135135135135135,0.9090909090909091,17,0.26675975969367516,0.23571728044536855,0.0751934203220765,0.17762929368364844,0.4356227124353116,17,1.0,1.0,0.0,1.0,1.0,17,,,,,,0,1.0,0.058823529411764705,1.0,2597,17
cryptocurrency_control,finance,opponent,65.15384615384616,65.0,8.345119869781717,55.0,80.0,13,6.0,5.0,7.3824115301167,0.0,24.0,9,37.23076923076923,38.0,8.535746854199367,21,56,13,19.423076923076923,19.0,3.534627242523567,14.0,28.0,13,0.9034282460989148,0.9090909090909091,0.07022558053834276,0.8275862068965517,1.0,13,-0.0301,0.0,0.32191278063061324,-0.6808,0.5733,13,0.0,0.0,0.0,0.0,0.0,13,3.6630036630036633,0.0,13.207147529172124,0.0,47.61904761904762,13,0.0,0.0,0.0,0.0,0.0,13,0.0,0.0,0.0,0.0,0.0,13,0.0,0.0,0.0,0.0,0.0,13,0.0,0.0,0.0,0.0,0.0,13,3.9366890631666043,3.465172589602298,1.261602769912657,2.8647659105702425,7.50675942554062,13,0.07692307692307693,-0.0,0.2773500981126145,-0.0,1.0,13,0.0,0.0,0.0,0.0,0.0,13,0.0,0.0,0.0,0.0,0.0,13,0.3441462205596521,0.34782608695652173,0.12853680293964576,0.16666666666666666,0.7,13,0.8266181750561928,0.85308969884201,0.08639799808881407,0.6174858774315042,0.9251691464960283,13,0.3441462205596521,0.34782608695652173,0.12853680293964576,0.16666666666666666,0.7,13,0.8266181750561928,0.85308969884201,0.08639799808881407,0.6174858774315042,0.9251691464960283,13,0.6558537794403478,0.6521739130434783,0.12853680293964576,0.30000000000000004,0.8333333333333334,13,0.1733818249438072,0.14691030115798998,0.08639799808881406,0.07483085350397167,0.3825141225684958,13,0.6558537794403478,0.6521739130434783,0.12853680293964576,0.30000000000000004,0.8333333333333334,13,0.1733818249438072,0.14691030115798998,0.08639799808881406,0.07483085350397167,0.3825141225684958,13,0.0,0.07692307692307693,0.0,484,13
cryptocurrency_control,finance,proponent,51.8,55.0,7.902983161891645,30.0,60.0,15,-3.8181818181818183,-3.0,4.578606377887966,-10.0,5.0,11,18.0,18.0,2.420153478013917,12,24,15,18.0,18.0,2.420153478013917,12.0,24.0,15,1.0,1.0,0.0,1.0,1.0,15,0.19658,0.2732,0.16902862056891008,-0.0516,0.3612,15,0.0,0.0,0.0,0.0,0.0,15,0.0,0.0,0.0,0.0,0.0,15,0.0,0.0,0.0,0.0,0.0,15,0.0,0.0,0.0,0.0,0.0,15,0.0,0.0,0.0,0.0,0.0,15,0.0,0.0,0.0,0.0,0.0,15,7.9295852022184645,8.254731126570375,0.7819216215168319,6.127158206258014,9.095395103545624,15,0.0,0.0,0.0,0.0,0.0,15,0.0,0.0,0.0,0.0,0.0,15,0.0,0.0,0.0,0.0,0.0,15,0.09626432535795797,0.10144927536231885,0.07362909279797779,0.0,0.21621621621621623,15,0.6524970372756805,0.6313656036725814,0.08291243995507108,0.5231132392387632,0.7936676159334726,11,0.169713953177415,0.16129032258064516,0.14099318839136324,0.0,0.34782608695652173,15,0.6968895720224642,0.7755573366572197,0.16099991176723016,0.3921372809611831,0.85308969884201,11,0.9037356746420421,0.8985507246376812,0.07362909279797777,0.7837837837837838,1.0,15,0.3475029627243194,0.36863439632741857,0.08291243995507108,0.20633238406652743,0.4768867607612368,11,0.8302860468225851,0.8387096774193549,0.14099318839136324,0.6521739130434783,1.0,15,0.3031104279775358,0.2244426633427803,0.16099991176723014,0.14691030115798998,0.6078627190388168,11,0.0,0.0,0.0,270,15
deep_state,government,moderator,,,,,,0,,,,,,0,149.9,156.0,25.44736569966786,95,209,20,32.723571428571425,32.0,6.913320203824028,18.714285714285715,42.5,20,0.6951196656530887,0.6952380952380952,0.07097255987509621,0.5862068965517241,0.8873239436619719,20,-0.026059999999999993,-0.17995,0.7568567370520347,-0.9659,0.9673,20,71.53577758369295,66.39118457300276,15.829144053040864,52.94117647058823,106.87022900763358,20,1.130992442743688,0.0,2.887370691103022,0.0,10.526315789473685,20,2.3288587169437376,0.0,3.8935156294425948,0.0,12.738853503184714,20,0.29411764705882354,0.0,1.3153341044116411,0.0,5.882352941176471,20,0.29411764705882354,0.0,1.3153341044116411,0.0,5.882352941176471,20,0.0,0.0,0.0,0.0,0.0,20,1.0629572511147567,1.0688211833882386,0.1966060123964285,0.7770467857506964,1.5891227443015918,20,0.05,0.0,0.8255779474818965,-1.0,1.0,20,-0.0020347410698849143,0.0,0.004281540090239895,-0.012738853503184714,0.0058823529411764705,20,0.0002941176470588235,0.0,0.001315334104411641,0.0,0.0058823529411764705,20,0.1603430539704308,0.15686944634313055,0.03434532359125238,0.08974358974358974,0.23809523809523808,20,0.6018840469415327,0.5955041065845577,0.08243110694252358,0.42534500984938806,0.7318028425674277,20,0.0,0.0,0.0,0.0,0.0,20,,,,,,0,0.8396569460295693,0.8431305536568694,0.034345323591252384,0.7619047619047619,0.9102564102564102,20,0.3981159530584672,0.4044958934154423,0.08243110694252362,0.26819715743257233,0.5746549901506119,20,1.0,1.0,0.0,1.0,1.0,20,,,,,,0,1.0,0.15,1.0,2998,20
deep_state,government,opponent,57.8,56.5,3.2541471515914173,54.0,67.0,20,1.6875,1.0,2.056493779875511,-1.0,6.0,16,31.95,36.0,10.081118359012608,16,45,20,18.341666666666665,18.0,2.5873483230963004,13.333333333333334,24.0,20,0.9849312523225567,1.0,0.02472225061146468,0.9230769230769231,1.0,20,0.073215,0.2819,0.3425080195373072,-0.6678,0.3612,20,28.93515489372735,25.641025641025642,22.24782052935385,0.0,62.5,20,0.0,0.0,0.0,0.0,0.0,20,1.1111111111111112,0.0,4.969039949999532,0.0,22.22222222222222,20,0.0,0.0,0.0,0.0,0.0,20,0.0,0.0,0.0,0.0,0.0,20,0.0,0.0,0.0,0.0,0.0,20,5.4668743228325205,4.183432043438587,2.242638943600444,3.460732871570343,9.10179733016643,20,0.0,-0.0,0.0,-0.0,-0.0,20,-0.0011111111111111111,0.0,0.004969039949999533,-0.022222222222222223,0.0,20,0.0,0.0,0.0,0.0,0.0,20,0.23322891974960452,0.237468671679198,0.12022152134572223,0.07692307692307693,0.4444444444444444,20,0.6563871638482879,0.6186924344351885,0.1482442086796656,0.3310200276288294,0.9127445102725698,20,0.23322891974960452,0.237468671679198,0.12022152134572223,0.07692307692307693,0.4444444444444444,20,0.6563871638482879,0.6186924344351885,0.1482442086796656,0.3310200276288294,0.9127445102725698,20,0.7667710802503954,0.762531328320802,0.12022152134572223,0.5555555555555556,0.9230769230769231,20,0.3436128361517121,0.38130756556481155,0.1482442086796656,0.08725548972743025,0.6689799723711706,20,0.7667710802503954,0.762531328320802,0.12022152134572223,0.5555555555555556,0.9230769230769231,20,0.3436128361517121,0.38130756556481155,0.1482442086796656,0.08725548972743025,0.6689799723711706,20,0.75,0.0,0.0,639,20
deep_state,government,proponent,56.0,55.0,7.947194142390264,43.0,72.0,20,-1.125,-2.0,4.224926034855522,-7.0,12.0,16,21.5,20.5,4.298102396468273,13,34,20,20.65,20.0,3.2488864489074922,13.0,27.0,20,0.9875,1.0,0.02586232103123782,0.9333333333333333,1.0,20,0.526185,0.61865,0.20586744655877862,0.0,0.7269,20,0.0,0.0,0.0,0.0,0.0,20,0.0,0.0,0.0,0.0,0.0,20,0.0,0.0,0.0,0.0,0.0,20,0.0,0.0,0.0,0.0,0.0,20,0.0,0.0,0.0,0.0,0.0,20,0.0,0.0,0.0,0.0,0.0,20,6.749427902833119,6.759665616882987,1.2705744700452315,4.539524582294476,8.692565936179042,20,0.0,0.0,0.0,0.0,0.0,20,0.0,0.0,0.0,0.0,0.0,20,0.0,0.0,0.0,0.0,0.0,20,0.09438296173487207,0.09869782158938786,0.06903242026183527,0.0,0.23076923076923078,20,0.6032754895283409,0.5864201779748335,0.11192103162673533,0.4659976512625632,0.8362613233651837,16,0.18299110249186357,0.18571428571428572,0.13226497033085327,0.0,0.4444444444444444,20,0.7019562630557322,0.6908900414505674,0.1286930518324847,0.5079952173195912,0.9127445102725698,16,0.905617038265128,0.9013021784106121,0.06903242026183526,0.7692307692307692,1.0,20,0.39672451047165913,0.4135798220251665,0.1119210316267353,0.16373867663481634,0.5340023487374368,16,0.8170088975081364,0.8142857142857143,0.1322649703308533,0.5555555555555556,1.0,20,0.2980437369442678,0.3091099585494326,0.12869305183248472,0.08725548972743025,0.4920047826804088,16,0.0,0.0,0.0,430,20
election_fraud,government,moderator,,,,,,0,,,,,,0,149.1578947368421,147.0,29.93374750621916,97,197,19,31.90576441102757,34.666666666666664,6.928616625418026,19.4,40.5,19,0.7030794173088379,0.7058823529411765,0.07238415191109838,0.5739130434782609,0.7936507936507936,19,-0.3818526315789474,-0.8335,0.7770212340645103,-0.9882,0.9801,19,75.19403322474578,72.58064516129032,14.680639763609935,52.63157894736842,106.79611650485437,19,0.29735355337496283,0.0,1.2961340896641909,0.0,5.649717514124294,19,4.781970164507593,0.0,5.918553472378635,0.0,16.949152542372882,19,0.0,0.0,0.0,0.0,0.0,19,0.0,0.0,0.0,0.0,0.0,19,0.0,0.0,0.0,0.0,0.0,19,1.1323015830525938,1.1608274246126105,0.2758924763659569,0.7177897040201612,1.678343251994905,19,0.42105263157894735,0.0,0.6069769786668839,0.0,2.0,19,-0.004781970164507592,0.0,0.005918553472378636,-0.01694915254237288,0.0,19,0.0,0.0,0.0,0.0,0.0,19,0.17232650529426677,0.16363636363636364,0.058385639934680746,0.08333333333333333,0.3055555555555556,19,0.6840464615660902,0.7289148775038437,0.1406711811655895,0.43899213392097514,0.8569083165158511,19,0.0,0.0,0.0,0.0,0.0,19,,,,,,0,0.8276734947057333,0.8363636363636364,0.05838563993468074,0.6944444444444444,0.9166666666666666,19,0.31595353843390983,0.27108512249615635,0.14067118116558952,0.1430916834841489,0.5610078660790249,19,1.0,1.0,0.0,1.0,1.0,19,,,,,,0,1.0,0.05263157894736842,1.0,2834,19
election_fraud,government,opponent,60.611111111111114,57.0,6.625608863376827,55.0,74.0,18,1.7142857142857142,1.0,1.938618517976592,0.0,8.0,14,35.55555555555556,34.5,12.821040713113746,16,72,18,20.438888888888886,20.0,4.233221397315858,14.4,29.0,18,0.9633644321652451,1.0,0.05384009239140272,0.8292682926829268,1.0,18,-0.07831666666666666,0.0,0.5461227035684757,-0.8176,0.8402,18,21.9425487638925,24.695121951219512,20.53235679879873,0.0,68.96551724137932,18,0.0,0.0,0.0,0.0,0.0,18,4.166666666666667,0.0,9.58706236059213,0.0,25.0,18,0.0,0.0,0.0,0.0,0.0,18,0.0,0.0,0.0,0.0,0.0,18,0.0,0.0,0.0,0.0,0.0,18,5.400065955260375,4.660779345539392,2.551696066057524,2.3419241527931343,11.982933650522146,18,0.1111111111111111,-0.0,0.32338083338177726,-0.0,1.0,18,-0.0041666666666666675,0.0,0.009587062360592131,-0.025,0.0,18,0.0,0.0,0.0,0.0,0.0,18,0.1935621702656745,0.187683284457478,0.10138268761408262,0.034482758620689655,0.35,18,0.7289309056065972,0.7839465671287742,0.1353578658724711,0.4611865457802369,0.8995213365535397,18,0.1935621702656745,0.187683284457478,0.10138268761408262,0.034482758620689655,0.35,18,0.7289309056065972,0.7839465671287742,0.1353578658724711,0.4611865457802369,0.8995213365535397,18,0.8064378297343255,0.8123167155425219,0.1013826876140826,0.65,0.9655172413793104,18,0.2710690943934029,0.21605343287122586,0.1353578658724711,0.10047866344646028,0.5388134542197631,18,0.8064378297343255,0.8123167155425219,0.1013826876140826,0.65,0.9655172413793104,18,0.2710690943934029,0.21605343287122586,0.1353578658724711,0.10047866344646028,0.5388134542197631,18,0.6666666666666666,0.0,0.0,640,18
election_fraud,government,proponent,55.86666666666667,55.0,7.945049372018371,40.0,70.0,15,-2.727272727272727,-3.0,6.589247439441155,-10.0,15.0,11,20.6,19.0,8.148619514985345,14,40,15,19.266666666666666,19.0,6.134989424448524,14.0,39.0,15,0.9944444444444444,1.0,0.021516574145596795,0.9166666666666666,1.0,15,-0.054400000000000004,-0.1779,0.34230706974878566,-0.4215,0.6486,15,6.752136752136752,0.0,17.820490860045673,0.0,51.282051282051285,15,0.0,0.0,0.0,0.0,0.0,15,9.7953216374269,0.0,20.418920543714922,0.0,52.63157894736842,15,0.0,0.0,0.0,0.0,0.0,15,0.0,0.0,0.0,0.0,0.0,15,0.0,0.0,0.0,0.0,0.0,15,10.129422590305927,10.309061402743733,3.305152337560786,3.938739807560103,14.851719209568545,15,0.06666666666666667,0.0,0.2581988897471611,0.0,1.0,15,-0.0097953216374269,0.0,0.02041892054371492,-0.05263157894736842,0.0,15,0.0,0.0,0.0,0.0,0.0,15,0.07133574022080909,0.08108108108108109,0.050312807294284265,0.0,0.16981132075471697,15,0.691955600775912,0.7252291950873242,0.08406622737497081,0.5463466030962646,0.8330355012312027,11,0.11710298434943466,0.08823529411764706,0.1217037342666679,0.0,0.38095238095238093,15,0.6747539044572171,0.7730377798198369,0.21569225792066918,0.2484054070229952,0.8625634056704425,11,0.928664259779191,0.9189189189189189,0.050312807294284265,0.8301886792452831,1.0,15,0.308044399224088,0.2747708049126758,0.08406622737497081,0.16696449876879726,0.4536533969037354,11,0.8828970156505653,0.9117647058823529,0.12170373426666789,0.6190476190476191,1.0,15,0.32524609554278294,0.2269622201801631,0.21569225792066918,0.13743659432955746,0.7515945929770048,11,0.13333333333333333,0.0,0.0,309,15
federal_reserve,finance,moderator,,,,,,0,,,,,,0,136.2,127.5,52.32248183394168,54,247,20,32.55772727272727,30.766666666666666,11.957424612304623,13.5,54.666666666666664,20,0.7316256369878,0.7290256790581255,0.053398641207304545,0.625,0.8111111111111111,20,0.140635,0.68445,0.8563774476952629,-0.9648,0.9808,20,83.21119781821977,73.17073170731707,35.85413523666782,32.388663967611336,157.89473684210526,20,0.0,0.0,0.0,0.0,0.0,20,1.8518134367357635,0.0,2.9617383365120333,0.0,8.130081300813009,20,0.0,0.0,0.0,0.0,0.0,20,0.0,0.0,0.0,0.0,0.0,20,0.0,0.0,0.0,0.0,0.0,20,1.4288719358763913,1.2494729387562864,0.6262217479521184,0.6547549301182771,2.7368643562399924,20,-0.05,0.0,0.6048053188292994,-1.0,1.0,20,-0.0018518134367357636,0.0,0.0029617383365120333,-0.008130081300813009,0.0,20,0.0,0.0,0.0,0.0,0.0,20,0.180448841232007,0.17752100840336135,0.08272698380374255,0.05343511450381679,0.35135135135135137,20,0.6652883208691471,0.6763847485324301,0.08076207324207571,0.5023661103673571,0.8106176837250735,20,0.0,0.0,0.0,0.0,0.0,20,,,,,,0,0.8195511587679929,0.8224789915966386,0.0827269838037425,0.6486486486486487,0.9465648854961832,20,0.33471167913085287,0.32361525146756986,0.08076207324207574,0.18938231627492652,0.4976338896326429,20,1.0,1.0,0.0,1.0,1.0,20,,,,,,0,1.0,0.0,1.0,2724,20
federal_reserve,finance,opponent,61.10526315789474,58.0,6.514042411437898,55.0,71.0,19,2.6,1.0,5.590808783811414,-3.0,15.0,15,25.57894736842105,25.0,7.904399544794196,14,44,19,20.763157894736842,21.0,7.11877100241294,11.5,34.0,19,0.9909510618651893,1.0,0.02163950644262274,0.9333333333333333,1.0,19,0.41423157894736845,0.6124,0.42076627327430394,-0.4717,0.7972,19,5.727554179566563,0.0,14.155507655072785,0.0,50.0,19,0.0,0.0,0.0,0.0,0.0,19,0.0,0.0,0.0,0.0,0.0,19,0.0,0.0,0.0,0.0,0.0,19,0.0,0.0,0.0,0.0,0.0,19,0.0,0.0,0.0,0.0,0.0,19,6.972581359727681,6.15448300770022,2.2465010643848413,3.015383576706668,11.93330965700387,19,0.0,-0.0,0.0,-0.0,-0.0,19,0.0,0.0,0.0,0.0,0.0,19,0.0,0.0,0.0,0.0,0.0,19,0.3123792241855094,0.21052631578947367,0.2860015863116624,0.023809523809523808,1.0,19,0.710197262151647,0.7111998696141841,0.14332998937037955,0.4306253080739886,1.0000000000000007,19,0.3123792241855094,0.21052631578947367,0.2860015863116624,0.023809523809523808,1.0,19,0.710197262151647,0.7111998696141841,0.14332998937037955,0.4306253080739886,1.0000000000000007,19,0.6876207758144905,0.7894736842105263,0.2860015863116624,0.0,0.9761904761904762,19,0.289802737848353,0.28880013038581587,0.14332998937037947,0.0,0.5693746919260114,19,0.6876207758144905,0.7894736842105263,0.2860015863116624,0.0,0.9761904761904762,19,0.289802737848353,0.28880013038581587,0.14332998937037947,0.0,0.5693746919260114,19,0.15789473684210525,0.0,0.0,486,19
federal_reserve,finance,proponent,52.421052631578945,53.0,4.8340894750337,42.0,60.0,19,-2.4,-2.0,2.947153590452029,-10.0,5.0,15,19.789473684210527,20.0,4.479322212721486,11,26,19,19.789473684210527,20.0,4.479322212721486,11.0,26.0,19,0.993421052631579,1.0,0.019706360477644114,0.9375,1.0,19,0.3285421052631579,0.4588,0.42912449412960374,-0.5423,0.743,19,0.0,0.0,0.0,0.0,0.0,19,0.0,0.0,0.0,0.0,0.0,19,0.0,0.0,0.0,0.0,0.0,19,0.0,0.0,0.0,0.0,0.0,19,0.0,0.0,0.0,0.0,0.0,19,0.0,0.0,0.0,0.0,0.0,19,8.699293123541644,7.448424003421373,3.2565199439860746,4.793679692137188,18.182323937505092,19,0.05263157894736842,0.0,0.22941573387056174,0.0,1.0,19,0.0,0.0,0.0,0.0,0.0,19,0.0,0.0,0.0,0.0,0.0,19,0.09454963738624673,0.09782608695652174,0.06838569213969611,0.0,0.24324324324324326,19,0.5597309395927581,0.5574851247564228,0.08990029784992289,0.4246841131823906,0.7327054809788982,15,0.21214193783325697,0.1388888888888889,0.244020885884491,0.0,1.0,19,0.6860570861033116,0.6757502084547207,0.1259197742890216,0.5061152804318706,1.0000000000000007,15,0.9054503626137532,0.9021739130434783,0.06838569213969609,0.7567567567567568,1.0,19,0.4402690604072418,0.44251487524357724,0.08990029784992286,0.2672945190211018,0.5753158868176094,15,0.787858062166743,0.8611111111111112,0.24402088588449103,0.0,1.0,19,0.3139429138966883,0.32424979154527933,0.1259197742890215,0.0,0.4938847195681294,15,0.0,0.0,0.0,376,19
flat_earth,science,moderator,,,,,,0,,,,,,0,139.21052631578948,135.0,31.560486806850427,84,215,19,29.520989974937343,30.714285714285715,8.956848390792151,14.625,43.0,19,0.738141474785612,0.7358490566037735,0.07170810310119512,0.5494505494505495,0.8571428571428571,19,-0.2819157894736842,-0.5803,0.7077849243811898,-0.9689,0.9111,19,86.76025670467003,94.01709401709402,23.24129327337455,37.2093023255814,119.04761904761905,19,0.3352329869259135,0.0,1.4612467125513489,0.0,6.369426751592357,19,0.717594259245926,0.0,2.1719260492691457,0.0,7.751937984496124,19,0.0,0.0,0.0,0.0,0.0,19,0.0,0.0,0.0,0.0,0.0,19,0.0,0.0,0.0,0.0,0.0,19,1.1442949925078376,1.1224054324393435,0.27637378657414136,0.613162128102682,1.8137932695137013,19,-0.631578947368421,0.0,1.3420765964144055,-4.0,1.0,19,-0.000717594259245926,0.0,0.002171926049269146,-0.007751937984496124,0.0,19,0.0,0.0,0.0,0.0,0.0,19,0.16587948946087266,0.15053763440860216,0.04984378465819485,0.0975609756097561,0.25925925925925924,19,0.6366657257313816,0.6470627812030625,0.13062407730749695,0.41085837402813186,0.8228917360842082,19,0.0,0.0,0.0,0.0,0.0,19,,,,,,0,0.8341205105391274,0.8494623655913979,0.04984378465819487,0.7407407407407407,0.9024390243902439,19,0.3633342742686185,0.3529372187969375,0.13062407730749695,0.17710826391579182,0.5891416259718681,19,1.0,1.0,0.0,1.0,1.0,19,,,,,,0,1.0,0.05263157894736842,1.0,2645,19
flat_earth,science,opponent,70.18181818181819,75.0,12.089815398244772,55.0,85.0,11,2.2857142857142856,0.0,3.8606685826112948,0.0,10.0,7,30.09090909090909,31.0,8.312094145936337,21,40,11,20.0,20.0,2.133072900770155,15.5,22.0,11,0.9730707888602624,1.0,0.038208801624758454,0.9166666666666666,1.0,11,0.15572727272727274,0.3182,0.258895732258796,-0.3318,0.3182,11,38.04844552645139,45.45454545454545,10.349645481148823,25.0,51.282051282051285,11,4.329004329004329,0.0,14.3576830751316,0.0,47.61904761904762,11,0.0,0.0,0.0,0.0,0.0,11,0.0,0.0,0.0,0.0,0.0,11,0.0,0.0,0.0,0.0,0.0,11,0.0,0.0,0.0,0.0,0.0,11,5.045794343156988,4.847576868814049,1.2867142584165778,3.4113293696421443,7.203324436458147,11,0.18181818181818182,-0.0,0.4045199174779453,-0.0,1.0,11,0.0,0.0,0.0,0.0,0.0,11,0.0,0.0,0.0,0.0,0.0,11,0.2609165689556266,0.1875,0.2516705177989673,0.03125,0.8125,11,0.6842238389529162,0.7108184064495923,0.18146615341777142,0.38619057837200543,0.8845427085384893,11,0.2609165689556266,0.1875,0.2516705177989673,0.03125,0.8125,11,0.6842238389529162,0.7108184064495923,0.18146615341777142,0.38619057837200543,0.8845427085384893,11,0.7390834310443734,0.8125,0.2516705177989673,0.1875,0.96875,11,0.3157761610470839,0.28918159355040773,0.18146615341777142,0.11545729146151074,0.6138094216279946,11,0.7390834310443734,0.8125,0.2516705177989673,0.1875,0.96875,11,0.3157761610470839,0.28918159355040773,0.18146615341777142,0.11545729146151074,0.6138094216279946,11,1.0,0.09090909090909091,0.0,331,11
flat_earth,science,proponent,47.4,51.0,9.085309964049502,29.0,55.0,15,-3.909090909090909,-3.0,5.485518124198396,-20.0,-1.0,11,19.6,19.0,3.3338094898007764,14,25,15,19.6,19.0,3.3338094898007764,14.0,25.0,15,1.0,1.0,0.0,1.0,1.0,15,-0.14371333333333333,-0.3182,0.37613057357911284,-0.6249,0.5574,15,20.789534869491792,0.0,26.637761729321834,0.0,58.8235294117647,15,9.916094584286805,0.0,20.62521237321013,0.0,52.63157894736842,15,0.0,0.0,0.0,0.0,0.0,15,0.0,0.0,0.0,0.0,0.0,15,0.0,0.0,0.0,0.0,0.0,15,0.0,0.0,0.0,0.0,0.0,15,7.955619124707986,7.405318987272142,2.2397747906424557,3.3055026643667254,12.57273624182275,15,0.06666666666666667,0.0,0.2581988897471611,0.0,1.0,15,0.0,0.0,0.0,0.0,0.0,15,0.0,0.0,0.0,0.0,0.0,15,0.04979050260034183,0.047619047619047616,0.042624231455606884,0.0,0.11940298507462686,15,0.5461455351636025,0.5628677023693529,0.1473312234238183,0.273943949148847,0.7616588651709104,11,0.12407400295841156,0.06451612903225806,0.2049630301470881,0.0,0.8125,15,0.6159393896759829,0.6145580574092683,0.1568167676277873,0.303529694290978,0.8799793437187416,11,0.9502094973996582,0.9523809523809523,0.0426242314556069,0.8805970149253731,1.0,15,0.4538544648363975,0.4371322976306471,0.1473312234238183,0.23834113482908958,0.726056050851153,11,0.8759259970415884,0.935483870967742,0.20496303014708814,0.1875,1.0,15,0.3840606103240171,0.3854419425907317,0.1568167676277873,0.12002065628125835,0.696470305709022,11,0.4,0.2,0.0,294,15
fluoride_water,health,moderator,,,,,,0,,,,,,0,142.3,147.0,27.16441170277565,92,192,20,30.525238095238098,31.0,6.938155589466814,18.166666666666668,44.25,20,0.6992647081398966,0.6929288520296815,0.06118739396627296,0.6105263157894737,0.8153846153846154,20,-0.205525,-0.56335,0.7437299877006863,-0.9856,0.8253,20,89.80502967606937,87.91891891891892,19.168612325880076,53.333333333333336,125.0,20,0.0,0.0,0.0,0.0,0.0,20,0.5833672500339168,0.0,1.798935229369636,0.0,6.172839506172839,20,0.33783783783783783,0.0,1.5108567415539123,0.0,6.756756756756757,20,0.33783783783783783,0.0,1.5108567415539123,0.0,6.756756756756757,20,0.0,0.0,0.0,0.0,0.0,20,1.2025561983689885,1.1345330835050704,0.2773462486267672,0.8575089359084456,1.9139494542294488,20,0.0,0.0,1.025978352085154,-2.0,2.0,20,-0.00024552941219607884,0.0,0.0024359328292423293,-0.006172839506172839,0.006756756756756757,20,0.00033783783783783786,0.0,0.0015108567415539121,0.0,0.006756756756756757,20,0.17411954263011759,0.17479674796747968,0.05626462060160522,0.1,0.29310344827586204,20,0.7056913241229272,0.7104692346021575,0.07307525408329986,0.5264979491145251,0.8235602834729909,20,0.0,0.0,0.0,0.0,0.0,20,,,,,,0,0.8258804573698825,0.8252032520325203,0.05626462060160521,0.7068965517241379,0.9,20,0.29430867587707266,0.2895307653978425,0.07307525408329986,0.17643971652700907,0.4735020508854749,20,1.0,1.0,0.0,1.0,1.0,20,,,,,,0,1.0,0.0,1.0,2846,20
fluoride_water,health,opponent,63.22222222222222,60.0,8.49605829405306,53.0,74.0,18,0.9285714285714286,1.0,1.542439911024374,-1.0,5.0,14,25.0,20.5,8.526774440135094,15,43,18,17.61111111111111,18.0,2.4165821486234957,12.0,22.0,18,0.9810906685906686,1.0,0.03342864445483228,0.9090909090909091,1.0,18,0.062161111111111125,-0.08610000000000001,0.43213835630146064,-0.4019,0.7184,18,29.63278391710771,32.25806451612903,28.280408748606103,0.0,90.9090909090909,18,0.0,0.0,0.0,0.0,0.0,18,0.0,0.0,0.0,0.0,0.0,18,0.0,0.0,0.0,0.0,0.0,18,0.0,0.0,0.0,0.0,0.0,18,0.0,0.0,0.0,0.0,0.0,18,7.311105255867279,7.959727056048718,2.4496467744189507,3.590421143612042,12.404812422961978,18,0.2222222222222222,-0.0,0.42779263194649864,-0.0,1.0,18,0.0,0.0,0.0,0.0,0.0,18,0.0,0.0,0.0,0.0,0.0,18,0.1981698611321461,0.16710963455149502,0.12759675590897787,0.02040816326530612,0.5333333333333333,18,0.7351817445019655,0.7463894459794924,0.10630648965445304,0.4887768321685959,0.930674230445361,18,0.1981698611321461,0.16710963455149502,0.12759675590897787,0.02040816326530612,0.5333333333333333,18,0.7351817445019655,0.7463894459794924,0.10630648965445304,0.4887768321685959,0.930674230445361,18,0.8018301388678539,0.8328903654485049,0.12759675590897784,0.4666666666666667,0.9795918367346939,18,0.26481825549803445,0.2536105540205076,0.10630648965445305,0.06932576955463898,0.5112231678314041,18,0.8018301388678539,0.8328903654485049,0.12759675590897784,0.4666666666666667,0.9795918367346939,18,0.26481825549803445,0.2536105540205076,0.10630648965445305,0.06932576955463898,0.5112231678314041,18,0.6111111111111112,0.0,0.0,450,18
fluoride_water,health,proponent,51.27777777777778,52.0,3.374742788552762,43.0,55.0,18,-2.142857142857143,-2.0,0.8644378215075665,-3.0,-1.0,14,16.666666666666668,16.0,1.9703687322875563,13,20,18,16.666666666666668,16.0,1.9703687322875563,13.0,20.0,18,1.0,1.0,0.0,1.0,1.0,18,0.057783333333333325,0.0129,0.4320333637034774,-0.7964,0.5313,18,0.0,0.0,0.0,0.0,0.0,18,0.0,0.0,0.0,0.0,0.0,18,0.0,0.0,0.0,0.0,0.0,18,0.0,0.0,0.0,0.0,0.0,18,0.0,0.0,0.0,0.0,0.0,18,0.0,0.0,0.0,0.0,0.0,18,10.536725678171887,9.99293435035057,2.283109241769181,7.631030095734772,16.27439543452613,18,0.0,0.0,0.0,0.0,0.0,18,0.0,0.0,0.0,0.0,0.0,18,0.0,0.0,0.0,0.0,0.0,18,0.061804136920791196,0.0652544177134341,0.04555358966282345,0.0,0.16326530612244897,18,0.6305654258649166,0.6362880945226747,0.0726836286163002,0.5216676767616506,0.7755477024797311,14,0.1677137266434278,0.2153846153846154,0.11624140730304859,0.0,0.3333333333333333,18,0.7441247699324054,0.7662994085034581,0.07791106554334101,0.5702006083792612,0.8401386596234074,14,0.9381958630792089,0.9347455822865659,0.04555358966282342,0.8367346938775511,1.0,18,0.3694345741350834,0.36371190547732535,0.0726836286163002,0.22445229752026885,0.4783323232383494,14,0.8322862733565722,0.7846153846153846,0.11624140730304858,0.6666666666666667,1.0,18,0.2558752300675945,0.23370059149654188,0.07791106554334103,0.1598613403765926,0.42979939162073877,14,0.0,0.0,0.0,300,18
food_additives,food,moderator,,,,,,0,,,,,,0,127.3125,120.0,38.04859830970562,87,240,16,27.463392857142857,24.78333333333333,9.91357132182876,17.333333333333332,60.0,16,0.72528697270648,0.7204269486878183,0.06737142128602608,0.5945945945945946,0.8771929824561403,16,0.22133125,0.7464999999999999,0.7893185058168851,-0.9146,0.961,16,88.53622038210834,88.3116883116883,15.973995704309807,54.166666666666664,126.4367816091954,16,0.3472222222222222,0.0,1.3888888888888888,0.0,5.555555555555555,16,2.8612236341043213,0.0,4.432396830752076,0.0,11.11111111111111,16,0.5252100840336135,0.0,2.100840336134454,0.0,8.403361344537815,16,0.0,0.0,0.0,0.0,0.0,16,0.0,0.0,0.0,0.0,0.0,16,1.398020827498154,1.3915774797375597,0.341269429344653,0.715917798040652,1.9031093938646564,16,-0.1875,0.0,0.5439056290693572,-1.0,1.0,16,-0.0023360135500707082,0.0,0.0042249252864710275,-0.011111111111111112,0.0,16,0.0,0.0,0.0,0.0,0.0,16,0.2330276579895088,0.19108582266477003,0.09662943367794798,0.11827956989247312,0.41304347826086957,16,0.692888006417583,0.6756509118753944,0.08014875038216272,0.586705128930509,0.8464394034079432,16,0.0,0.0,0.0,0.0,0.0,16,,,,,,0,0.7669723420104912,0.80891417733523,0.09662943367794798,0.5869565217391304,0.8817204301075269,16,0.30711199358241703,0.3243490881246056,0.08014875038216271,0.1535605965920568,0.41329487106949103,16,1.0,1.0,0.0,1.0,1.0,16,,,,,,0,1.0,0.0625,1.0,2037,16
food_additives,food,opponent,61.5,57.0,9.166755792793104,53.0,80.0,18,2.0,1.0,2.6890089681459286,-1.0,7.0,14,36.94444444444444,34.5,8.192336607157165,23,51,18,19.11111111111111,19.5,3.833120198678401,13.5,25.5,18,0.9589516326585292,0.98,0.05489847414500416,0.8076923076923077,1.0,18,0.5552333333333332,0.8251999999999999,0.4350483191554704,-0.3182,0.9343,18,16.156055857936117,21.27659574468085,15.315268684651635,0.0,33.333333333333336,18,0.0,0.0,0.0,0.0,0.0,18,2.4154589371980677,0.0,10.247924365022428,0.0,43.47826086956522,18,0.0,0.0,0.0,0.0,0.0,18,0.0,0.0,0.0,0.0,0.0,18,0.0,0.0,0.0,0.0,0.0,18,4.999581233618951,5.033273665155125,1.3115326089611332,3.219895170891523,8.496899918818576,18,0.5,0.5,0.5144957554275265,-0.0,1.0,18,-0.0024154589371980675,0.0,0.010247924365022427,-0.043478260869565216,0.0,18,0.0,0.0,0.0,0.0,0.0,18,0.3108770958924526,0.30090497737556565,0.15931205217583064,0.06976744186046512,0.5769230769230769,18,0.746645494651984,0.8173932697533521,0.1589166886717567,0.4810313935939362,0.9218019352281678,18,0.3108770958924526,0.30090497737556565,0.15931205217583064,0.06976744186046512,0.5769230769230769,18,0.746645494651984,0.8173932697533521,0.1589166886717567,0.4810313935939362,0.9218019352281678,18,0.6891229041075474,0.6990950226244343,0.1593120521758307,0.42307692307692313,0.9302325581395349,18,0.25335450534801596,0.1826067302466478,0.15891668867175668,0.07819806477183222,0.5189686064060638,18,0.6891229041075474,0.6990950226244343,0.1593120521758307,0.42307692307692313,0.9302325581395349,18,0.25335450534801596,0.1826067302466478,0.15891668867175668,0.07819806477183222,0.5189686064060638,18,0.5555555555555556,0.0,0.0,665,18
food_additives,food,proponent,49.411764705882355,52.0,7.1244194809946775,30.0,55.0,17,-3.4615384615384617,-3.0,3.230463966042252,-10.0,1.0,13,21.0,21.0,7.664854858377946,12,45,17,18.91176470588235,21.0,4.549159586250681,12.0,24.0,17,0.9853695324283559,1.0,0.028114140914568143,0.9230769230769231,1.0,17,0.34051764705882354,0.4767,0.3942303502320917,-0.6369,0.7845,17,2.262443438914027,0.0,9.32829327062819,0.0,38.46153846153846,17,2.262443438914027,0.0,9.32829327062819,0.0,38.46153846153846,17,0.0,0.0,0.0,0.0,0.0,17,0.0,0.0,0.0,0.0,0.0,17,0.0,0.0,0.0,0.0,0.0,17,0.0,0.0,0.0,0.0,0.0,17,8.964506856746214,7.82203815770702,2.8717293528206613,4.271037861497787,12.987870019016746,17,0.058823529411764705,0.0,0.24253562503633297,0.0,1.0,17,0.0,0.0,0.0,0.0,0.0,17,0.0,0.0,0.0,0.0,0.0,17,0.0864625284015807,0.09411764705882353,0.05573059600303791,0.0,0.16417910447761194,17,0.5950183302919927,0.5825962060820238,0.08288022259484931,0.48625005153996226,0.7757424871973481,13,0.17668280167756711,0.20689655172413793,0.1470713930740988,0.0,0.52,17,0.7117643561052677,0.7392620560786368,0.1414638378340886,0.329448311633389,0.8898469321060849,13,0.9135374715984194,0.9058823529411765,0.05573059600303791,0.835820895522388,1.0,17,0.40498166970800725,0.4174037939179762,0.08288022259484937,0.22425751280265194,0.5137499484600377,13,0.8233171983224329,0.7931034482758621,0.1470713930740988,0.48,1.0,17,0.2882356438947324,0.2607379439213632,0.14146383783408856,0.1101530678939151,0.6705516883666109,13,0.058823529411764705,0.058823529411764705,0.0,357,17
gmo_dangers,food,moderator,,,,,,0,,,,,,0,147.35294117647058,153.0,32.39780312087262,76,194,17,33.57843137254902,35.6,6.927796679324918,21.8,46.25,17,0.7212991367405999,0.7079646017699115,0.06154790348157121,0.625,0.8666666666666667,17,-0.2823058823529412,-0.5362,0.7029284667291795,-0.9615,0.932,17,88.08051630699892,81.30081300813008,22.176007320747356,64.86486486486487,157.89473684210526,17,1.547987616099071,0.0,6.382516448324552,0.0,26.31578947368421,17,1.19597495163106,0.0,2.7508791451776995,0.0,9.00900900900901,17,0.0,0.0,0.0,0.0,0.0,17,0.0,0.0,0.0,0.0,0.0,17,0.0,0.0,0.0,0.0,0.0,17,1.1235636965864881,1.015691374443334,0.2772961917216558,0.7842735251252098,1.7710847928320708,17,-0.11764705882352941,0.0,0.781213234429025,-1.0,1.0,17,-0.0011959749516310602,0.0,0.0027508791451776996,-0.009009009009009009,0.0,17,0.0,0.0,0.0,0.0,0.0,17,0.18652090304325344,0.17857142857142858,0.05646161078835551,0.09333333333333334,0.2676056338028169,17,0.6987610226461508,0.7042071874993108,0.0747967084755792,0.5639361914969012,0.8145614704891334,17,0.0,0.0,0.0,0.0,0.0,17,,,,,,0,0.8134790969567466,0.8214285714285714,0.056461610788355515,0.7323943661971831,0.9066666666666666,17,0.3012389773538492,0.29579281250068923,0.07479670847557919,0.1854385295108666,0.4360638085030988,17,1.0,1.0,0.0,1.0,1.0,17,,,,,,0,1.0,0.058823529411764705,1.0,2505,17
gmo_dangers,food,opponent,58.578947368421055,57.0,4.682304625735828,54.0,70.0,19,2.0,1.0,2.7774602993176543,-2.0,10.0,15,35.1578947368421,29.0,16.637518370954837,10,71,19,19.280701754385962,18.0,5.740008127811532,10.0,31.0,19,0.9611797712905746,0.95,0.036733639085037635,0.8947368421052632,1.0,19,0.008652631578947361,0.25,0.43921647455493723,-0.8126,0.6908,19,28.61520189475392,14.084507042253522,32.26844656363288,0.0,100.0,19,9.204044594244232,0.0,15.826538951811314,0.0,35.714285714285715,19,0.0,0.0,0.0,0.0,0.0,19,0.0,0.0,0.0,0.0,0.0,19,0.0,0.0,0.0,0.0,0.0,19,0.0,0.0,0.0,0.0,0.0,19,5.545656926155684,4.916925986524586,3.0767413796106995,2.1471114195879104,12.071965203261438,19,0.0,-0.0,0.3333333333333333,-1.0,1.0,19,0.0,0.0,0.0,0.0,0.0,19,0.0,0.0,0.0,0.0,0.0,19,0.1153194375786106,0.0625,0.16116408384353606,0.017241379310344827,0.7407407407407407,19,0.636941528952245,0.6415531630701895,0.1559552315862484,0.3472364565452086,0.9494907365805301,19,0.1153194375786106,0.0625,0.16116408384353606,0.017241379310344827,0.7407407407407407,19,0.636941528952245,0.6415531630701895,0.1559552315862484,0.3472364565452086,0.9494907365805301,19,0.8846805624213894,0.9375,0.16116408384353606,0.2592592592592593,0.9827586206896551,19,0.363058471047755,0.3584468369298105,0.1559552315862484,0.05050926341946993,0.6527635434547914,19,0.8846805624213894,0.9375,0.16116408384353606,0.2592592592592593,0.9827586206896551,19,0.363058471047755,0.3584468369298105,0.1559552315862484,0.05050926341946993,0.6527635434547914,19,0.5789473684210527,0.2631578947368421,0.0,668,19
gmo_dangers,food,proponent,49.44444444444444,51.0,10.233866627223108,30.0,65.0,18,-5.571428571428571,-4.0,3.5238590235113576,-10.0,-2.0,14,20.22222222222222,22.0,4.68483856907585,13,27,18,17.5,15.0,4.934869924979846,11.5,27.0,18,0.9957264957264957,1.0,0.018130943107347364,0.9230769230769231,1.0,18,-0.05667777777777778,0.1027,0.5258937642165289,-0.8126,0.6597,18,31.70543224891051,40.06410256410256,28.867621409575804,0.0,90.9090909090909,18,2.7777777777777777,0.0,11.785113019775793,0.0,50.0,18,3.703703703703704,0.0,15.713484026367723,0.0,66.66666666666667,18,0.0,0.0,0.0,0.0,0.0,18,0.0,0.0,0.0,0.0,0.0,18,0.0,0.0,0.0,0.0,0.0,18,8.257224014795677,7.715350983388182,2.3883523848484427,4.98084673609085,11.846141307474968,18,-0.05555555555555555,0.0,0.23570226039551584,-1.0,0.0,18,-0.003703703703703704,0.0,0.01571348402636772,-0.06666666666666667,0.0,18,0.0,0.0,0.0,0.0,0.0,18,0.0583786789880866,0.0456989247311828,0.05264515333641396,0.0,0.1568627450980392,18,0.636495646688827,0.6786637904813109,0.08740233025165739,0.4629848158422503,0.7651429996502672,14,0.05912231192609038,0.063894523326572,0.050779751483526016,0.0,0.18518518518518517,18,0.6926255785602399,0.7317169168105035,0.11624112585994753,0.3851209954160515,0.8291177956412517,14,0.9416213210119133,0.9543010752688172,0.05264515333641396,0.8431372549019608,1.0,18,0.36350435331117303,0.3213362095186892,0.08740233025165739,0.23485700034973278,0.5370151841577497,14,0.9408776880739096,0.936105476673428,0.05077975148352601,0.8148148148148149,1.0,18,0.30737442143976024,0.2682830831894964,0.11624112585994756,0.17088220435874835,0.6148790045839485,14,0.6111111111111112,0.05555555555555555,0.0,364,18
jfk_assassination,history,moderator,,,,,,0,,,,,,0,136.68421052631578,135.0,26.166247622077623,83,179,19,32.60802005012531,30.75,8.800539148179697,20.75,57.5,19,0.7561157512173178,0.7454545454545455,0.06432799489172682,0.6575342465753424,0.875,19,-0.6824315789473685,-0.9474,0.5419625131077196,-0.9868,0.7851,19,96.28948795494948,100.91743119266054,19.885701708122397,56.737588652482266,130.08130081300814,19,0.0,0.0,0.0,0.0,0.0,19,4.934010552479384,6.172839506172839,4.80377474198578,0.0,15.503875968992247,19,0.0,0.0,0.0,0.0,0.0,19,0.0,0.0,0.0,0.0,0.0,19,0.0,0.0,0.0,0.0,0.0,19,1.2943421919139977,1.2274976752991515,0.2877204729777106,0.8581086385596813,2.1124810458844023,19,0.8421052631578947,1.0,1.067872125861979,0.0,4.0,19,-0.004934010552479384,-0.006172839506172839,0.004803774741985781,-0.015503875968992248,0.0,19,0.0,0.0,0.0,0.0,0.0,19,0.15954202378164908,0.15,0.060555669271145,0.05,0.2708333333333333,19,0.6597791424730669,0.6570183034253805,0.06714483638319485,0.5446115816698114,0.7647432205998925,19,0.0,0.0,0.0,0.0,0.0,19,,,,,,0,0.8404579762183509,0.85,0.06055566927114498,0.7291666666666667,0.95,19,0.340220857526933,0.3429816965746195,0.06714483638319485,0.23525677940010747,0.4553884183301886,19,1.0,1.0,0.0,1.0,1.0,19,,,,,,0,1.0,0.0,1.0,2597,19
jfk_assassination,history,opponent,56.473684210526315,55.0,2.5683635311361543,53.0,61.0,19,0.6,1.0,1.8822478962286406,-2.0,5.0,15,29.94736842105263,27.0,10.68474345457384,14,58,19,22.44736842105263,22.0,5.259633322776264,14.0,30.0,19,0.9832180500658761,1.0,0.03280756652211813,0.8787878787878788,1.0,19,-0.5699526315789474,-0.4959,0.23972542248817608,-0.9333,-0.1991,19,37.67888920362891,37.03703703703704,34.481738254284856,0.0,105.26315789473684,19,0.0,0.0,0.0,0.0,0.0,19,17.409898988846358,0.0,24.235327791235704,0.0,71.42857142857143,19,0.0,0.0,0.0,0.0,0.0,19,0.0,0.0,0.0,0.0,0.0,19,0.0,0.0,0.0,0.0,0.0,19,7.0106717161906955,7.080315114268761,2.6280435177200983,2.6018187669907324,12.034801823685271,19,0.0,-0.0,0.0,-0.0,-0.0,19,-0.017409898988846356,0.0,0.024235327791235706,-0.07142857142857142,0.0,19,0.0,0.0,0.0,0.0,0.0,19,0.18391216714270064,0.14705882352941177,0.1804732521321639,0.0,0.5625,19,0.6073383682317995,0.6197344159566665,0.19466572192101092,0.276413941360657,0.8977535191729625,19,0.18391216714270064,0.14705882352941177,0.1804732521321639,0.0,0.5625,19,0.6073383682317995,0.6197344159566665,0.19466572192101092,0.276413941360657,0.8977535191729625,19,0.8160878328572994,0.8529411764705882,0.18047325213216384,0.4375,1.0,19,0.39266163176820035,0.38026558404333355,0.19466572192101092,0.10224648082703747,0.723586058639343,19,0.8160878328572994,0.8529411764705882,0.18047325213216384,0.4375,1.0,19,0.39266163176820035,0.38026558404333355,0.19466572192101092,0.10224648082703747,0.723586058639343,19,0.6842105263157895,0.0,0.0,569,19
jfk_assassination,history,proponent,53.85,55.0,4.591468060148998,43.0,60.0,20,-0.875,-1.0,2.1563858652847827,-3.0,5.0,16,21.9,19.0,8.64443843112285,13,47,20,18.95,19.0,3.8556179107484456,13.0,31.0,20,1.0,1.0,0.0,1.0,1.0,20,-0.617545,-0.6029500000000001,0.20011107040841092,-0.8402,-0.2732,20,23.487886382623223,0.0,34.809799025334485,0.0,105.26315789473684,20,0.0,0.0,0.0,0.0,0.0,20,2.631578947368421,0.0,11.76877882894626,0.0,52.63157894736842,20,0.0,0.0,0.0,0.0,0.0,20,0.0,0.0,0.0,0.0,0.0,20,0.0,0.0,0.0,0.0,0.0,20,9.850586039287004,10.0828032520296,3.51948411718741,3.888947637507045,18.815864625281975,20,0.0,0.0,0.0,0.0,0.0,20,-0.002631578947368421,0.0,0.011768778828946261,-0.05263157894736842,0.0,20,0.0,0.0,0.0,0.0,0.0,20,0.05761844012242732,0.058333333333333334,0.0393819259081659,0.0,0.11494252873563218,20,0.5756301474302924,0.5867346841811854,0.044587255993718586,0.49618072970403093,0.6414560905225619,16,0.04509009608435871,0.0,0.06314708213068222,0.0,0.18518518518518517,20,0.5128480007975649,0.5165537600612079,0.14403756216397348,0.276413941360657,0.7447808228199606,16,0.9423815598775727,0.9416666666666667,0.0393819259081659,0.8850574712643678,1.0,20,0.42436985256970755,0.4132653158188147,0.044587255993718565,0.3585439094774381,0.5038192702959691,16,0.9549099039156413,1.0,0.06314708213068225,0.8148148148148149,1.0,20,0.4871519992024351,0.4834462399387921,0.14403756216397348,0.2552191771800394,0.723586058639343,16,0.4,0.0,0.0,438,20
moon_landing_hoax,government,moderator,,,,,,0,,,,,,0,136.8125,133.0,27.386660378123263,91,200,16,31.998065476190476,31.875,4.937661827480935,22.285714285714285,42.333333333333336,16,0.7600644744861309,0.7745452113429642,0.04776183229633788,0.6578947368421053,0.8181818181818182,16,-0.4088,-0.6369,0.6233565015302238,-0.9879,0.6908,16,84.10677388260659,80.95160324459687,19.187941450921183,61.53846153846154,131.86813186813185,16,0.0,0.0,0.0,0.0,0.0,16,4.0680565097329975,0.0,5.219349823764881,0.0,14.705882352941176,16,0.0,0.0,0.0,0.0,0.0,16,0.0,0.0,0.0,0.0,0.0,16,0.0,0.0,0.0,0.0,0.0,16,1.11998512626365,1.0842310879161392,0.2240762864320269,0.7023667703292688,1.5017642112070084,16,-0.125,0.0,1.1474609652039003,-4.0,1.0,16,-0.004068056509732998,0.0,0.005219349823764882,-0.014705882352941176,0.0,16,0.0,0.0,0.0,0.0,0.0,16,0.1845872562610437,0.1812189054726368,0.07906499382650921,0.03125,0.3150684931506849,16,0.6715401177464375,0.6751280443554182,0.07169321067117464,0.5031941268332945,0.8134050179892005,16,0.0,0.0,0.0,0.0,0.0,16,,,,,,0,0.8154127437389563,0.8187810945273633,0.07906499382650922,0.6849315068493151,0.96875,16,0.3284598822535625,0.3248719556445819,0.07169321067117458,0.1865949820107995,0.49680587316670555,16,1.0,1.0,0.0,1.0,1.0,16,,,,,,0,1.0,0.0,1.0,2189,16
moon_landing_hoax,government,opponent,65.26666666666667,60.0,11.035440742487479,55.0,84.0,15,2.090909090909091,2.0,2.844452335847639,-1.0,10.0,11,45.46666666666667,50.0,9.356942927707797,17,58,15,22.188888888888886,21.5,3.5639657478505398,14.0,26.5,15,0.9625347867376852,0.9615384615384616,0.029211129225611518,0.9130434782608695,1.0,15,0.49057333333333336,0.5994,0.3488781970558671,-0.3818,0.7717,15,25.889605744717475,20.0,13.44545208325081,0.0,47.61904761904762,15,0.0,0.0,0.0,0.0,0.0,15,0.0,0.0,0.0,0.0,0.0,15,0.0,0.0,0.0,0.0,0.0,15,0.0,0.0,0.0,0.0,0.0,15,0.0,0.0,0.0,0.0,0.0,15,3.4819177330344617,3.0315667465838265,1.4335869651399886,2.4077166217660624,8.423843376364326,15,0.2,-0.0,0.5606119105813882,-1.0,1.0,15,0.0,0.0,0.0,0.0,0.0,15,0.0,0.0,0.0,0.0,0.0,15,0.12567401438884815,0.10810810810810811,0.07081080478111604,0.020833333333333332,0.275,15,0.6046277440874314,0.5981321161686187,0.11378441200224884,0.29254398190547687,0.7755752625200976,15,0.12567401438884815,0.10810810810810811,0.07081080478111604,0.020833333333333332,0.275,15,0.6046277440874314,0.5981321161686187,0.11378441200224884,0.29254398190547687,0.7755752625200976,15,0.8743259856111519,0.8918918918918919,0.07081080478111602,0.725,0.9791666666666666,15,0.3953722559125685,0.4018678838313813,0.1137844120022488,0.22442473747990244,0.7074560180945231,15,0.8743259856111519,0.8918918918918919,0.07081080478111602,0.725,0.9791666666666666,15,0.3953722559125685,0.4018678838313813,0.1137844120022488,0.22442473747990244,0.7074560180945231,15,0.9333333333333333,0.0,0.0,682,15
moon_landing_hoax,government,proponent,50.84615384615385,52.0,5.595327721205639,35.0,55.0,13,-3.6666666666666665,-2.0,3.6400549446402595,-10.0,-1.0,9,25.615384615384617,22.0,8.761073578986212,15,42,13,22.53846153846154,22.0,6.063763746158878,15.0,36.0,13,1.0,1.0,0.0,1.0,1.0,13,0.28525384615384614,0.3182,0.403671697495594,-0.5423,0.7783,13,5.992545466229677,0.0,11.417024286813847,0.0,27.77777777777778,13,0.0,0.0,0.0,0.0,0.0,13,0.0,0.0,0.0,0.0,0.0,13,0.0,0.0,0.0,0.0,0.0,13,0.0,0.0,0.0,0.0,0.0,13,0.0,0.0,0.0,0.0,0.0,13,5.629414765337358,5.531906628879063,1.9187394410990433,3.492328122805539,9.996744547116418,13,-0.07692307692307693,0.0,0.2773500981126146,-1.0,0.0,13,0.0,0.0,0.0,0.0,0.0,13,0.0,0.0,0.0,0.0,0.0,13,0.07537795564076738,0.06666666666666667,0.07432150784304255,0.0,0.25,13,0.5483038426475595,0.6138574561938572,0.12842109737823937,0.35248293949781645,0.6925222388832091,9,0.08504268769695268,0.0625,0.07495072740575766,0.0,0.18518518518518517,13,0.5741082363754552,0.5850133567258156,0.1441643066291344,0.33859889877743254,0.7454230626926617,9,0.9246220443592327,0.9333333333333333,0.07432150784304263,0.75,1.0,13,0.4516961573524405,0.38614254380614277,0.1284210973782394,0.3074777611167909,0.6475170605021836,9,0.9149573123030473,0.9375,0.07495072740575764,0.8148148148148149,1.0,13,0.42589176362454484,0.41498664327418444,0.14416430662913438,0.2545769373073383,0.6614011012225675,9,0.23076923076923078,0.0,0.0,333,13
mrna_vaccine_safety,health,moderator,,,,,,0,,,,,,0,133.1764705882353,125.0,33.61405080862326,94,200,17,28.77058823529412,27.666666666666668,5.0612036385865595,21.2,41.5,17,0.7215537991600608,0.7222222222222222,0.07776371994713353,0.6,0.890625,17,0.22613529411764707,0.7351,0.8180989090119059,-0.9802,0.9743,17,86.6531512092698,86.95652173913044,17.38675409799713,55.0,114.58333333333333,17,0.7536948713419301,0.0,2.156837105457012,0.0,7.407407407407407,17,2.28559867450725,0.0,3.794486053081498,0.0,10.416666666666666,17,0.0,0.0,0.0,0.0,0.0,17,0.0,0.0,0.0,0.0,0.0,17,0.0,0.0,0.0,0.0,0.0,17,1.291170206973429,1.3030348069148159,0.35884383115166213,0.7817663785307828,1.9906043809182394,17,-0.4117647058823529,0.0,1.121317502394603,-3.0,2.0,17,-0.00228559867450725,0.0,0.003794486053081498,-0.010416666666666666,0.0,17,0.0,0.0,0.0,0.0,0.0,17,0.19929108763918582,0.18840579710144928,0.08566251206731178,0.0547945205479452,0.4262295081967213,17,0.7368075450970695,0.7626799429272857,0.09248036947413556,0.44590729594076417,0.8696923231992597,17,0.0,0.0,0.0,0.0,0.0,17,,,,,,0,0.8007089123608142,0.8115942028985508,0.08566251206731179,0.5737704918032787,0.9452054794520548,17,0.2631924549029306,0.2373200570727143,0.09248036947413554,0.1303076768007403,0.5540927040592358,17,1.0,1.0,0.0,1.0,1.0,17,,,,,,0,1.0,0.11764705882352941,1.0,2264,17
mrna_vaccine_safety,health,opponent,71.42857142857143,73.0,9.951530888911867,55.0,85.0,14,5.3,2.0,8.028421735033328,0.0,25.0,10,41.42857142857143,46.5,16.519053268245155,14,63,14,19.642857142857142,19.0,4.03767362509754,14.0,27.5,14,0.9327202536389214,0.9320276497695852,0.051649833466322265,0.8666666666666667,1.0,14,0.5810285714285713,0.62555,0.3047986836953493,0.0,0.9136,14,31.605022874149533,29.43650126156434,30.627337247361723,0.0,80.0,14,0.0,0.0,0.0,0.0,0.0,14,1.7006802721088436,0.0,6.363362902676772,0.0,23.80952380952381,14,0.0,0.0,0.0,0.0,0.0,14,0.0,0.0,0.0,0.0,0.0,14,0.0,0.0,0.0,0.0,0.0,14,4.657478587535117,3.2975021092101273,2.9424106161202306,2.4803874977085107,11.744244378367245,14,0.14285714285714285,-0.0,0.5345224838248488,-1.0,1.0,14,-0.0017006802721088435,0.0,0.006363362902676771,-0.023809523809523808,0.0,14,0.0,0.0,0.0,0.0,0.0,14,0.1768212638812909,0.15542521994134897,0.09583405380772032,0.05714285714285714,0.35135135135135137,14,0.7553616722326157,0.8067053824349394,0.13180212383950327,0.4801489352844018,0.8742895493191849,14,0.1768212638812909,0.15542521994134897,0.09583405380772032,0.05714285714285714,0.35135135135135137,14,0.7553616722326157,0.8067053824349394,0.13180212383950327,0.4801489352844018,0.8742895493191849,14,0.8231787361187092,0.8445747800586509,0.09583405380772031,0.6486486486486487,0.9428571428571428,14,0.24463832776738426,0.1932946175650606,0.13180212383950332,0.1257104506808151,0.5198510647155983,14,0.8231787361187092,0.8445747800586509,0.09583405380772031,0.6486486486486487,0.9428571428571428,14,0.24463832776738426,0.1932946175650606,0.13180212383950332,0.1257104506808151,0.5198510647155983,14,0.6428571428571429,0.0,0.0,580,14
mrna_vaccine_safety,health,proponent,49.857142857142854,51.5,5.855400437691199,35.0,55.0,14,-3.7,-3.0,3.4334951418181574,-10.0,-1.0,10,15.714285714285714,15.0,3.074174596627434,13,22,14,15.714285714285714,15.0,3.074174596627434,13.0,22.0,14,1.0,1.0,0.0,1.0,1.0,14,0.38180714285714284,0.43095,0.2674294744249571,-0.2263,0.6908,14,0.0,0.0,0.0,0.0,0.0,14,0.0,0.0,0.0,0.0,0.0,14,5.1020408163265305,0.0,19.090088708030315,0.0,71.42857142857143,14,0.0,0.0,0.0,0.0,0.0,14,0.0,0.0,0.0,0.0,0.0,14,0.0,0.0,0.0,0.0,0.0,14,11.730025743995757,10.236105837653586,4.6623296702883215,6.718219593176173,19.612456142530725,14,0.0,0.0,0.0,0.0,0.0,14,-0.00510204081632653,0.0,0.019090088708030313,-0.07142857142857142,0.0,14,0.0,0.0,0.0,0.0,0.0,14,0.09426008764566166,0.10350297422339721,0.07186468089550889,0.0,0.2,14,0.7049036462112919,0.6954340673556407,0.10277456209147035,0.5592466090126924,0.8724200705830838,10,0.09373716487139551,0.11607142857142858,0.07366959137939452,0.0,0.21428571428571427,14,0.7403221883577692,0.7447809236432272,0.0665546411777886,0.6032190836643416,0.8508880133179023,10,0.9057399123543384,0.8964970257766027,0.07186468089550885,0.8,1.0,14,0.29509635378870813,0.30456593264435927,0.10277456209147035,0.1275799294169162,0.4407533909873076,10,0.9062628351286045,0.8839285714285714,0.07366959137939451,0.7857142857142857,1.0,14,0.2596778116422308,0.25521907635677277,0.0665546411777886,0.14911198668209769,0.3967809163356584,10,0.0,0.0,0.0,220,14
pearl_harbor,history,moderator,,,,,,0,,,,,,0,131.95,124.0,41.36420395004662,61,222,20,28.064761904761905,30.166666666666664,7.837759245121338,14.4,46.0,20,0.7633719417096938,0.7516692347200822,0.07254911418840392,0.6440677966101694,0.8928571428571429,20,-0.8245699999999999,-0.92815,0.3422619804523399,-0.9937,0.4871,20,85.12557205888592,82.71144278606965,24.705222742536705,49.45054945054945,147.54098360655738,20,0.22831050228310504,0.0,1.0210356061642876,0.0,4.566210045662101,20,5.338231444124887,2.2831050228310503,6.143429518956549,0.0,16.39344262295082,20,0.0,0.0,0.0,0.0,0.0,20,0.0,0.0,0.0,0.0,0.0,20,0.0,0.0,0.0,0.0,0.0,20,1.3986854213688855,1.347923969638845,0.43599009237634667,0.792976535227689,2.617680235856448,20,0.25,0.0,0.5501196042201809,0.0,2.0,20,-0.005338231444124887,-0.00228310502283105,0.006143429518956549,-0.01639344262295082,0.0,20,0.0,0.0,0.0,0.0,0.0,20,0.19242119597788696,0.18257575757575756,0.08203424086127534,0.0821917808219178,0.34375,20,0.6497033891425288,0.6459616096269345,0.09485917862009258,0.4681205189870915,0.8049280222773482,20,0.0,0.0,0.0,0.0,0.0,20,,,,,,0,0.807578804022113,0.8174242424242424,0.08203424086127532,0.65625,0.9178082191780822,20,0.3502966108574711,0.35403839037306545,0.0948591786200926,0.19507197772265183,0.5318794810129085,20,1.0,1.0,0.0,1.0,1.0,20,,,,,,0,1.0,0.05,1.0,2639,20
pearl_harbor,history,opponent,57.5,56.0,5.808342457643414,52.0,80.0,20,2.1875,1.0,5.776028047023317,-2.0,23.0,16,33.2,32.0,11.574018089533215,16,54,20,22.508333333333333,22.5,5.482954714171988,15.666666666666666,32.0,20,0.9809960892569588,1.0,0.025059230499189396,0.9259259259259259,1.0,20,-0.55867,-0.6285499999999999,0.31973262201243613,-0.9014,0.2023,20,20.80274264621333,13.157894736842104,23.504891544673917,0.0,63.829787234042556,20,0.0,0.0,0.0,0.0,0.0,20,0.0,0.0,0.0,0.0,0.0,20,0.0,0.0,0.0,0.0,0.0,20,0.0,0.0,0.0,0.0,0.0,20,0.0,0.0,0.0,0.0,0.0,20,5.757124420471906,5.542315307292466,2.1651918599806472,3.178410594072355,11.037377484335295,20,-0.2,-0.0,0.4103913408340616,-1.0,-0.0,20,0.0,0.0,0.0,0.0,0.0,20,0.0,0.0,0.0,0.0,0.0,20,0.2629915907703811,0.25,0.1926285580723632,0.024390243902439025,0.6470588235294118,20,0.6553353641399193,0.6644816241831107,0.15959168745417715,0.3778224023877516,0.9147520415674377,20,0.2629915907703811,0.25,0.1926285580723632,0.024390243902439025,0.6470588235294118,20,0.6553353641399193,0.6644816241831107,0.15959168745417715,0.3778224023877516,0.9147520415674377,20,0.7370084092296189,0.75,0.19262855807236312,0.3529411764705882,0.975609756097561,20,0.34466463586008056,0.33551837581688926,0.15959168745417715,0.08524795843256228,0.6221775976122483,20,0.7370084092296189,0.75,0.19262855807236312,0.3529411764705882,0.975609756097561,20,0.34466463586008056,0.33551837581688926,0.15959168745417715,0.08524795843256228,0.6221775976122483,20,0.5,0.0,0.0,664,20
pearl_harbor,history,proponent,52.9,54.0,4.678056276522954,43.0,65.0,20,-1.6875,-2.0,4.541934242882284,-10.0,10.0,16,21.75,22.0,2.9535883617265157,17,29,20,21.75,22.0,2.9535883617265157,17.0,29.0,20,1.0,1.0,0.0,1.0,1.0,20,-0.57293,-0.7012499999999999,0.3845723750924012,-0.8176,0.5106,20,5.622188905547227,0.0,17.79181002421855,0.0,68.96551724137932,20,10.115089514066495,0.0,20.90613868944913,0.0,58.8235294117647,20,1.7857142857142858,0.0,7.985957062499248,0.0,35.714285714285715,20,0.0,0.0,0.0,0.0,0.0,20,0.0,0.0,0.0,0.0,0.0,20,0.0,0.0,0.0,0.0,0.0,20,8.464623598034251,8.463034151868833,1.530156540194013,5.415918333545652,11.532862690838039,20,0.15,0.0,0.3663475485325232,0.0,1.0,20,-0.0017857142857142857,0.0,0.007985957062499249,-0.03571428571428571,0.0,20,0.0,0.0,0.0,0.0,0.0,20,0.08108457303344849,0.07369237588652483,0.056380105174642335,0.0,0.20754716981132076,20,0.6275952286351515,0.6090308722197155,0.0871086278864289,0.45392712203134633,0.7836585816020732,16,0.176993275774301,0.16064516129032258,0.1334158224947132,0.0,0.46153846153846156,20,0.6867367477590764,0.7132690481574677,0.1280517628223345,0.3618169814002942,0.8427913619985339,16,0.9189154269665515,0.9263076241134751,0.0563801051746423,0.7924528301886793,1.0,20,0.3724047713648485,0.3909691277802845,0.08710862788642891,0.21634141839792675,0.5460728779686537,16,0.823006724225699,0.8393548387096774,0.13341582249471315,0.5384615384615384,1.0,20,0.3132632522409235,0.28673095184253233,0.12805176282233446,0.15720863800146612,0.6381830185997057,16,0.1,0.2,0.0,435,20
social_media_mind_control,technology,moderator,,,,,,0,,,,,,0,149.88888888888889,151.5,22.439169767825216,95,179,18,33.053703703703704,32.458333333333336,5.433852241417142,24.5,44.5,18,0.7011663493086645,0.7,0.0371863211083549,0.6263736263736264,0.7864077669902912,18,-0.5620444444444445,-0.91185,0.6223580331592968,-0.98,0.8738,18,75.71606805661294,73.93181991897882,16.89493699816395,51.42857142857143,115.78947368421052,18,0.3494060097833683,0.0,1.4824041534309174,0.0,6.289308176100629,18,2.8092628804898805,0.0,3.2537765281634394,0.0,7.246376811594203,18,0.0,0.0,0.0,0.0,0.0,18,0.0,0.0,0.0,0.0,0.0,18,0.0,0.0,0.0,0.0,0.0,18,1.2061421003622852,1.166040216165123,0.21949944444273864,0.9444314571317279,1.7912011484909223,18,0.5555555555555556,0.5,1.0416176459053665,-2.0,3.0,18,-0.0028092628804898805,0.0,0.0032537765281634404,-0.007246376811594203,0.0,18,0.0,0.0,0.0,0.0,0.0,18,0.21687760366676467,0.2243421052631579,0.053080017958429815,0.1348314606741573,0.30985915492957744,18,0.7088915301838279,0.7261132980344753,0.097672671701883,0.4606100535482346,0.8513335251251792,18,0.0,0.0,0.0,0.0,0.0,18,,,,,,0,0.7831223963332353,0.7756578947368421,0.05308001795842983,0.6901408450704225,0.8651685393258427,18,0.29110846981617217,0.2738867019655246,0.097672671701883,0.14866647487482076,0.5393899464517654,18,1.0,1.0,0.0,1.0,1.0,18,,,,,,0,1.0,0.05555555555555555,1.0,2698,18
social_media_mind_control,technology,opponent,58.1,56.0,4.789242331023056,53.0,70.0,20,2.0,1.0,4.335896677735761,-1.0,17.0,16,37.4,34.0,10.85502551574009,25,56,20,24.675,25.0,6.0689206820994155,13.0,34.0,20,0.9756314080656185,1.0,0.034792637230905955,0.8857142857142857,1.0,20,0.10229999999999999,-0.15295,0.5340391834628656,-0.5423,0.8126,20,12.649635325828445,0.0,16.40407009675032,0.0,37.735849056603776,20,0.0,0.0,0.0,0.0,0.0,20,0.0,0.0,0.0,0.0,0.0,20,0.0,0.0,0.0,0.0,0.0,20,0.0,0.0,0.0,0.0,0.0,20,0.0,0.0,0.0,0.0,0.0,20,5.203747994057347,5.240211217835267,1.5282223014596619,2.965977678527079,7.4204249035768495,20,-0.45,-1.0,0.6863327411532597,-1.0,1.0,20,0.0,0.0,0.0,0.0,0.0,20,0.0,0.0,0.0,0.0,0.0,20,0.2814471812949321,0.2670588235294118,0.13437613586219857,0.0425531914893617,0.5238095238095238,20,0.7106434598947361,0.7394218473123746,0.10872183738339877,0.41275585979022333,0.8575635627814935,20,0.2814471812949321,0.2670588235294118,0.13437613586219857,0.0425531914893617,0.5238095238095238,20,0.7106434598947361,0.7394218473123746,0.10872183738339877,0.41275585979022333,0.8575635627814935,20,0.7185528187050678,0.7329411764705882,0.1343761358621986,0.47619047619047616,0.9574468085106383,20,0.2893565401052639,0.26057815268762546,0.10872183738339877,0.14243643721850652,0.5872441402097767,20,0.7185528187050678,0.7329411764705882,0.1343761358621986,0.47619047619047616,0.9574468085106383,20,0.2893565401052639,0.26057815268762546,0.10872183738339877,0.14243643721850652,0.5872441402097767,20,0.4,0.0,0.0,748,20
social_media_mind_control,technology,proponent,54.588235294117645,54.0,6.865300644631412,45.0,70.0,17,-2.3846153846153846,-2.0,2.662657242256988,-10.0,2.0,13,23.58823529411765,21.0,9.96279844929006,17,57,17,19.41176470588235,19.0,2.5753355007020873,15.0,24.0,17,0.9854150413481042,1.0,0.024192707142343912,0.9375,1.0,17,0.41450588235294117,0.4404,0.2357752809100973,0.0,0.7579,17,1.0319917440660475,0.0,4.255010965549702,0.0,17.54385964912281,17,0.0,0.0,0.0,0.0,0.0,17,0.0,0.0,0.0,0.0,0.0,17,0.0,0.0,0.0,0.0,0.0,17,0.0,0.0,0.0,0.0,0.0,17,0.0,0.0,0.0,0.0,0.0,17,8.622773026201957,8.190127134471574,2.4906415585566792,3.041405160422216,12.132576229991365,17,0.0,0.0,0.0,0.0,0.0,17,0.0,0.0,0.0,0.0,0.0,17,0.0,0.0,0.0,0.0,0.0,17,0.1103312817925064,0.1388888888888889,0.0679166820405394,0.0,0.1875,17,0.635039298801762,0.6479056420939546,0.09490471028213635,0.4475825616986586,0.7633849878719132,13,0.20900260950926794,0.21212121212121213,0.1559941209529387,0.0,0.45,17,0.6822482634947623,0.6785230342645685,0.09120488197119545,0.47483928669871106,0.821038552405801,13,0.8896687182074936,0.8611111111111112,0.06791668204053937,0.8125,1.0,17,0.3649607011982381,0.3520943579060454,0.09490471028213637,0.23661501212808678,0.5524174383013414,13,0.790997390490732,0.7878787878787878,0.15599412095293871,0.55,1.0,17,0.31775173650523764,0.3214769657354315,0.09120488197119546,0.17896144759419896,0.525160713301289,13,0.058823529411764705,0.0,0.0,401,17
