topic_id,role,num_utterances,num_tokens,uncertainty_count,uncertainty_rate,strong_modality_count,strong_modality_rate,weak_modality_count,weak_modality_rate,top_words,top_bigrams,nrc_anger,nrc_anticipation,nrc_disgust,nrc_fear,nrc_joy,nrc_negative,nrc_positive,nrc_sadness,nrc_surprise,nrc_trust,emfd_authority_p,emfd_authority_sent,emfd_care_p,emfd_care_sent,emfd_fairness_p,emfd_fairness_sent,emfd_loyalty_p,emfd_loyalty_sent,emfd_sanctity_p,emfd_sanctity_sent
5g_health_risks,conspiracy,33,576,16,0.027777777777777776,1,0.001736111111111111,2,0.003472222222222222,"health:19, public:16, deployment:13, safety:11, rapid:10, networks:10, pattern:9, downplaying:8, concern:7, profit:7, potential:7, genuine:7, due:7, rollout:7, despite:6, ignores:6, industry:6, risks:6, wireless:6, technological:5, scientific:5, effects:5, rather:5, dismissal:5, research:5","health_risks:6, rapid_deployment:5, deployment_despite:5, public_health:5, despite_growing:4, growing_public:4, public_concern:4, public_safety:4, telecom_companies:4, companies_prioritize:4, deployment_networks:4, track_record:4, corporate_interests:4, history_downplaying:4, wireless_networks:4, independent_research:3, prioritize_profit:3, profit_public:3, safety_deployment:3, networks_due:3",0.034722222222222224,0.07291666666666667,0.020833333333333332,0.043402777777777776,0.006944444444444444,0.06076388888888889,0.13194444444444445,0.022569444444444444,0.03993055555555555,0.04513888888888889,0.09496954145389354,0.033909794490781915,0.11494378242801712,-0.04313404907845459,0.11500990421083958,0.007587448889951102,0.09649478395604215,-0.003953524677371498,0.08892879749763591,-0.03913388836490671
5g_health_risks,scientist,33,742,14,0.018867924528301886,3,0.004043126684636119,4,0.005390835579514825,"evidence:23, health:19, safety:18, networks:12, profit:11, industry:10, acknowledging:9, problems:9, technology:9, deployment:8, serious:8, attributing:8, public:8, demonstrating:7, specific:7, requires:7, pattern:7, cause:7, crucial:7, effects:6, reliable:6, rigorous:6, wireless:6, companies:6, necessarily:6","health_problems:9, serious_health:8, networks_cause:7, cause_serious:7, requires_demonstrating:6, immune_system:6, system_damage:6, lacks_sufficient:5, evidence_relies:5, problems_including:5, including_immune:5, supported_reliable:5, sufficient_evidence:4, causal_link:4, consistent_pattern:4, profit_safety:4, reliable_evidence:4, industry_behavior:4, profit_motives:4, health_risks:3",0.026954177897574125,0.0431266846361186,0.01752021563342318,0.029649595687331536,0.012129380053908356,0.07681940700808626,0.10512129380053908,0.02425876010781671,0.009433962264150943,0.04986522911051213,0.08687316424536375,0.01656932696164806,0.10899827449713628,-0.05204297737314104,0.12060281515079284,-0.004209055200227406,0.09329491724226176,0.007640418606071213,0.08297024336596734,-0.057707099818585704
9_11_inside_job,conspiracy,31,533,14,0.02626641651031895,0,0.0,0,0.0,"narrative:17, official:15, attacks:11, pre:10, inconsistencies:8, anomalies:7, government:7, military:6, isn:6, regarding:5, collapse:5, attack:5, particularly:5, investigation:5, unanswered:5, questions:5, contains:4, critical:4, building:4, suggesting:4, orchestration:4, motive:4, opportunity:4, insistence:4, surrounding:4","official_narrative:13, unanswered_questions:5, narrative_contains:4, contains_critical:4, regarding_collapse:4, collapse_building:4, building_suggesting:4, narrative_attacks:4, inconsistencies_unanswered:4, critical_anomalies:3, isn_simply:3, within_government:3, orchestrate_attacks:3, pre_planned:3, planned_narrative:3, questions_cannot:3, cannot_dismissed:3, dismissed_mere:3, mere_coincidences:3, systemic_incentives:2",0.03189493433395872,0.039399624765478425,0.024390243902439025,0.08067542213883677,0.0075046904315197,0.09193245778611632,0.12382739212007504,0.03564727954971857,0.016885553470919325,0.0975609756097561,0.11778585006416545,-0.1019776753304188,0.10733975112048331,-0.16094376863599286,0.11308154539869535,-0.1391674841124191,0.10632431029364738,-0.10015080999754633,0.09477411669300154,-0.10239680934515932
9_11_inside_job,scientist,31,654,16,0.024464831804281346,1,0.0015290519877675841,3,0.0045871559633027525,"evidence:25, attacks:21, attributing:14, government:12, requires:12, narrative:10, demonstrating:10, official:9, orchestration:9, systemic:8, lacks:7, parsimonious:7, anomalies:6, explanation:6, remains:6, incentives:6, intelligence:6, acknowledging:6, collapse:6, investigation:6, orchestrated:5, cover:5, operations:5, events:5, deliberate:5","requires_demonstrating:9, official_narrative:7, government_orchestration:6, parsimonious_explanation:4, systemic_incentives:4, narrative_attacks:4, orchestration_requires:4, opponent's_argument:4, attributing_attacks:3, attacks_orchestrated:3, lacks_sufficient:3, sufficient_evidence:3, evidence_relies:3, collapse_building:3, incentives_false:3, false_flag:3, flag_operations:3, based_evidence:3, evidence_investigation:3, investigation_findings:3",0.01529051987767584,0.0290519877675841,0.03058103975535168,0.07186544342507645,0.01529051987767584,0.0963302752293578,0.11162079510703364,0.027522935779816515,0.0030581039755351682,0.0779816513761468,0.11387958937473061,-0.06853509642557404,0.10348723218200145,-0.12301030045307361,0.12019921378519799,-0.09764852162168523,0.10674450269734427,-0.04265464049368855,0.08807492216491883,-0.10116185746172643
ai_surveillance,conspiracy,38,672,13,0.019345238095238096,1,0.001488095238095238,3,0.004464285714285714,"surveillance:34, control:29, systems:15, global:14, scientific:12, agent:12, population:11, coordinated:11, plan:11, total:10, security:8, deployment:6, monitoring:6, conveniently:6, insistence:6, indicative:6, expansion:6, threats:5, ignores:5, consistently:5, power:5, larger:5, mere:5, pattern:5, powerful:5","scientific_agent:12, total_population:10, surveillance_systems:9, coordinated_plan:7, plan_total:6, global_deployment:5, population_monitoring:5, conveniently_ignores:5, population_control:5, control_global:5, powered_surveillance:4, monitoring_control:4, expansion_surveillance:4, adoption_surveillance:4, mere_coincidence:4, control_populations:4, powerful_corporations:4, corporations_governments:4, deployment_surveillance:3, response_genuine:3",0.022321428571428572,0.04017857142857143,0.017857142857142856,0.08630952380952381,0.01636904761904762,0.050595238095238096,0.11755952380952381,0.010416666666666666,0.022321428571428572,0.06845238095238096,0.1162378487241941,-0.039325097640147695,0.11658938980011785,-0.13066425614740917,0.11598507163210922,-0.04438122965050702,0.1090139986265823,-0.010214541062719509,0.09528842588905946,-0.015777923428828066
ai_surveillance,scientist,38,769,31,0.04031209362808843,2,0.002600780234070221,6,0.007802340702210663,"surveillance:34, control:28, coordinated:22, systems:18, total:17, plan:15, population:14, deployment:13, attributing:11, evidence:11, beyond:10, global:10, requires:9, security:9, hidden:8, explanations:7, overlooks:7, acknowledging:6, expansion:6, potential:6, part:6, monitoring:6, opponent:6, patterns:5, demonstrating:5","coordinated_plan:14, total_population:14, plan_total:13, surveillance_systems:13, population_control:9, deployment_surveillance:9, control_requires:6, part_coordinated:6, attributing_coordinated:6, requires_demonstrating:5, population_monitoring:5, monitoring_control:5, global_deployment:5, control_system:4, powered_surveillance:4, systems_deployed:4, surveillance_across:4, political_systems:4, systems_cultures:4, hidden_coordinating:4",0.02080624187256177,0.044213263979193757,0.014304291287386216,0.06762028608582575,0.0039011703511053317,0.06241872561768531,0.07282184655396619,0.002600780234070221,0.0039011703511053317,0.031209362808842653,0.1143629507018889,-0.030857271696448897,0.10707169674362195,-0.11382328314061672,0.11964044609256946,-0.039251466245613334,0.1026407950078313,0.00439122824410797,0.09333057512544911,-0.03419470754125506
big_pharma,conspiracy,36,689,7,0.010159651669085631,3,0.0043541364296081275,2,0.002902757619738752,"pharmaceutical:28, cures:22, profit:20, suppression:15, effective:13, treatments:13, companies:13, industry:12, pattern:9, expensive:9, patient:9, welfare:9, research:7, cheap:7, prioritize:7, prioritizes:6, suppressing:6, systemic:6, cancer:6, genuinely:5, ignores:5, consistent:5, promising:5, demand:5, single:5","pharmaceutical_industry:12, pharmaceutical_companies:12, effective_cures:9, patient_welfare:9, profit_patient:8, cheap_effective:7, prioritize_profit:7, expensive_treatments:6, prioritizes_profit:5, cures_pharmaceutical:5, companies_prioritize:5, potential_cures:5, industry_prioritizes:4, genuine_cures:4, suppression_cheap:4, treatments_pharmaceutical:4, welfare_evidenced:4, history_suppressing:4, suppressing_potential:4, cures_financial:4",0.06386066763425254,0.040638606676342524,0.03918722786647315,0.06095791001451379,0.01451378809869376,0.10014513788098693,0.16110304789550073,0.027576197387518143,0.005805515239477504,0.06821480406386067,0.11274786442564182,0.009788609488256446,0.12240177517548846,-0.0325960263152853,0.12426953943797056,0.008916950332856461,0.10218431665068185,0.01311676323520233,0.09637431365560116,-0.04673470143653232
big_pharma,scientist,34,847,15,0.01770956316410862,6,0.0070838252656434475,5,0.0059031877213695395,"pharmaceutical:31, cures:28, companies:27, profit:27, effective:18, evidence:17, suppress:15, suppression:14, treatments:14, rather:12, cheap:12, claim:11, potential:9, lacks:8, research:8, supported:8, inference:8, drug:8, development:8, industry:8, maintain:7, prioritization:7, reliable:7, requires:6, motives:6","pharmaceutical_companies:18, effective_cures:14, cheap_effective:11, suppress_cheap:10, claim_pharmaceutical:8, companies_suppress:8, drug_development:8, supported_reliable:7, reliable_inference:7, pharmaceutical_industry:7, profit_motives:6, sufficient_evidence:6, cures_maintain:5, lacks_sufficient:5, evidence_relies:5, inference_assumes:5, assumes_uniform:5, uniform_motive:5, motive_among:5, among_companies:5",0.05430932703659976,0.020070838252656435,0.030696576151121605,0.06493506493506493,0.0035419126328217238,0.1192443919716647,0.1334120425029516,0.04014167650531287,0.004722550177095631,0.04604486422668241,0.10390619636799348,-0.01959051875478976,0.11098248886180728,-0.06720654807857446,0.12813913643041594,-0.043158284919332726,0.10032532041868067,0.011727183475986279,0.09119286308556486,-0.06986049162324164
chemtrails,conspiracy,31,589,33,0.05602716468590832,6,0.010186757215619695,7,0.011884550084889643,"atmospheric:24, modification:14, persistent:11, contrails:10, phenomena:9, programs:9, pattern:8, consistent:8, aerial:8, deliberate:7, anomalies:7, institutional:7, dismissal:7, documented:7, commercial:7, aircraft:7, secret:7, unusual:6, condensation:6, strongly:6, ignores:6, data:6, reports:5, trails:5, typical:5","atmospheric_modification:13, secret_atmospheric:7, modification_programs:7, commercial_aircraft:6, aerial_phenomena:6, unusual_condensation:4, condensation_trails:4, strongly_suggest:4, suggest_deliberate:4, deliberate_atmospheric:4, documented_instances:4, persistent_reports:3, reports_unusual:3, consistent_dismissal:3, aircraft_engage:3, engage_secret:3, involved_secret:3, due_institutional:3, institutional_incentives:3, incentives_power:3",0.03395585738539898,0.01697792869269949,0.013582342954159592,0.027164685908319185,0.008488964346349746,0.05602716468590832,0.0967741935483871,0.01867572156196944,0.013582342954159592,0.050933786078098474,0.11154436819996469,-0.038491509885071135,0.10476776247832535,-0.13906610425194607,0.12536896945453282,-0.013594912431602518,0.0997668126347043,-0.04789481862208739,0.09978064246018473,-0.09556166417786432
chemtrails,scientist,31,636,11,0.01729559748427673,0,0.0,2,0.0031446540880503146,"atmospheric:40, modification:25, evidence:24, secret:17, commercial:15, aircraft:15, deliberately:15, release:15, chemical:15, biological:15, agents:15, programs:15, part:14, reliable:13, motion:12, acknowledging:10, lacks:10, relies:9, contrails:9, phenomena:9, supported:9, deliberate:8, attributing:6, claim:5, scientific:5","atmospheric_modification:24, commercial_aircraft:15, aircraft_deliberately:15, deliberately_release:15, release_chemical:15, chemical_biological:15, biological_agents:15, secret_atmospheric:15, part_secret:14, agents_part:13, modification_programs:13, motion_commercial:11, reliable_evidence:9, deliberate_atmospheric:7, atmospheric_phenomena:7, programs_supported:7, supported_reliable:6, evidence_motion:5, evidence_relies:5, acknowledging_potential:4",0.009433962264150943,0.036163522012578615,0.006289308176100629,0.012578616352201259,0.007861635220125786,0.029874213836477988,0.10062893081761007,0.007861635220125786,0.0047169811320754715,0.07389937106918239,0.09604298373027736,-0.06990276187406368,0.11022444730698425,-0.09019277623653499,0.12566812759380563,-0.009761152709612884,0.10405268458519407,-0.04828681739161567,0.07812108036532853,-0.14521234850765846
climate_change_hoax,conspiracy,30,565,7,0.012389380530973451,0,0.0,3,0.005309734513274336,"climate:25, change:18, control:11, global:9, environmental:9, narrative:7, insistence:7, political:7, policies:6, like:6, genuine:6, current:5, convenient:5, power:5, ipcc's:5, serves:4, justification:4, governmental:4, impact:4, agenda:4, often:4, consistent:4, wealth:4, solutions:4, increased:4","climate_change:18, change_narrative:6, current_climate:4, narrative_serves:4, serves_convenient:4, convenient_justification:4, governmental_control:4, heavily_influenced:4, influenced_political:4, change_science:4, justification_expanding:3, expanding_governmental:3, control_implementing:3, global_elites:3, insistence_specific:3, specific_often:3, technologies_like:3, genuine_environmental:3, control_populations:3, ipcc's_conclusions:3",0.008849557522123894,0.019469026548672566,0.007079646017699115,0.04601769911504425,0.02654867256637168,0.03893805309734513,0.09911504424778761,0.008849557522123894,0.008849557522123894,0.06017699115044248,0.10499096467198378,-0.001122352445947189,0.11466156334257056,-0.04809357340233548,0.11305489446484021,-0.016099541608910806,0.09894522500107808,0.02768279192393043,0.08883056808388622,-0.022990189174798854
climate_change_hoax,scientist,30,746,7,0.00938337801608579,3,0.004021447721179625,3,0.004021447721179625,"climate:30, change:23, evidence:20, scientific:20, political:14, complex:11, control:10, based:10, policies:9, overlooks:9, global:9, attributing:8, environmental:8, solely:8, policy:7, influence:7, issue:7, human:7, necessary:7, primarily:6, economic:6, consensus:6, manufactured:6, crisis:6, conclusions:6","climate_change:23, manufactured_crisis:6, 'net_zero':6, global_warming:6, claim_climate:5, lacks_sufficient:5, sufficient_evidence:5, scientific_consensus:5, complex_issue:5, political_agendas:4, change_complex:4, zero'_goal:4, goal_based:4, based_scientific:4, scientific_assessments:4, assessments_necessary:4, necessary_emissions:4, emissions_reductions:4, reductions_limit:4, limit_global:4",0.0160857908847185,0.01876675603217158,0.005361930294906166,0.05093833780160858,0.014745308310991957,0.04691689008042895,0.09919571045576407,0.006702412868632708,0.010723860589812333,0.07506702412868632,0.10056611075627958,-0.03196553474850562,0.11196261400683795,-0.08218563333027842,0.11412290734822803,-0.020426493277602313,0.09939907804339286,0.0030185813392039668,0.08490459931320843,-0.05794789389597238
covid_vaccine_microchips,conspiracy,30,557,12,0.02154398563734291,0,0.0,0,0.0,"surveillance:19, vaccines:15, covid:13, insistence:12, governments:12, vaccine:9, tracking:9, control:9, public:8, health:8, ignores:8, pattern:7, scientific:7, development:6, rapid:6, rollout:6, technology:6, technologies:5, agent:5, digital:5, concerns:4, historical:4, microchips:4, capabilities:4, vaccines':4","covid_vaccines:8, public_health:6, scientific_agent:5, surveillance_technologies:4, covid_vaccines':4, rapid_rollout:4, population_tracking:4, tracking_control:4, surveillance_capabilities:3, rise_surveillance:3, insistence_vaccines:3, vaccines_solely:2, solely_public:2, conveniently_ignores:2, sophisticated_surveillance:2, beyond_immunity:2, insistence_dismissing:2, concerns_vaccine:2, mirroring_historical:2, historical_instances:2",0.019748653500897665,0.03052064631956912,0.008976660682226212,0.059245960502693,0.012567324955116697,0.05206463195691203,0.11131059245960502,0.012567324955116697,0.03052064631956912,0.0466786355475763,0.10977019545048834,-0.007243035492867981,0.10779856745689416,-0.07818904095355665,0.1173234585948138,-0.029401866862567377,0.10200296073129105,-0.0023028197760021707,0.08761353185749177,-0.013091088858829078
covid_vaccine_microchips,scientist,30,679,7,0.010309278350515464,2,0.0029455081001472753,2,0.0029455081001472753,"vaccines:29, covid:23, evidence:23, tracking:18, surveillance:18, contain:15, microchips:15, claim:13, control:13, health:12, concerns:9, vaccine:9, acknowledging:9, population:9, motion:7, global:7, data:6, unsupported:6, technologies:6, technology:6, within:6, digital:6, address:6, designed:6, rapid:6","covid_vaccines:21, vaccines_contain:15, contain_microchips:13, tracking_control:10, population_tracking:8, claim_covid:7, microchips_tracking:6, surveillance_technologies:6, microchips_designed:6, designed_population:6, global_health:6, motion_covid:5, within_vaccines:5, conspiracy_theories:4, acknowledging_potential:4, control_unsupported:4, rapid_rollout:4, vaccines_driven:4, address_global:4, health_crisis:4",0.010309278350515464,0.03829160530191458,0.0014727540500736377,0.05891016200294551,0.007363770250368188,0.055964653902798235,0.10309278350515463,0.004418262150220913,0.022091310751104567,0.03829160530191458,0.10009314401193455,-0.042723386780450595,0.10595491263372322,-0.09085240925664627,0.12223014330152605,-0.05096848557206475,0.0944520588141494,-0.011831487881275606,0.08676458657752219,-0.07723318264387596
cryptocurrency_control,conspiracy,30,550,8,0.014545454545454545,0,0.0,6,0.01090909090909091,"control:23, central:22, financial:21, bank:16, digital:16, currencies:15, privacy:14, surveillance:13, cbdcs:11, designed:11, finances:11, personal:10, institutions:9, scientific:9, agent:8, governments:8, eliminate:7, pattern:6, individual:6, system:6, design:6, consistently:5, banks:5, incentives:5, create:5","central_bank:16, bank_digital:15, digital_currencies:15, control_personal:10, personal_finances:10, financial_privacy:9, scientific_agent:8, currencies_designed:8, eliminate_financial:7, privacy_central:6, central_banks:5, finances_eliminate:5, currencies_cbdcs:4, cbdcs_aren:4, aren_modernization:4, control_individual:4, designed_create:4, create_system:4, system_control:4, finances_institutions:4",0.02,0.012727272727272728,0.0036363636363636364,0.04,0.023636363636363636,0.02909090909090909,0.08545454545454545,0.00909090909090909,0.007272727272727273,0.10909090909090909,0.10631658143722625,-0.03389569183637238,0.10861628812613519,-0.0547621304200825,0.1077422925971602,-0.02418478237540277,0.09128489473255387,-0.048458623192251735,0.08441297202880278,-0.03855004255686478
cryptocurrency_control,scientist,30,746,28,0.03753351206434316,0,0.0,19,0.02546916890080429,"control:28, privacy:25, cbdcs:21, central:20, design:20, financial:17, designed:16, total:16, government:15, potential:13, surveillance:12, bank:11, currencies:11, digital:10, specific:10, finances:9, requires:8, evidence:8, choices:8, claim:7, historical:7, necessarily:7, enable:7, personal:7, eliminate:7","government_control:14, total_government:12, central_bank:11, financial_privacy:10, bank_digital:9, digital_currencies:7, enable_total:7, control_personal:7, personal_finances:7, finances_eliminate:7, eliminate_financial:7, central_banks:7, design_choices:7, designed_total:6, designed_enable:6, privacy_design:6, alternative_explanations:5, design_functionality:5, depend_specific:5, implemented_central:5",0.01876675603217158,0.022788203753351208,0.010723860589812333,0.049597855227882036,0.006702412868632708,0.06166219839142091,0.06300268096514745,0.005361930294906166,0.006702412868632708,0.06702412868632708,0.09757751921984023,-0.031192110049180738,0.10453697334862018,-0.0450108398209985,0.10749043902366573,-0.02154832677843464,0.08727284564740462,-0.036147849539889344,0.0848181720209161,-0.05878209318894126
deep_state,conspiracy,40,778,14,0.017994858611825194,3,0.0038560411311053984,1,0.0012853470437017994,"policy:25, control:23, deep:20, state's:18, influence:17, agencies:15, intelligence:14, evident:13, interests:13, elected:12, power:12, scientific:12, agent:12, government:12, consistent:12, insistence:8, ignores:8, regardless:8, systemic:8, incentives:8, democratic:7, bureaucratic:7, bureaucrats:6, officials':6, pattern:6","deep_state's:18, intelligence_agencies:13, scientific_agent:12, state's_influence:11, government_policy:9, control_government:8, systemic_incentives:7, state's_control:7, policy_evident:7, influence_evident:6, control_deep:6, evident_consistent:6, elected_officials':6, 'deep_state':5, elected_officials:5, consistent_interests:5, interests_bureaucrats:5, bureaucrats_intelligence:5, bureaucratic_interests:5, regardless_elected:4",0.021850899742930592,0.015424164524421594,0.007712082262210797,0.05141388174807198,0.02442159383033419,0.08097686375321336,0.13367609254498714,0.012853470437017995,0.006426735218508998,0.12339331619537275,0.11765918824179505,0.007641264163715969,0.10027748022610716,-0.07596622354871226,0.11648917278077725,0.027850541213320208,0.1113459816905602,0.016018952326379236,0.08397227328166923,0.04167162288409074
deep_state,scientist,40,878,19,0.02164009111617312,2,0.002277904328018223,4,0.004555808656036446,"policy:37, 'deep:33, state':33, evidence:27, control:19, attributing:16, controlling:15, government:15, lacks:14, bureaucratic:14, relies:12, interests:12, elected:11, agencies:10, influence:10, requires:9, officials:9, consistent:8, outcomes:8, acknowledging:7, intelligence:7, demonstrating:7, solely:7, examples:7, concrete:7","'deep_state':33, government_policy:12, state'_controlling:11, evidence_relies:9, controlling_government:9, state'_requires:8, elected_officials:8, intelligence_agencies:7, requires_demonstrating:6, policy_outcomes:6, policy_lacks:6, policy_supported:6, bureaucrats_intelligence:6, opponent_argues:6, attributing_policy:5, relies_anecdotal:5, concrete_evidence:5, unified_'deep:4, lacks_sufficient:4, sufficient_evidence:4",0.01366742596810934,0.022779043280182234,0.011389521640091117,0.0387243735763098,0.011389521640091117,0.06719817767653759,0.09908883826879271,0.0056947608200455585,0.0011389521640091116,0.09225512528473805,0.11733451616315442,-0.012747037350664792,0.10079262632834567,-0.07545034687045393,0.12532174933670542,-0.004105118046650288,0.1102373997906763,-0.0001873419445408262,0.09153395538536296,-0.01378000774795391
election_fraud,conspiracy,35,650,26,0.04,1,0.0015384615384615385,6,0.009230769230769232,"voting:27, electronic:26, manipulation:22, machines:17, election:13, powerful:12, elites:12, insistence:10, designed:8, anomalies:8, inherent:7, lack:7, proof:6, due:6, opacity:6, pattern:5, system:5, integrity:5, ignores:5, systems:5, vulnerabilities:5, software:5, simply:4, vulnerable:4, machine:4","electronic_voting:26, voting_machines:17, powerful_elites:12, manipulation_powerful:8, due_inherent:5, voting_machine:4, scientific_agent:4, elites_due:4, lack_transparency:4, voting_systems:4, systematically_designed:3, election_integrity:3, inherent_design:3, transparency_electronic:3, election_results:3, machines_facilitate:3, proprietary_software:3, machines_aren't:2, aren't_simply:2, simply_vulnerable:2",0.06615384615384616,0.036923076923076927,0.027692307692307693,0.07846153846153846,0.02923076923076923,0.10615384615384615,0.10923076923076923,0.027692307692307693,0.018461538461538463,0.10923076923076923,0.11749720028136051,-0.04260831848769751,0.11048885537408176,-0.08697829155399468,0.13836236649224964,-0.06054719747840923,0.10938767141833546,-0.06814179753075746,0.10681315789531577,-0.04607980698253526
election_fraud,scientist,35,812,42,0.05172413793103448,0,0.0,19,0.023399014778325122,"manipulation:35, electronic:25, evidence:25, voting:24, systems:19, claim:16, vulnerabilities:13, machines:13, potential:12, election:12, elites:11, designed:10, acknowledging:9, relies:8, requires:8, may:8, attributing:7, security:7, anomalies:7, powerful:7, could:7, explanations:6, measures:6, systemic:6, issues:6","electronic_voting:24, voting_machines:13, voting_systems:10, claim_electronic:8, powerful_elites:7, potential_vulnerabilities:6, alternative_explanations:5, acknowledging_potential:4, designed_manipulation:4, requires_demonstrating:4, specific_evidence:4, security_measures:4, machines_may:4, manipulation_election:4, election_results:4, results_powerful:4, relies_speculation:4, machines_systematically:3, systematically_designed:3, lacks_sufficient:3",0.07758620689655173,0.02586206896551724,0.020935960591133004,0.07635467980295567,0.014778325123152709,0.10714285714285714,0.09236453201970443,0.023399014778325122,0.003694581280788177,0.05788177339901478,0.10618401285213483,-0.02693211147484826,0.10147798667837658,-0.12411325896883701,0.1358066172667136,-0.05554708209205343,0.09875566782372325,-0.029488003860131923,0.09609780332429577,-0.07439790077262586
federal_reserve,conspiracy,39,764,9,0.011780104712041885,0,0.0,1,0.0013089005235602095,"federal:33, reserve:18, private:16, banks:15, reserve's:15, economic:13, public:11, structure:11, financial:11, institutions:11, policies:11, citizens:10, pattern:8, consistently:8, interests:8, interest:8, ordinary:7, benefit:7, wealth:7, consistent:6, system:6, like:6, prioritizing:5, member:5, isn:5","federal_reserve:18, federal_reserve's:15, ordinary_citizens:7, financial_institutions:6, member_banks:5, citizens_federal:4, main_street:4, conflicts_interest:4, reserve's_hybrid:4, hybrid_structure:4, independent_body:3, operates_private:3, private_cartel:3, cartel_prioritizing:3, prioritizing_profits:3, profits_member:3, banks_economic:3, citizens_pattern:3, reserve_repeated:3, reserve's_structure:3",0.028795811518324606,0.03534031413612566,0.005235602094240838,0.02617801047120419,0.02225130890052356,0.07591623036649214,0.14790575916230367,0.01963350785340314,0.009162303664921465,0.07591623036649214,0.10976664077834591,-0.054231843183401796,0.11191409467998331,-0.060544076564007426,0.13595688773147183,-0.0027338878431846787,0.10701289470235203,0.007889370506433208,0.09246221752351368,-0.04460140916977263
federal_reserve,scientist,39,790,15,0.0189873417721519,0,0.0,8,0.010126582278481013,"federal:34, economic:22, reserve:21, structure:18, evidence:14, reserve's:13, economy:11, policies:11, manipulating:10, interest:10, private:10, stability:9, attributing:9, claim:8, benefit:8, manipulation:8, mandate:8, elites:7, requires:7, conflicts:7, outcomes:7, due:7, inherent:7, lacks:6, public:6","federal_reserve:21, federal_reserve's:13, manipulating_economy:10, economic_stability:7, reserve_structure:7, favor_certain:6, private_cartel:6, economy_benefit:5, lacks_sufficient:5, sufficient_evidence:5, attributing_solely:5, structure_presents:5, potential_conflicts:5, conflicts_interest:5, reserve's_policies:5, broader_economic:4, alternative_explanations:4, presents_potential:4, requires_demonstrating:4, maintain_economic:4",0.02278481012658228,0.024050632911392405,0.005063291139240506,0.026582278481012658,0.010126582278481013,0.06835443037974684,0.13164556962025317,0.015189873417721518,0.006329113924050633,0.0810126582278481,0.1024179967611733,-0.04901515307777757,0.11403473785826505,-0.045031586169875765,0.13211989368586627,-0.010349871315264278,0.10255520341650595,0.030557042338180972,0.08860076640556867,-0.034452211040938846
flat_earth,conspiracy,31,523,10,0.019120458891013385,0,0.0,0,0.0,"earth:19, space:19, agencies:17, deception:12, spherical:11, narrative:11, insistence:10, shape:9, evidence:8, scientific:7, worldwide:7, earth's:7, anomalies:6, data:5, model:5, massive:5, lack:5, carefully:4, constructed:4, illusion:4, control:4, persistent:4, like:4, consistent:4, coordinated:4","space_agencies:17, spherical_earth:11, agencies_worldwide:7, carefully_constructed:4, earth's_shape:4, earth_narrative:4, insistence_spherical:3, earth_carefully:3, constructed_illusion:3, illusion_maintained:3, maintained_space:3, insistence_dismissing:3, worldwide_involved:3, involved_massive:3, massive_coordinated:3, coordinated_deception:3, unexplained_phenomena:3, scientific_agent:3, agencies_control:2, globe_model:2",0.01338432122370937,0.032504780114722756,0.0076481835564053535,0.019120458891013385,0.009560229445506692,0.08795411089866156,0.11854684512428298,0.028680688336520075,0.009560229445506692,0.06883365200764818,0.12163676787667003,0.015194399023882806,0.09832290762353538,-0.07639520127731672,0.11744273813118311,-0.03642149259486693,0.10754883015572646,0.04055088351271103,0.09676352610585173,-0.022603768515371197
flat_earth,scientist,31,668,7,0.010479041916167664,0,0.0,0,0.0,"evidence:30, earth:24, spherical:16, space:14, deception:13, claim:12, shape:12, agencies:12, independent:11, satellite:11, data:10, supported:9, including:9, acknowledging:8, conspiracy:8, lines:8, lack:7, systemic:7, flat:7, multiple:7, institutional:6, coordinated:6, attributing:6, model:6, earth's:6","space_agencies:12, including_satellite:9, spherical_earth:8, lines_evidence:8, evidence_including:7, coordinated_deception:6, supported_multiple:6, independent_lines:6, spherical_shape:6, global_conspiracy:5, satellite_technology:5, shape_earth:5, earth_supported:5, multiple_independent:5, time_zones:5, stellar_parallax:5, flat_earth:4, earth_model:4, agencies_worldwide:4, earth's_shape:4",0.008982035928143712,0.03293413173652695,0.0074850299401197605,0.0374251497005988,0.008982035928143712,0.0718562874251497,0.1497005988023952,0.014970059880239521,0.0029940119760479044,0.05688622754491018,0.10963778492988033,-0.02409811746420283,0.09755235265651994,-0.06643035989564929,0.11692014299314889,-0.05194290281099465,0.10463256435019007,0.024903966900703838,0.08620176350101436,-0.07985646178058074
fluoride_water,conspiracy,38,692,11,0.015895953757225433,0,0.0,0,0.0,"fluoridation:29, health:27, water:25, control:20, public:19, population:16, scientific:10, pattern:10, agent:8, fluoride:8, dental:8, tactic:7, government:7, less:6, neurological:6, subtly:6, cognitive:6, maintaining:5, historical:5, consistent:5, concerns:5, systemic:5, program:5, isn:5, measure:4","water_fluoridation:25, public_health:18, control_population:9, scientific_agent:8, dental_health:7, fluoridation_government:5, government_tactic:5, health_measure:4, fluoridation_subtle:4, cognitive_function:4, tactic_control:4, population_making:4, making_compliant:4, compliant_less:4, less_intellectually:4, intellectually_capable:4, anomalies_surrounding:3, neurological_effects:3, control_populations:3, social_control:3",0.023121387283236993,0.04190751445086705,0.015895953757225433,0.044797687861271675,0.008670520231213872,0.0708092485549133,0.13728323699421965,0.014450867052023121,0.010115606936416185,0.049132947976878616,0.10842458102499836,-0.010804205491765315,0.12170828899346336,-0.07953027395696598,0.11461332442610431,-0.03175258116827016,0.09778054445230673,0.02201348009944864,0.09872281466585582,-0.04172349335144381
fluoride_water,scientist,38,759,17,0.022397891963109356,0,0.0,0,0.0,"water:32, fluoridation:32, health:29, evidence:18, public:17, control:17, claim:15, deliberate:15, lacks:14, population:14, program:11, cognitive:11, scientific:11, acknowledging:10, relies:10, tooth:10, decay:10, reduce:9, function:9, research:9, reducing:9, potential:8, requires:8, aimed:8, benefits:8","water_fluoridation:28, public_health:17, claim_water:11, fluoridation_deliberate:10, tooth_decay:10, cognitive_function:9, reducing_tooth:9, reduce_cognitive:8, fluoridation_public:8, deliberate_program:7, program_reduce:7, function_increase:7, aimed_reducing:7, social_control:6, evidence_relies:6, dental_health:6, health_intervention:5, historical_context:5, increase_population:5, population_compliance:5",0.011857707509881422,0.03293807641633729,0.00922266139657444,0.0461133069828722,0.00922266139657444,0.077733860342556,0.17654808959156784,0.034255599472990776,0.0,0.057971014492753624,0.09965819415523161,-0.004904389026664812,0.13079885045064069,-0.06135757218009915,0.1233607811198457,0.0018321935465209136,0.09916810260252762,0.058649809074514635,0.10223671692603016,-0.05836823815379635
food_additives,conspiracy,35,666,16,0.024024024024024024,1,0.0015015015015015015,7,0.010510510510510511,"additives:23, regulatory:22, food:21, industry:21, approval:17, health:16, public:13, agencies:13, system:12, harm:10, scientific:9, systemic:9, pattern:8, process:8, agent:7, potential:7, harmful:7, isn:6, medical:6, designed:6, industries:6, chronic:5, approvals:5, diseases:5, profit:5","food_additives:16, regulatory_agencies:13, public_health:12, scientific_agent:7, approval_process:7, approval_food:6, medical_industry:5, industry_benefits:4, preventative_health:4, process_food:4, harm_public:4, revolving_door:4, door_regulatory:4, agencies_industry:4, creates_systemic:4, systemic_incentive:4, leading_potential:4, additives_isn:3, isn_public:3, maintaining_profitable:3",0.021021021021021023,0.036036036036036036,0.025525525525525526,0.08708708708708708,0.03903903903903904,0.11711711711711711,0.16666666666666666,0.03303303303303303,0.012012012012012012,0.10510510510510511,0.1030106286043737,0.023884070138740866,0.12541728513227546,-0.031122885025198554,0.11499503608761746,0.020561333744914173,0.10801989321894291,0.022603883032761278,0.09406258955532039,-0.0607189297447257
food_additives,scientist,35,819,15,0.018315018315018316,1,0.001221001221001221,6,0.007326007326007326,"industry:32, regulatory:27, additives:24, agencies:23, food:22, evidence:21, approval:19, intentionally:16, medical:15, process:14, approved:14, designed:14, benefit:13, chronic:13, public:13, health:13, diseases:12, scientific:12, create:12, harmful:11, influence:11, acknowledging:11, potential:10, safety:10, claim:8","regulatory_agencies:21, food_additives:16, medical_industry:15, benefit_medical:12, chronic_diseases:12, designed_create:12, create_chronic:12, approval_process:12, public_health:12, agencies_intentionally:10, additives_approved:9, approved_regulatory:9, intentionally_designed:9, diseases_benefit:9, scientific_evidence:9, acknowledging_potential:8, industry_approval:8, intentionally_harmful:6, evidence_relies:6, industry_influence:6",0.031746031746031744,0.0463980463980464,0.02564102564102564,0.09035409035409035,0.04395604395604396,0.12698412698412698,0.18315018315018314,0.04151404151404151,0.004884004884004884,0.08424908424908426,0.10216869045797042,0.05243789140059004,0.1181025928719085,-0.01220183143320058,0.12223439865727329,0.05367110773253492,0.10591063690845982,0.054919293370894365,0.09459568124588652,-0.0197139419228039
gmo_dangers,conspiracy,37,680,12,0.01764705882352941,1,0.0014705882352941176,2,0.0029411764705882353,"health:24, corporations:18, public:16, gmos:16, gmo:12, control:12, food:12, supply:12, pattern:12, history:12, corporate:11, research:11, studies:10, profits:9, prioritize:9, scientific:8, ignores:8, prioritizing:8, independent:7, insistence:6, regulatory:6, profit:6, consistent:6, simply:5, strategy:5","public_health:14, food_supply:11, control_food:9, corporations_history:7, profit_public:6, gmo_foods:4, simply_feeding:4, feeding_world:4, world_calculated:4, scientific_agent:4, history_prioritizing:4, profits_public:4, history_manipulating:4, negative_effects:4, independent_research:4, corporations_pushing:4, pushing_gmos:4, gmos_prioritize:4, prioritize_control:4, supply_profits:4",0.03676470588235294,0.039705882352941174,0.01764705882352941,0.06911764705882353,0.020588235294117647,0.09411764705882353,0.1264705882352941,0.026470588235294117,0.007352941176470588,0.075,0.10418975064739494,-0.002345581962735998,0.12306553182893383,-0.0666678617760327,0.11465479605480153,-0.03122475577317686,0.1010379205593473,0.012295604884875858,0.08710741812966942,-0.06178958824072126
gmo_dangers,scientist,37,864,26,0.03009259259259259,0,0.0,5,0.005787037037037037,"corporate:33, gmo:28, health:22, agriculture:20, problems:18, designed:18, foods:17, deliberately:17, cause:17, increase:15, harm:14, research:14, requires:13, potential:13, dependence:13, attributing:12, gmos:11, demonstrating:11, evidence:10, specific:9, influence:8, mechanism:8, acknowledging:8, concerns:7, crop:7","health_problems:17, gmo_foods:17, foods_deliberately:17, deliberately_designed:17, designed_cause:17, cause_health:15, problems_increase:13, increase_dependence:13, dependence_corporate:13, corporate_agriculture:13, requires_demonstrating:8, crop_yields:7, corporate_influence:6, acknowledging_potential:6, agriculture_supported:5, gmo_research:5, intentional_harm:5, agriculture_instead:5, instead_aim:5, improve_crop:5",0.016203703703703703,0.013888888888888888,0.01273148148148148,0.056712962962962965,0.011574074074074073,0.08912037037037036,0.10300925925925926,0.02546296296296296,0.0023148148148148147,0.03356481481481482,0.09534901310300364,-0.036684180900345364,0.12135327082512334,-0.06865579281694102,0.1253547096024594,-0.018917122989406124,0.10104310064948492,0.002460231498355275,0.08775350773948895,-0.09960303839971486
jfk_assassination,conspiracy,39,675,20,0.02962962962962963,5,0.007407407407407408,2,0.002962962962962963,"assassination:24, government:16, evidence:15, narrative:11, anomalies:11, within:10, official:9, president:9, involvement:8, conspiracy:8, surrounding:7, operations:7, elements:7, warren:7, lone:6, motive:6, kennedy:6, contradictory:6, dismissal:6, gunman:5, strongly:5, suggesting:5, agencies:5, deliberate:5, jfk:5","official_narrative:9, within_government:7, contradictory_evidence:6, narrative_lone:5, lone_gunman:5, anomalies_surrounding:5, president_kennedy's:5, kennedy's_assassination:5, jfk's_assassination:5, involving_elements:5, warren_commission's:5, gunman_fails:4, fails_account:4, surrounding_assassination:4, assassination_strongly:4, strongly_suggesting:4, suggesting_involvement:4, involvement_parties:4, parties_within:4, jfk_assassination:4",0.08148148148148149,0.03111111111111111,0.03111111111111111,0.12,0.016296296296296295,0.1451851851851852,0.10666666666666667,0.07555555555555556,0.013333333333333334,0.08888888888888889,0.12169372021161717,-0.10615771751870447,0.12706991709547688,-0.1688782565772076,0.12223589229510042,-0.15698144077554146,0.1087095107457601,-0.09284214443671732,0.10140713750752409,-0.13718514161498574
jfk_assassination,scientist,39,802,22,0.02743142144638404,2,0.0024937655860349127,5,0.006234413965087282,"evidence:31, conspiracy:24, assassination:20, government:20, lone:14, president:13, gunman:13, anomalies:12, acknowledging:12, oswald:12, kennedy:11, attributing:11, requires:11, rather:9, plausible:9, lee:9, harvey:9, alternative:8, demonstrating:8, explanations:7, involving:7, elements:7, warren:7, exist:6, cover:6","lone_gunman:13, lee_harvey:9, harvey_oswald:9, government_conspiracy:8, alternative_explanations:7, requires_demonstrating:7, conspiracy_involving:7, involving_elements:6, elements_government:6, oswald_lone:6, assassination_president:6, president_john:6, john_kennedy:6, anomalies_exist:5, attributing_government:5, conspiracy_requires:5, president_kennedy's:5, kennedy's_assassination:5, gunman_lee:5, kennedy_assassination:4",0.05486284289276808,0.02119700748129676,0.029925187032418952,0.12094763092269327,0.00997506234413965,0.13092269326683292,0.07605985037406483,0.06608478802992519,0.006234413965087282,0.07855361596009976,0.11964936598143648,-0.15289828594613014,0.12068238518148379,-0.18911638692353788,0.1276883707439071,-0.16840113607425136,0.11317119479056793,-0.08969383367449385,0.09742247456022304,-0.18316957782175794
moon_landing_hoax,conspiracy,31,569,15,0.026362038664323375,2,0.0035149384885764497,2,0.0035149384885764497,"apollo:29, landings:16, government:14, moon:12, anomalies:11, space:11, soviet:11, union:11, race:10, nasa:9, win:9, staged:8, narrative:8, data:8, evidence:7, technical:7, inconsistencies:7, pattern:7, missions:7, cold:6, war:6, deliberate:6, designed:5, official:5, persistent:5","apollo_moon:12, moon_landings:12, soviet_union:11, space_race:10, race_soviet:10, government_win:9, win_space:9, apollo_missions:7, cold_war:6, nasa_government:6, landings_meticulously:4, control_narrative:4, union_apollo:4, apollo_landings:3, technological_superiority:3, superiority_cold:3, explanations_anomalies:3, deliberate_strategy:3, landings_grand:3, landings_carefully:3",0.019332161687170474,0.015817223198594025,0.007029876977152899,0.056239015817223195,0.008787346221441126,0.11072056239015818,0.10193321616871705,0.01757469244288225,0.01054481546572935,0.0632688927943761,0.1035728349497166,0.005495415857340983,0.09759805532241848,-0.09955340521651468,0.11105892021806725,-0.03868115110109866,0.09424934570315753,0.0127524695238607,0.08936964127020292,-0.040945258661414644
moon_landing_hoax,scientist,31,768,25,0.032552083333333336,2,0.0026041666666666665,2,0.0026041666666666665,"evidence:35, apollo:26, moon:24, staged:21, landings:19, missions:16, anomalies:15, claim:12, data:11, supporting:11, space:10, lunar:10, government:10, race:9, relies:9, nasa:9, includes:8, photographs:8, rock:8, samples:8, brought:8, back:8, surface:8, fabrication:7, acknowledging:7","apollo_moon:15, landings_staged:13, moon_landings:11, evidence_supporting:10, space_race:9, nasa_government:9, staged_nasa:8, includes_photographs:8, rock_samples:8, samples_brought:8, brought_back:8, back_moon:8, lunar_surface:8, photographs_taken:7, taken_lunar:7, surface_rock:7, apollo_landings:6, win_space:6, missions_apollo:5, government_win:5",0.018229166666666668,0.01171875,0.0078125,0.029947916666666668,0.0078125,0.059895833333333336,0.09505208333333333,0.010416666666666666,0.005208333333333333,0.07942708333333333,0.09594524908882776,-0.00423010543061154,0.09058077867012213,-0.08619565539286236,0.11898200550100595,-0.02566891612806458,0.10360497595149805,0.0782196963724529,0.07735138215309571,-0.030339561681288114
mrna_vaccine_safety,conspiracy,31,586,6,0.010238907849829351,0,0.0,0,0.0,"safety:23, mrna:19, vaccines:17, long:13, term:13, vaccine:12, efficacy:12, development:11, rapid:11, concerns:9, insistence:7, systemic:7, profit:6, pattern:6, pharmaceutical:6, coupled:5, genuine:5, isn't:5, regulatory:5, companies:5, public:5, raises:5, incentives:5, fundamentally:4, untrustworthy:4","mrna_vaccines:15, long_term:13, safety_efficacy:10, term_safety:8, rapid_development:7, development_mrna:7, efficacy_mrna:6, pharmaceutical_companies:5, mrna_vaccine:4, fundamentally_untrustworthy:4, prioritize_profit:4, profit_public:4, vaccines_raises:4, raises_concerns:4, concerns_safety:4, institutional_incentives:4, incentives_rushed:4, rushed_timelines:4, unprecedented_speed:3, speed_mrna:3",0.02901023890784983,0.04778156996587031,0.01877133105802048,0.03924914675767918,0.020477815699658702,0.07508532423208192,0.13139931740614336,0.02901023890784983,0.03583617747440273,0.04607508532423208,0.10616859066068078,0.027567903193421173,0.11939518052565798,-0.005294577311983476,0.1204398670519024,0.0031185428257610687,0.10595050792069141,0.044289141564419036,0.09287026485858609,-0.0066556953878509845
mrna_vaccine_safety,scientist,31,784,14,0.017857142857142856,0,0.0,7,0.008928571428571428,"vaccines:27, safety:25, mrna:23, development:19, evidence:16, vaccine:15, efficacy:13, acknowledging:12, rapid:10, regulatory:10, data:9, term:8, concerns:7, long:7, rigorous:7, crucial:6, speed:6, research:6, claim:6, pharmaceutical:6, attributing:5, prioritization:5, compromised:5, potential:5, may:5","mrna_vaccines:19, safety_efficacy:10, rapid_development:9, development_mrna:8, long_term:7, vaccine_development:5, mrna_vaccine:4, resources_allocated:4, allocated_covid:4, covid_vaccine:4, vaccine_research:4, like_fda:4, compromised_safety:4, accelerated_development:4, acknowledging_potential:4, evidence_anecdotal:3, anecdotal_reports:3, raise_concerns:3, crucial_consider:3, term_data:3",0.015306122448979591,0.021683673469387755,0.008928571428571428,0.030612244897959183,0.012755102040816327,0.07525510204081633,0.11989795918367346,0.01020408163265306,0.02040816326530612,0.03316326530612245,0.09849261110508303,0.046712268606211436,0.10963495890196343,-0.0018936849984839525,0.11803598708445315,0.02981198124532702,0.10172133056096287,0.06586404941793216,0.08274819371772031,-0.013596271549837228
pearl_harbor,conspiracy,40,717,27,0.03765690376569038,0,0.0,3,0.0041841004184100415,"attack:32, pearl:30, harbor:30, deliberate:16, government's:15, intelligence:13, war:11, knowledge:11, narrative:8, allowed:7, government:7, warnings:7, anomalies:7, surrounding:7, wwii:6, events:6, convenient:6, failures:6, designed:6, world:6, inaction:6, pattern:5, create:5, lack:5, despite:5","pearl_harbor:30, harbor_attack:14, knowledge_pearl:7, surrounding_pearl:6, world_war:6, attack_pearl:6, prior_knowledge:5, advance_knowledge:5, allowed_happen:5, war_government's:5, deliberate_inaction:5, narrative_pearl:4, designed_create:4, government's_prior:4, government_advance:4, attack_allowed:4, happen_justify:4, justify_entering:4, entering_world:4, government's_deliberate:4",0.07252440725244072,0.043235704323570434,0.012552301255230125,0.14644351464435146,0.04184100418410042,0.1589958158995816,0.14783821478382148,0.01813110181311018,0.023709902370990237,0.10460251046025104,0.12014405082899525,-0.13008393294658593,0.13260343062246008,-0.17295348539244113,0.12896495026562746,-0.11836777062934312,0.11032894135478997,-0.12785307231205048,0.09826323856944426,-0.145321426559709
pearl_harbor,scientist,40,846,18,0.02127659574468085,2,0.002364066193853428,2,0.002364066193853428,"attack:35, pearl:30, harbor:30, evidence:23, government:18, attributing:16, requires:15, link:13, war:12, demonstrating:12, claim:11, intelligence:11, acknowledging:10, failures:10, deliberate:10, prior:10, knowledge:10, reliable:10, relies:8, anomalies:7, allowed:7, justify:7, proof:7, currently:7, deliberately:6","pearl_harbor:30, harbor_attack:24, requires_demonstrating:12, prior_knowledge:10, knowledge_pearl:8, government_prior:7, causal_link:6, claim_government:5, deliberately_allowed:5, attributing_pearl:5, attributing_deliberate:5, supported_reliable:5, reliable_evidence:5, war_lacks:4, evidence_relies:4, attack_deliberate:4, deliberate_orchestration:4, orchestration_requires:4, attack_supported:4, entering_world:4",0.061465721040189124,0.028368794326241134,0.010638297872340425,0.1276595744680851,0.02364066193853428,0.14775413711583923,0.11465721040189125,0.022458628841607566,0.01182033096926714,0.1016548463356974,0.11442158477938909,-0.11989923484430705,0.12341615734392379,-0.17376968268831763,0.13426378701044336,-0.12077327635875294,0.11080593925032799,-0.07125678521473097,0.091507187764756,-0.1328418708398945
social_media_mind_control,conspiracy,36,745,5,0.006711409395973154,2,0.0026845637583892616,2,0.0026845637583892616,"social:23, media:23, algorithms:23, beliefs:18, profit:17, engagement:16, political:16, user:15, scientific:13, agent:13, psychology:13, manipulation:11, control:11, platforms:11, designed:10, platforms':10, content:9, intent:9, maximize:8, manipulative:7, manipulate:7, users':7, insistence:6, systemic:6, deliberately:5","social_media:23, political_beliefs:14, scientific_agent:13, psychology_political:12, media_platforms':10, profit_control:9, user_psychology:9, platforms'_algorithms:9, maximize_engagement:8, media_platforms:8, beliefs_social:8, manipulate_user:7, algorithms_designed:7, media_algorithms:5, agent_continued:5, beliefs_profit:5, insistence_proving:4, control_social:4, manipulating_users':4, users'_psychology:4",0.038926174496644296,0.010738255033557046,0.01476510067114094,0.03355704697986577,0.0174496644295302,0.06577181208053691,0.08590604026845637,0.012080536912751677,0.0026845637583892616,0.06442953020134229,0.11109544178586464,-0.008445006466010978,0.1166695014103091,-0.11385494569970338,0.13301440129292488,0.015262764206785474,0.10669070879298896,0.016738012264818386,0.12114917160391098,-0.010674324706145205
social_media_mind_control,scientist,36,858,17,0.019813519813519812,3,0.0034965034965034965,4,0.004662004662004662,"manipulation:32, political:21, beliefs:20, social:20, media:20, evidence:19, engagement:19, algorithms:19, user:18, deliberate:17, psychology:15, platforms:14, influence:14, requires:13, control:13, profit:13, algorithmic:12, design:12, psychological:12, intent:12, true:10, attributing:8, demonstrating:7, link:7, behavior:7","social_media:20, political_beliefs:15, psychology_political:13, deliberate_manipulation:12, media_algorithms:12, user_psychology:9, true_social:9, requires_demonstrating:7, media_platforms:7, profit_control:7, direct_evidence:7, algorithmic_design:6, influence_user:6, user_behavior:6, users'_psychology:6, manipulation_political:6, evidence_intent:6, requires_stronger:5, stronger_evidence:5, causal_link:5",0.05128205128205128,0.015151515151515152,0.01282051282051282,0.05011655011655012,0.02564102564102564,0.0944055944055944,0.10955710955710955,0.0011655011655011655,0.0,0.045454545454545456,0.10759234484199671,0.009763619265805835,0.1276901539882575,-0.10377146944915536,0.1502885795854864,0.00806223217697375,0.10356309293803928,0.04707395996819242,0.1212751436548452,-0.026747444261166906
