group_type,group_name,rank,term,target_tfidf_mean,other_tfidf_mean,tfidf_gap
model,dolphin-yi-34b,1,government,0.019427841358610743,0.008697139602259343,0.0107307017563514
model,dolphin-yi-34b,2,questions specific,0.009965777533150847,0.0006027934446158664,0.009362984088534981
model,dolphin-yi-34b,3,based,0.011785902840617634,0.0031496125455666335,0.008636290295051
model,dolphin-yi-34b,4,opponent,0.009104016506674143,0.0005786450259269353,0.008525371480747208
model,dolphin-yi-34b,5,vaccines,0.012238231568401276,0.0050698942774095295,0.007168337290991747
model,dolphin-yi-34b,6,agencies,0.013685354007061366,0.006769845866712746,0.00691550814034862
model,dolphin-yi-34b,7,reliable,0.007749869862626315,0.001046326631722616,0.006703543230903699
model,dolphin-yi-34b,8,companies,0.009933034699298954,0.003381693243330025,0.00655134145596893
model,dolphin-yi-34b,9,moon,0.0066450526209669005,0.00043688717760417546,0.006208165443362725
model,dolphin-yi-34b,10,water,0.009638101239326907,0.003542728419823868,0.006095372819503038
model,dolphin-yi-34b,11,specific evidence,0.00919732318829876,0.003150280040000101,0.00604704314829866
model,dolphin-yi-34b,12,does,0.008854387441969097,0.002973381088503357,0.00588100635346574
model,dolphin-yi-34b,13,central,0.008965532520615114,0.00313093958145851,0.005834592939156604
model,dolphin-yi-34b,14,water fluoridation,0.009359299068821268,0.003572020068474277,0.005787279000346991
model,dolphin-yi-34b,15,electronic voting,0.008487439488429659,0.002715886094371921,0.005771553394057738
model,dolphin-yi-34b,16,supported,0.008176666111581769,0.002445830354356613,0.005730835757225156
model,dolphin-yi-34b,17,global,0.008582763733522198,0.0029163935873720904,0.005666370146150108
model,dolphin-yi-34b,18,electronic,0.008461138844270655,0.0028107575749471455,0.005650381269323509
model,dolphin-yi-34b,19,voting,0.008790528569202373,0.003162639902674579,0.005627888666527794
model,dolphin-yi-34b,20,based reasoning,0.00602520542110546,0.00041930054834422723,0.005605904872761233
model,dolphin-yi-34b,21,political,0.009832733775457667,0.004316892354324556,0.005515841421133111
model,dolphin-yi-34b,22,evidence based,0.0061020646806798,0.0006424071442561892,0.00545965753642361
model,dolphin-yi-34b,23,knowledge,0.005896779771244323,0.0006798405233018397,0.005216939247942484
model,dolphin-yi-34b,24,safety efficacy,0.005450390114759982,0.0002487922961080982,0.005201597818651884
model,dolphin-yi-34b,25,systems,0.009858209028771197,0.00465747662299404,0.005200732405777157
model,dolphin-yi-34b,26,apollo moon,0.0053170449367345475,0.00015342472645768252,0.005163620210276865
model,dolphin-yi-34b,27,supported reliable,0.005286483185885583,0.0002835700851984023,0.00500291310068718
model,dolphin-yi-34b,28,safety,0.012511255640654372,0.0075142244149440625,0.00499703122571031
model,dolphin-yi-34b,29,health,0.01677550170172628,0.011812659421687416,0.004962842280038864
model,dolphin-yi-34b,30,psychology political,0.005212746989130083,0.0002800445343520277,0.004932702454778055
model,gemma3:27b,1,ca,0.05812504710146865,0.027672191022491206,0.030452856078977446
model,gemma3:27b,2,sa,0.04761253418674101,0.027169070605570885,0.020443463581170124
model,gemma3:27b,3,acknowledging,0.016344051228515063,0.0008528091330057514,0.015491242095509311
model,gemma3:27b,4,attributing,0.016549164939369445,0.0011406857524539388,0.015408479186915507
model,gemma3:27b,5,requires,0.016088123795914736,0.0014543487736027104,0.014633775022312025
model,gemma3:27b,6,proof,0.018503562621943255,0.0047615868072327094,0.013741975814710546
model,gemma3:27b,7,insistence,0.012839473094844928,0.00017558483251759838,0.01266388826232733
model,gemma3:27b,8,demonstrating,0.012751820464487777,0.0013394548358242266,0.01141236562866355
model,gemma3:27b,9,pattern,0.01624980606721869,0.0051369030329024585,0.011112903034316233
model,gemma3:27b,10,requires demonstrating,0.010846454728519505,0.00041576534928306456,0.01043068937923644
model,gemma3:27b,11,isn,0.010547261224554131,0.000602243929372973,0.009945017295181158
model,gemma3:27b,12,agree,0.011992281681464028,0.002147889616028436,0.009844392065435591
model,gemma3:27b,13,scientific agent,0.010300189512051262,0.0004655588655973982,0.009834630646453863
model,gemma3:27b,14,ignores,0.011359762558686407,0.0017196966459881579,0.009640065912698248
model,gemma3:27b,15,questions ca,0.010203136045729639,0.000911327700346498,0.00929180834538314
model,gemma3:27b,16,framing,0.009935580682070184,0.0006518381285935447,0.00928374255347664
model,gemma3:27b,17,agent,0.010291033760747548,0.001225292970159595,0.009065740790587954
model,gemma3:27b,18,focuses,0.009775529544850005,0.000992884099778527,0.008782645445071478
model,gemma3:27b,19,systemic,0.01656805247757599,0.00789636792948026,0.00867168454809573
model,gemma3:27b,20,deliberate,0.014727954724530824,0.006385010413466928,0.008342944311063895
model,gemma3:27b,21,sufficient,0.009785701288708678,0.0018100459843577608,0.007975655304350918
model,gemma3:27b,22,burden,0.011978638930623108,0.004030108300092231,0.007948530630530876
model,gemma3:27b,23,burden proof,0.011530451033846052,0.003692458511214094,0.007837992522631957
model,gemma3:27b,24,frames,0.007982670681629384,0.0001827882267033582,0.007799882454926026
model,gemma3:27b,25,anomalies,0.017049631550920513,0.00976819427978263,0.007281437271137883
model,gemma3:27b,26,ca focuses,0.007398183024913254,0.00013061952611753615,0.007267563498795718
model,gemma3:27b,27,mechanism,0.008406237149173492,0.0012129527647914808,0.007193284384382011
model,gemma3:27b,28,evidence,0.0351181748645113,0.02793784866335026,0.0071803262011610365
model,gemma3:27b,29,acknowledging potential,0.007266815605164353,0.00032893810286710093,0.006937877502297252
model,gemma3:27b,30,emphasizes,0.009377407156664831,0.0026277797902368462,0.0067496273664279845
role,moderator,1,ca,0.12966681781454473,0.0,0.12966681781454473
role,moderator,2,sa,0.1111581614712421,0.0008330331475880224,0.11032512832365408
role,moderator,3,agents,0.04562308273784739,0.0008828401040654745,0.044740242633781915
role,moderator,4,evidence,0.05838236841831759,0.018215302405161653,0.040167066013155936
role,moderator,5,questions,0.03582707832493193,0.0007602174190109477,0.03506686090592098
role,moderator,6,acknowledge,0.031333870948118125,0.0001717761528627041,0.031162094795255422
role,moderator,7,specific,0.034967052612507515,0.003975486807872463,0.03099156580463505
role,moderator,8,moves,0.028131040920929253,0.0,0.028131040920929253
role,moderator,9,detected,0.02799281003381244,0.0,0.02799281003381244
role,moderator,10,bridge,0.027986652197452656,0.0,0.027986652197452656
role,moderator,11,round,0.028025231057717457,7.201477598691183e-05,0.027953216281730545
role,moderator,12,bridge questions,0.027943130725886816,0.0,0.027943130725886816
role,moderator,13,epistemic bridge,0.027943130725886816,0.0,0.027943130725886816
role,moderator,14,scores civility,0.027943130725886816,0.0,0.027943130725886816
role,moderator,15,moderator,0.027943130725886816,0.0,0.027943130725886816
role,moderator,16,disagreements,0.027943130725886816,0.0,0.027943130725886816
role,moderator,17,moderator round,0.027943130725886816,0.0,0.027943130725886816
role,moderator,18,recap agreements,0.027943130725886816,0.0,0.027943130725886816
role,moderator,19,recap,0.027943130725886816,0.0,0.027943130725886816
role,moderator,20,round recap,0.027943130725886816,0.0,0.027943130725886816
role,moderator,21,scores,0.027943130725886816,0.0,0.027943130725886816
role,moderator,22,detected moves,0.027943130725886816,0.0,0.027943130725886816
role,moderator,23,civility epistemic,0.027943130725886816,0.0,0.027943130725886816
role,moderator,24,civility,0.027943130725886816,0.0,0.027943130725886816
role,moderator,25,agreements,0.02800070193533106,7.462032298840806e-05,0.02792608161234265
role,moderator,26,epistemic,0.02788542155887603,0.00016792568893192055,0.027717495869944108
role,moderator,27,agreements agents,0.027408470030717808,0.0,0.027408470030717808
role,moderator,28,argues,0.02822286055179718,0.0014826305186386509,0.026740230033158528
role,moderator,29,disagreements ca,0.02666349429192069,0.0,0.02666349429192069
role,moderator,30,agents acknowledge,0.02537041159474175,0.0,0.02537041159474175
role,opponent,1,attributing,0.0242808025628671,0.0013892172645430325,0.02289158529832407
role,opponent,2,acknowledging,0.022385614090413734,0.0019665964460392443,0.02041901764437449
role,opponent,3,requires,0.0224666490291672,0.0021715285871435354,0.020295120442023667
role,opponent,4,lacks,0.017727246787582116,0.0014986050167584489,0.016228641770823667
role,opponent,5,requires demonstrating,0.01589516259588246,0.0006763982029731013,0.015218764392909357
role,opponent,6,supported,0.014713858571171872,0.0005288608979361709,0.014184997673235701
role,opponent,7,demonstrating,0.01601092816342283,0.0027545347393593,0.013256393424063533
role,opponent,8,evidence relies,0.013510299956613854,0.0002874377148006159,0.013222862241813238
role,opponent,9,relies,0.016332272164615243,0.003366048415574487,0.012966223749040755
role,opponent,10,reliable,0.011496026936006156,0.0007500527600745982,0.010745974175931558
role,opponent,11,acknowledging potential,0.010408819498140997,0.0006101098904011192,0.009798709607739878
role,opponent,12,opponent,0.010995116309511896,0.001635308744686445,0.009359807564825452
role,opponent,13,lacks sufficient,0.009989009291759969,0.0006578270263019196,0.009331182265458048
role,opponent,14,motion,0.009278394743303425,0.000370707371268263,0.008907687372035162
role,opponent,15,supported reliable,0.007992284427181789,0.00010735487112857088,0.007884929556053218
role,opponent,16,overlooks,0.008237433241366074,0.0006885636791015403,0.007548869562264533
role,opponent,17,claim,0.017127336742944428,0.009843426046094138,0.00728391069685029
role,opponent,18,remains,0.008036164154233659,0.0007898936207121237,0.007246270533521535
role,opponent,19,opponent argues,0.006963506816558208,0.0,0.006963506816558208
role,opponent,20,does,0.010405097955392012,0.0035794683548136495,0.006825629600578363
role,opponent,21,necessarily,0.008302767378260552,0.001607560742843279,0.006695206635417273
role,opponent,22,solely,0.009762136258103998,0.0031437594052106522,0.006618376852893345
role,opponent,23,parsimonious,0.006758090587055115,0.00014862846166570964,0.006609462125389405
role,opponent,24,attributing deliberate,0.006687819374731941,0.00014046070169761445,0.006547358673034327
role,opponent,25,reliable evidence,0.006716873779526305,0.0002813369294116846,0.006435536850114621
role,opponent,26,currently,0.006879319192354767,0.0004571991967850827,0.006422119995569684
role,opponent,27,sufficient evidence,0.008624040206785944,0.0026672864127243756,0.005956753794061569
role,opponent,28,unsubstantiated,0.006414039305103411,0.00046419338769497053,0.0059498459174084405
role,opponent,29,does necessarily,0.005982774516619278,9.364956050222158e-05,0.005889124956117057
role,opponent,30,deliberately,0.008845070410121668,0.0030068786776742415,0.005838191732447426
role,proponent,1,insistence,0.019640120204415468,0.000128982911776887,0.01951113729263858
role,proponent,2,scientific agent,0.015617142186657105,0.00041150557948389424,0.01520563660717321
role,proponent,3,agent,0.01552434530896295,0.001009080388243969,0.01451526492071898
role,proponent,4,isn,0.013459849439575487,0.0017822858970717,0.011677563542503787
role,proponent,5,consistent,0.013480744921851535,0.0038089204831535032,0.009671824438698032
role,proponent,6,ignores,0.012956474080508635,0.003478171238060963,0.009478302842447672
role,proponent,7,pattern,0.01666064796462785,0.007880507644541335,0.008780140320086515
role,proponent,8,conveniently,0.00762136267067761,0.0,0.00762136267067761
role,proponent,9,narrative,0.012939028734101233,0.005749093529354404,0.007189935204746829
role,proponent,10,creating,0.007636161972735604,0.0005235289737695233,0.007112632998966081
role,proponent,11,public,0.015280914345164768,0.008314223342673224,0.006966691002491544
role,proponent,12,coupled,0.0067856891700446,0.0,0.0067856891700446
role,proponent,13,consistently,0.008212735917226103,0.0016697201577559298,0.0065430157594701735
role,proponent,14,governments,0.007715965340640128,0.0012351111707301608,0.0064808541699099675
role,proponent,15,persistent,0.007291014790955324,0.0010633703267318377,0.006227644464223486
role,proponent,16,continued,0.006604376153740839,0.0004714538802372721,0.006132922273503567
role,proponent,17,evident,0.006058791674146177,0.00014872219703034484,0.0059100694771158325
role,proponent,18,agent insistence,0.005538199344163354,0.0,0.005538199344163354
role,proponent,19,power,0.00903971960535084,0.0035722725715252824,0.005467447033825558
role,proponent,20,genuine,0.007951960779650716,0.0025358516484415136,0.005416109131209203
role,proponent,21,conveniently ignores,0.005323117559379997,0.0,0.005323117559379997
role,proponent,22,history,0.007416318362339614,0.002165382913110203,0.005250935449229411
role,proponent,23,dismissal,0.0071472129604050385,0.002021839742071663,0.005125373218333376
role,proponent,24,aren,0.005642236077220646,0.0006004230491312507,0.005041813028089395
role,proponent,25,documented,0.00713880454137247,0.002152412521200149,0.004986392020172321
role,proponent,26,public health,0.01097790814085739,0.006058039061453235,0.004919869079404155
role,proponent,27,strongly,0.005059681228764363,0.0001965793431981096,0.004863101885566254
role,proponent,28,despite,0.006690907375171694,0.0019000025354046649,0.00479090483976703
role,proponent,29,scientific,0.014865599052134321,0.010137363026267256,0.004728236025867066
role,proponent,30,agent continued,0.004689423663077892,5.215224511510709e-05,0.004637271417962785
model_role,dolphin-yi-34b::moderator,1,sa,0.07849050946463969,0.02928897607337479,0.0492015333912649
model_role,dolphin-yi-34b::moderator,2,ca,0.08009122715938179,0.035719869061774615,0.04437135809760717
model_role,dolphin-yi-34b::moderator,3,questions,0.039988615144233144,0.006845214408114266,0.03314340073611888
model_role,dolphin-yi-34b::moderator,4,agents,0.04042246025264739,0.010785107758313064,0.029637352494334326
model_role,dolphin-yi-34b::moderator,5,specific,0.03831528429333426,0.009420400345829782,0.028894883947504474
model_role,dolphin-yi-34b::moderator,6,questions specific,0.028843807545948036,0.0003704375993947504,0.028473369946553286
model_role,dolphin-yi-34b::moderator,7,agents acknowledge,0.030269671729970443,0.00401813889237335,0.026251532837597093
model_role,dolphin-yi-34b::moderator,8,ca argues,0.02859084301339381,0.0038812558642898993,0.02470958714910391
model_role,dolphin-yi-34b::moderator,9,moves,0.029706231097546186,0.005240254274011627,0.02446597682353456
model_role,dolphin-yi-34b::moderator,10,detected,0.029433718777230188,0.005240254274011627,0.024193464503218562
model_role,dolphin-yi-34b::moderator,11,agreements,0.029484758808337355,0.00529290395243276,0.024191854855904596
model_role,dolphin-yi-34b::moderator,12,round,0.029453482051300484,0.005307018082983608,0.024146463968316878
model_role,dolphin-yi-34b::moderator,13,recap agreements,0.02933577957017682,0.005240254274011627,0.02409552529616519
model_role,dolphin-yi-34b::moderator,14,detected moves,0.02933577957017682,0.005240254274011627,0.02409552529616519
model_role,dolphin-yi-34b::moderator,15,moderator round,0.02933577957017682,0.005240254274011627,0.02409552529616519
model_role,dolphin-yi-34b::moderator,16,epistemic bridge,0.02933577957017682,0.005240254274011627,0.02409552529616519
model_role,dolphin-yi-34b::moderator,17,recap,0.02933577957017682,0.005240254274011627,0.02409552529616519
model_role,dolphin-yi-34b::moderator,18,bridge questions,0.02933577957017682,0.005240254274011627,0.02409552529616519
model_role,dolphin-yi-34b::moderator,19,disagreements,0.02933577957017682,0.005240254274011627,0.02409552529616519
model_role,dolphin-yi-34b::moderator,20,scores,0.02933577957017682,0.005240254274011627,0.02409552529616519
model_role,dolphin-yi-34b::moderator,21,civility,0.02933577957017682,0.005240254274011627,0.02409552529616519
model_role,dolphin-yi-34b::moderator,22,civility epistemic,0.02933577957017682,0.005240254274011627,0.02409552529616519
model_role,dolphin-yi-34b::moderator,23,round recap,0.02933577957017682,0.005240254274011627,0.02409552529616519
model_role,dolphin-yi-34b::moderator,24,moderator,0.02933577957017682,0.005240254274011627,0.02409552529616519
model_role,dolphin-yi-34b::moderator,25,scores civility,0.02933577957017682,0.005240254274011627,0.02409552529616519
model_role,dolphin-yi-34b::moderator,26,evidence,0.051623857849547095,0.027530582139779543,0.02409327570976755
model_role,dolphin-yi-34b::moderator,27,bridge,0.02933577957017682,0.00525771346900025,0.02407806610117657
model_role,dolphin-yi-34b::moderator,28,epistemic,0.029275194254264586,0.005364162986836006,0.02391103126742858
model_role,dolphin-yi-34b::moderator,29,agreements agents,0.028171793492438934,0.005262625929559107,0.022909167562879827
model_role,dolphin-yi-34b::moderator,30,argues,0.028707392797765605,0.0066698932658391915,0.022037499531926415
model_role,dolphin-yi-34b::opponent,1,supported,0.02261259242809127,0.0019099075948184289,0.020702684833272842
model_role,dolphin-yi-34b::opponent,2,opponent,0.021863064395449078,0.001458371546996363,0.020404692848452713
model_role,dolphin-yi-34b::opponent,3,reliable,0.021272102986244313,0.0010666492068926619,0.02020545377935165
model_role,dolphin-yi-34b::opponent,4,supported reliable,0.01558967182716629,0.00025805913426455514,0.015331612692901734
model_role,dolphin-yi-34b::opponent,5,does,0.018072471662049068,0.003500087992015181,0.014572383670033887
model_role,dolphin-yi-34b::opponent,6,necessarily,0.015984908624334944,0.0014986685650692504,0.014486240059265694
model_role,dolphin-yi-34b::opponent,7,opponent argues,0.014364838912001816,0.0,0.014364838912001816
model_role,dolphin-yi-34b::opponent,8,reliable evidence,0.012933897467031323,0.0004012272924093892,0.012532670174621934
model_role,dolphin-yi-34b::opponent,9,does necessarily,0.012341711502846357,7.449887272670971e-05,0.012267212630119647
model_role,dolphin-yi-34b::opponent,10,deliberately,0.013834002331764612,0.003240896421447338,0.010593105910317275
model_role,dolphin-yi-34b::opponent,11,motion,0.012090398545650015,0.0016512487002364206,0.010439149845413595
model_role,dolphin-yi-34b::opponent,12,imply,0.011140964419417145,0.0010502039544889599,0.010090760464928185
model_role,dolphin-yi-34b::opponent,13,necessarily imply,0.010295035706618008,0.0003393294690562605,0.009955706237561748
model_role,dolphin-yi-34b::opponent,14,opponent argument,0.00976408334417561,0.00031508976599834153,0.009448993578177267
model_role,dolphin-yi-34b::opponent,15,reliable inference,0.008553678443541107,0.000353665020084324,0.008200013423456783
model_role,dolphin-yi-34b::opponent,16,inference,0.008068138764152365,0.000991006228567604,0.007077132535584761
model_role,dolphin-yi-34b::opponent,17,crucial,0.009182313976931415,0.0022744904559046475,0.006907823521026767
model_role,dolphin-yi-34b::opponent,18,agriculture,0.007951456775641899,0.0010524405518047683,0.00689901622383713
model_role,dolphin-yi-34b::opponent,19,motion commercial,0.006850991717842977,0.0,0.006850991717842977
model_role,dolphin-yi-34b::opponent,20,designed,0.014001616894080771,0.0072630924545467514,0.0067385244395340195
model_role,dolphin-yi-34b::opponent,21,aim,0.007154779815741887,0.0004243270932718738,0.006730452722470013
model_role,dolphin-yi-34b::opponent,22,scientific evidence,0.007775593252184025,0.001174395521236703,0.006601197730947322
model_role,dolphin-yi-34b::opponent,23,agents secret,0.006679295148496134,0.00021425225209087016,0.006465042896405263
model_role,dolphin-yi-34b::opponent,24,moon,0.008855938898900502,0.002439714550422994,0.006416224348477507
model_role,dolphin-yi-34b::opponent,25,aircraft deliberately,0.006530564815036502,0.00042174167696978004,0.0061088231380667215
model_role,dolphin-yi-34b::opponent,26,deliberately release,0.006530564815036502,0.00042174167696978004,0.0061088231380667215
model_role,dolphin-yi-34b::opponent,27,decay,0.006282474525721925,0.00021596042567080163,0.006066514100051123
model_role,dolphin-yi-34b::opponent,28,tooth,0.006282474525721925,0.00021596042567080163,0.006066514100051123
model_role,dolphin-yi-34b::opponent,29,tooth decay,0.006282474525721925,0.00021596042567080163,0.006066514100051123
model_role,dolphin-yi-34b::opponent,30,anecdotal,0.008527918214151478,0.0025757958634664863,0.005952122350684992
model_role,dolphin-yi-34b::proponent,1,evident,0.011619737155300205,0.00032671994971056014,0.011293017205589645
model_role,dolphin-yi-34b::proponent,2,government,0.0233472218921714,0.012172339950221954,0.011174881941949447
model_role,dolphin-yi-34b::proponent,3,leading,0.008942981800721644,0.0009089633323230119,0.008034018468398633
model_role,dolphin-yi-34b::proponent,4,prioritize profit,0.009268579559105988,0.0014371388492453233,0.007831440709860665
model_role,dolphin-yi-34b::proponent,5,control,0.024572060492359042,0.01679637781856,0.007775682673799043
model_role,dolphin-yi-34b::proponent,6,history,0.010250866460534112,0.0027215416197816896,0.007529324840752422
model_role,dolphin-yi-34b::proponent,7,population,0.012322192868990016,0.004949747964591198,0.0073724449043988186
model_role,dolphin-yi-34b::proponent,8,state influence,0.0075294805083952285,0.00041895192316979173,0.007110528585225437
model_role,dolphin-yi-34b::proponent,9,media platforms,0.008764364861470877,0.0016752739858185903,0.007089090875652287
model_role,dolphin-yi-34b::proponent,10,companies prioritize,0.008057310595500449,0.0009813894647646005,0.007075921130735848
model_role,dolphin-yi-34b::proponent,11,control populations,0.007416228791518447,0.0004071281670673479,0.007009100624451099
model_role,dolphin-yi-34b::proponent,12,space,0.011941630939116947,0.005058407700209886,0.006883223238907062
model_role,dolphin-yi-34b::proponent,13,prioritize,0.010984816121710032,0.004136306326091291,0.006848509795618741
model_role,dolphin-yi-34b::proponent,14,evidenced,0.007074420916099174,0.00031238071267610445,0.006762040203423069
model_role,dolphin-yi-34b::proponent,15,interests,0.01283452209159139,0.00608426138343815,0.00675026070815324
model_role,dolphin-yi-34b::proponent,16,food,0.01076030698441186,0.004047900709061586,0.0067124062753502745
model_role,dolphin-yi-34b::proponent,17,currencies designed,0.0063290614682372515,3.9963688695818e-05,0.006289097779541434
model_role,dolphin-yi-34b::proponent,18,personal,0.007664201179388897,0.0013759987017002695,0.006288202477688627
model_role,dolphin-yi-34b::proponent,19,raises,0.00696630038920721,0.000752491642121979,0.006213808747085231
model_role,dolphin-yi-34b::proponent,20,powerful,0.008788368475779905,0.0025877043892315044,0.0062006640865484
model_role,dolphin-yi-34b::proponent,21,populations,0.006975490568163615,0.0008536080973048297,0.0061218824708587855
model_role,dolphin-yi-34b::proponent,22,worldwide,0.006583322804297994,0.0005138787817342374,0.006069444022563757
model_role,dolphin-yi-34b::proponent,23,platforms algorithms,0.0060480214838504005,0.0,0.0060480214838504005
model_role,dolphin-yi-34b::proponent,24,control population,0.006589640799045094,0.0006092679956127064,0.005980372803432388
model_role,dolphin-yi-34b::proponent,25,bank digital,0.007472017571422458,0.0015180598953164531,0.005953957676106005
model_role,dolphin-yi-34b::proponent,26,welfare,0.006787498082947639,0.0008731379639724546,0.005914360118975184
model_role,dolphin-yi-34b::proponent,27,governments,0.008367311383746672,0.002459566289239843,0.005907745094506829
model_role,dolphin-yi-34b::proponent,28,corporations,0.008756669368706307,0.002889297412711255,0.005867371955995052
model_role,dolphin-yi-34b::proponent,29,profit patient,0.0064335970255433965,0.0005747596400710504,0.005858837385472346
model_role,dolphin-yi-34b::proponent,30,profit,0.014797786660193867,0.008954878181040437,0.0058429084791534296
model_role,gemma3:27b::moderator,1,ca,0.1807005140772128,0.016203427459990528,0.16449708661722226
model_role,gemma3:27b::moderator,2,sa,0.1447866267721565,0.016544083269534902,0.1282425435026216
model_role,gemma3:27b::moderator,3,agents,0.050976664707906155,0.00888218522083061,0.042094479487075544
model_role,gemma3:27b::moderator,4,evidence,0.06533965870969913,0.024974258708939035,0.040365400000760096
model_role,gemma3:27b::moderator,5,proof,0.04357254041142641,0.005530109472390608,0.038042430939035796
model_role,gemma3:27b::moderator,6,agree,0.03728188746266906,0.001257694902333414,0.03602419256033565
model_role,gemma3:27b::moderator,7,questions ca,0.031719749412753614,0.0005336271447693656,0.03118612226798425
model_role,gemma3:27b::moderator,8,burden,0.03252300229216873,0.0032867631666616635,0.029236239125507067
model_role,gemma3:27b::moderator,9,shift,0.031058133846456122,0.0022669645598251426,0.02879116928663098
model_role,gemma3:27b::moderator,10,acknowledge,0.034475082330299486,0.005858898296445211,0.028616184033854276
model_role,gemma3:27b::moderator,11,burden proof,0.03160124608383688,0.0029963719919830164,0.028604874091853864
model_role,gemma3:27b::moderator,12,emphasizes,0.029152704013513886,0.0015386941777514019,0.027614009835762485
model_role,gemma3:27b::moderator,13,proof shift,0.029028042590709412,0.0018557009786736426,0.02717234161203577
model_role,gemma3:27b::moderator,14,focuses,0.0281335743354872,0.0010249196808765633,0.027108654654610636
model_role,gemma3:27b::moderator,15,frames,0.024816714442594878,0.00010703148765924965,0.024709682954935627
model_role,gemma3:27b::moderator,16,appeal,0.028348106703272036,0.003956266664450185,0.02439184003882185
model_role,gemma3:27b::moderator,17,shift ca,0.02490146854105385,0.0008336774682579273,0.024067791072795924
model_role,gemma3:27b::moderator,18,ca focuses,0.022999645462745036,7.648415026419893e-05,0.022923161312480837
model_role,gemma3:27b::moderator,19,questions,0.031543143363886604,0.008696598461685957,0.022846544902200647
model_role,gemma3:27b::moderator,20,disagreements ca,0.027090353911045913,0.005310457070329288,0.021779896840716625
model_role,gemma3:27b::moderator,21,agents agree,0.02265587693771698,0.0012685930872901017,0.021387283850426878
model_role,gemma3:27b::moderator,22,agreements agents,0.026622695878946116,0.005699495793267992,0.020923200085678124
model_role,gemma3:27b::moderator,23,argues,0.027724077357417876,0.0069905304016990195,0.020733546955718857
model_role,gemma3:27b::moderator,24,bridge,0.02659784460788362,0.005934984306105139,0.020662860301778482
model_role,gemma3:27b::moderator,25,specific,0.03152034352930363,0.010922844680653734,0.020597498848649892
model_role,gemma3:27b::moderator,26,civility,0.026509521621470588,0.005934984306105139,0.02057453731536545
model_role,gemma3:27b::moderator,27,scores,0.026509521621470588,0.005934984306105139,0.02057453731536545
model_role,gemma3:27b::moderator,28,scores civility,0.026509521621470588,0.005934984306105139,0.02057453731536545
model_role,gemma3:27b::moderator,29,epistemic bridge,0.026509521621470588,0.005934984306105139,0.02057453731536545
model_role,gemma3:27b::moderator,30,recap,0.026509521621470588,0.005934984306105139,0.02057453731536545
model_role,gemma3:27b::opponent,1,attributing,0.04712527596004347,0.001118664164626197,0.04600661179541727
model_role,gemma3:27b::opponent,2,acknowledging,0.04344700875576073,0.0015835974880351001,0.04186341126772563
model_role,gemma3:27b::opponent,3,requires,0.042690791059294256,0.0019377092325900695,0.04075308182670419
model_role,gemma3:27b::opponent,4,requires demonstrating,0.03085004796778313,0.0005446681739392728,0.030305379793843856
model_role,gemma3:27b::opponent,5,demonstrating,0.03076339514956767,0.00228252868895452,0.02848086646061315
model_role,gemma3:27b::opponent,6,lacks,0.027061712785317753,0.0027269612396499713,0.024334751545667783
model_role,gemma3:27b::opponent,7,evidence relies,0.0221091704320707,0.0010826779305314854,0.021026492501539214
model_role,gemma3:27b::opponent,8,acknowledging potential,0.020201906011884922,0.0004912896551859743,0.01971061635669895
model_role,gemma3:27b::opponent,9,relies,0.022993345933447935,0.004512425992393149,0.018480919941054788
model_role,gemma3:27b::opponent,10,lacks sufficient,0.019001114961215985,0.0006096155767427975,0.018391499384473188
model_role,gemma3:27b::opponent,11,mechanism,0.016923629633814212,0.0023943004649598287,0.014529329168854382
model_role,gemma3:27b::opponent,12,solely,0.01731768757980945,0.0028687256732345253,0.014448961906574923
model_role,gemma3:27b::opponent,13,sufficient evidence,0.016403325946444364,0.0022170877711137796,0.014186238175330584
model_role,gemma3:27b::opponent,14,overlooks,0.014139900770665981,0.000936928962422174,0.013202971808243808
model_role,gemma3:27b::opponent,15,parsimonious,0.013116406801354862,0.00011968274376696503,0.012996724057587896
model_role,gemma3:27b::opponent,16,currently,0.013351692742344889,0.0003681586535044894,0.0129835340888404
model_role,gemma3:27b::opponent,17,attributing deliberate,0.012980021265324809,0.00011310567291218982,0.012866915592412619
model_role,gemma3:27b::opponent,18,sufficient,0.016128253503159797,0.0037618267351007336,0.012366426768059064
model_role,gemma3:27b::opponent,19,claim,0.022416250578790063,0.010167193836777994,0.01224905674201207
model_role,gemma3:27b::opponent,20,unsubstantiated,0.012448656566806337,0.00037379071044125626,0.01207486585636508
model_role,gemma3:27b::opponent,21,plausible,0.013402185795445748,0.0025904519116925983,0.01081173388375315
model_role,gemma3:27b::opponent,22,explanations,0.016728821541835765,0.005918151784190207,0.01081066975764556
model_role,gemma3:27b::opponent,23,link,0.013592616354338593,0.002968971823593402,0.01062364453074519
model_role,gemma3:27b::opponent,24,established,0.013559934889150622,0.003431463798337237,0.010128471090813385
model_role,gemma3:27b::opponent,25,remains,0.011581582218440098,0.0014672294489353939,0.010114352769504703
model_role,gemma3:27b::opponent,26,undoubtedly,0.01004989678423596,0.0,0.01004989678423596
model_role,gemma3:27b::opponent,27,deliberate,0.018639833384834516,0.00899027570906986,0.009649557675764656
model_role,gemma3:27b::opponent,28,alternative explanations,0.013487331763057143,0.003922572052719005,0.009564759710338138
model_role,gemma3:27b::opponent,29,framing,0.013279905923155063,0.003759681750725013,0.00952022417243005
model_role,gemma3:27b::opponent,30,requires stronger,0.009480289609772298,0.00023180000653633603,0.009248489603235962
model_role,gemma3:27b::proponent,1,insistence,0.03748984271063837,0.00010413784270510957,0.03738570486793326
model_role,gemma3:27b::proponent,2,scientific agent,0.02981062224027641,0.0003322401604849473,0.029478382079791463
model_role,gemma3:27b::proponent,3,agent,0.02911985562321747,0.0009235695130428014,0.02819628611017467
model_role,gemma3:27b::proponent,4,isn,0.025692696029686907,0.0014389767283734627,0.024253719301313443
model_role,gemma3:27b::proponent,5,ignores,0.02473183312052891,0.0028081956307295475,0.021923637489799364
model_role,gemma3:27b::proponent,6,pattern,0.0287154811472681,0.007016817101914109,0.02169866404535399
model_role,gemma3:27b::proponent,7,scientific,0.026953414646105924,0.008486192304658673,0.01846722234144725
model_role,gemma3:27b::proponent,8,conveniently,0.014547960236017203,0.0,0.014547960236017203
model_role,gemma3:27b::proponent,9,creating,0.014576209732487027,0.0004226852780024429,0.014153524454484584
model_role,gemma3:27b::proponent,10,consistent,0.018277278367574784,0.004655340350237717,0.013621938017337066
model_role,gemma3:27b::proponent,11,coupled,0.012952793415748117,0.0,0.012952793415748117
model_role,gemma3:27b::proponent,12,consistently,0.013746395291066103,0.001757230398701834,0.01198916489236427
model_role,gemma3:27b::proponent,13,documented,0.013626834083117066,0.0017378084699853657,0.011889025613131701
model_role,gemma3:27b::proponent,14,continued,0.01174895336550815,0.0005624342533771478,0.011186519112131001
model_role,gemma3:27b::proponent,15,agent insistence,0.010571535212201319,0.0,0.010571535212201319
model_role,gemma3:27b::proponent,16,aren,0.010770124666738858,0.00048476778966744427,0.010285356877071413
model_role,gemma3:27b::proponent,17,narrative,0.01661328588457935,0.006355304064418007,0.010257981820161341
model_role,gemma3:27b::proponent,18,demand,0.01172449612518494,0.001537395845789981,0.01018710027939496
model_role,gemma3:27b::proponent,19,conveniently ignores,0.010160978545667337,0.0,0.010160978545667337
model_role,gemma3:27b::proponent,20,persistent,0.011402476797841182,0.001391558723826011,0.010010918074015171
model_role,gemma3:27b::proponent,21,dismissal,0.011777761044287056,0.0020276883266538586,0.009750072717633198
model_role,gemma3:27b::proponent,22,strongly,0.009658120798552971,0.00015871365004109668,0.009499407148511874
model_role,gemma3:27b::proponent,23,genuine,0.01211882796144896,0.002695976932022815,0.009422851029426145
model_role,gemma3:27b::proponent,24,surrounding,0.011286996079680343,0.0019543453796643908,0.009332650700015953
model_role,gemma3:27b::proponent,25,suggesting,0.010696238657227948,0.0016601938962302137,0.009036044760997734
model_role,gemma3:27b::proponent,26,agent continued,0.008951358428692883,4.210652576916433e-05,0.008909251902923718
model_role,gemma3:27b::proponent,27,anomalies,0.02029870413680426,0.012042453429285505,0.008256250707518755
model_role,gemma3:27b::proponent,28,misses,0.0079487829526224,5.1889333033543916e-05,0.007896893619588856
model_role,gemma3:27b::proponent,29,power,0.01183270923031848,0.0040334715351613044,0.007799237695157175
model_role,gemma3:27b::proponent,30,isolated,0.00874924237245592,0.0014711554695930995,0.00727808690286282
topic,5g_health_risks,1,5g,0.1453410178593713,0.0,0.1453410178593713
topic,5g_health_risks,2,safety,0.06316596390901613,0.007287167297608395,0.05587879661140774
topic,5g_health_risks,3,health,0.06340093834878974,0.011772131575871205,0.051628806772918534
topic,5g_health_risks,4,networks,0.04333583251865417,6.477971933658342e-05,0.04327105279931759
topic,5g_health_risks,5,5g technology,0.04321933221765094,0.0,0.04321933221765094
topic,5g_health_risks,6,deployment,0.04286341464136233,0.0022412654644739863,0.04062214917688834
topic,5g_health_risks,7,technology,0.04053744730043392,0.0031542258767543823,0.03738322142367954
topic,5g_health_risks,8,health risks,0.03308503969929487,0.0001487157593273124,0.03293632393996756
topic,5g_health_risks,9,5g networks,0.0325169827005033,0.0,0.0325169827005033
topic,5g_health_risks,10,risks,0.03341108733641497,0.0025559896663151856,0.030855097670099786
topic,5g_health_risks,11,deployment 5g,0.0304747962103416,0.0,0.0304747962103416
topic,5g_health_risks,12,telecom,0.028230259567208982,0.0,0.028230259567208982
topic,5g_health_risks,13,wireless,0.026597349310506946,0.0,0.026597349310506946
topic,5g_health_risks,14,industry,0.034583029669831754,0.00828586732851419,0.026297162341317563
topic,5g_health_risks,15,public,0.033575007846384286,0.009487823452695679,0.024087184393688607
topic,5g_health_risks,16,effects,0.02792304290611238,0.004512176359717655,0.023410866546394727
topic,5g_health_risks,17,rollout,0.025175474822659978,0.0019316487524443772,0.0232438260702156
topic,5g_health_risks,18,telecom companies,0.02224787856457071,0.0,0.02224787856457071
topic,5g_health_risks,19,reported,0.022079436926611243,0.0011871867523642963,0.020892250174246948
topic,5g_health_risks,20,public safety,0.021272987744897744,0.0005822224229557808,0.020690765321941963
topic,5g_health_risks,21,symptoms,0.019791147288186244,4.2994144118514854e-05,0.01974815314406773
topic,5g_health_risks,22,5g deployment,0.019561225579317228,0.0,0.019561225579317228
topic,5g_health_risks,23,potential health,0.019605738916489715,7.234113914314001e-05,0.019533397777346573
topic,5g_health_risks,24,profit,0.028077677250379917,0.008969672590871423,0.019108004659508494
topic,5g_health_risks,25,studies,0.02288959294571449,0.004019262359216176,0.018870330586498313
topic,5g_health_risks,26,profit public,0.019820696235080232,0.0012672740077883137,0.018553422227291918
topic,5g_health_risks,27,downplaying,0.019911129140646612,0.001646252309144323,0.01826487683150229
topic,5g_health_risks,28,biological,0.019387484811844984,0.0017119393039244154,0.017675545507920568
topic,5g_health_risks,29,problems,0.019069099755795335,0.0020503102547956135,0.01701878950099972
topic,5g_health_risks,30,rollout 5g,0.016845904249661318,0.0,0.016845904249661318
topic,9_11_inside_job,1,11,0.11956589380163005,6.976819743163303e-05,0.11949612560419841
topic,9_11_inside_job,2,attacks,0.07936952614871126,0.00017968820622805493,0.0791898379424832
topic,9_11_inside_job,3,11 attacks,0.05860364084538996,0.0,0.05860364084538996
topic,9_11_inside_job,4,official,0.056017607964189794,0.0034582770228994792,0.05255933094129032
topic,9_11_inside_job,5,narrative,0.054802550113376494,0.0059545936629740335,0.04884795645040246
topic,9_11_inside_job,6,official narrative,0.0446186793746342,0.002058853272695149,0.04255982610193905
topic,9_11_inside_job,7,collapse,0.03994907797558139,3.984332902573686e-05,0.03990923464655566
topic,9_11_inside_job,8,pre,0.037138091410280974,0.0016763171440435688,0.03546177426623741
topic,9_11_inside_job,9,orchestration,0.035500446174861845,0.0010274088891077827,0.034473037285754064
topic,9_11_inside_job,10,inconsistencies,0.03534473170831866,0.0030930148969813558,0.0322517168113373
topic,9_11_inside_job,11,narrative 11,0.030208434290535793,0.0,0.030208434290535793
topic,9_11_inside_job,12,cover,0.030717964811593616,0.0031384919498831714,0.027579472861710443
topic,9_11_inside_job,13,wtc,0.02707781870778984,0.0,0.02707781870778984
topic,9_11_inside_job,14,investigation,0.03063278740637107,0.004067248891720901,0.02656553851465017
topic,9_11_inside_job,15,failures,0.0296877187784132,0.0040590481567421375,0.02562867062167106
topic,9_11_inside_job,16,government,0.03548181125608814,0.012935493884190491,0.022546317371897648
topic,9_11_inside_job,17,building,0.02207583764409532,0.0,0.02207583764409532
topic,9_11_inside_job,18,unanswered,0.0214723696171011,3.749023660146516e-05,0.021434879380499636
topic,9_11_inside_job,19,unanswered questions,0.0214723696171011,3.749023660146516e-05,0.021434879380499636
topic,9_11_inside_job,20,11 narrative,0.02044200628095216,0.0,0.02044200628095216
topic,9_11_inside_job,21,government orchestration,0.018659812740744013,0.0,0.018659812740744013
topic,9_11_inside_job,22,anomalies,0.030860816266616804,0.012668986060671433,0.01819183020594537
topic,9_11_inside_job,23,false flag,0.017365677620067153,0.0,0.017365677620067153
topic,9_11_inside_job,24,official 11,0.016348404625252732,0.0,0.016348404625252732
topic,9_11_inside_job,25,opportunity,0.016875126974973852,0.0007490397975875987,0.016126087177386252
topic,9_11_inside_job,26,surrounding 11,0.01609869967703384,0.0,0.01609869967703384
topic,9_11_inside_job,27,events,0.018261879554903396,0.002375233125940207,0.01588664642896319
topic,9_11_inside_job,28,flag,0.01570069281582185,0.0004495571093964386,0.015251135706425412
topic,9_11_inside_job,29,military,0.015795473266571415,0.0006393490821769814,0.015156124184394434
topic,9_11_inside_job,30,collapse building,0.015111584478385839,0.0,0.015111584478385839
topic,ai_surveillance,1,ai,0.1053246983187868,2.4671882681371915e-05,0.10530002643610542
topic,ai_surveillance,2,surveillance,0.10965200183995108,0.006715740505215746,0.10293626133473534
topic,ai_surveillance,3,ai surveillance,0.09029150126087009,0.0,0.09029150126087009
topic,ai_surveillance,4,plan,0.07041338904317522,0.0003981605837720241,0.0700152284594032
topic,ai_surveillance,5,coordinated,0.07168050440080803,0.002745381198601872,0.06893512320220616
topic,ai_surveillance,6,coordinated plan,0.056099498033600766,6.145690734400556e-05,0.05603804112625676
topic,ai_surveillance,7,control,0.06529734791065898,0.01527750716885684,0.05001984074180214
topic,ai_surveillance,8,total,0.05115582352211752,0.0018442485712416188,0.0493115749508759
topic,ai_surveillance,9,systems,0.05346670669978849,0.004506193237665664,0.04896051346212282
topic,ai_surveillance,10,total population,0.04887187290725629,0.0,0.04887187290725629
topic,ai_surveillance,11,surveillance systems,0.048199380602014306,0.00013985803727869608,0.04805952256473561
topic,ai_surveillance,12,plan total,0.04080087107579086,0.0,0.04080087107579086
topic,ai_surveillance,13,global,0.044117225774762174,0.0034496952687052148,0.04066753050605696
topic,ai_surveillance,14,population,0.041733791848704536,0.004045940894426728,0.03768785095427781
topic,ai_surveillance,15,deployment,0.0368134463707644,0.00228235142827503,0.03453109494248937
topic,ai_surveillance,16,expansion,0.03262700719608851,0.0003940397835954625,0.03223296741249305
topic,ai_surveillance,17,deployment ai,0.03036867641662593,0.0,0.03036867641662593
topic,ai_surveillance,18,security,0.0340410416144845,0.004025363654362248,0.03001567796012225
topic,ai_surveillance,19,population control,0.02924444554625343,0.0011369148820063908,0.028107530664247038
topic,ai_surveillance,20,monitoring,0.025129288099393406,0.0007987832342155667,0.02433050486517784
topic,ai_surveillance,21,population monitoring,0.024239977783309805,0.0,0.024239977783309805
topic,ai_surveillance,22,monitoring control,0.02342509837455924,0.0,0.02342509837455924
topic,ai_surveillance,23,global deployment,0.022440533902933827,0.0,0.022440533902933827
topic,ai_surveillance,24,powered surveillance,0.02229627773265836,0.0,0.02229627773265836
topic,ai_surveillance,25,ai powered,0.02229627773265836,0.0,0.02229627773265836
topic,ai_surveillance,26,powered,0.02229627773265836,0.0,0.02229627773265836
topic,ai_surveillance,27,hidden,0.02232315295143323,0.0019392365230559297,0.0203839164283773
topic,ai_surveillance,28,coordination,0.01996490408769016,0.000502357635059685,0.019462546452630475
topic,ai_surveillance,29,adoption,0.018954941153072384,0.0004929072588198415,0.018462033894252543
topic,ai_surveillance,30,globally,0.018497622839478457,0.000531354509216097,0.01796626833026236
topic,big_pharma,1,pharmaceutical,0.10762644412690642,0.001910402238580603,0.10571604188832581
topic,big_pharma,2,cures,0.09551718487444208,0.0,0.09551718487444208
topic,big_pharma,3,suppression,0.07477223088029186,0.0024657860198471194,0.07230644486044474
topic,big_pharma,4,profit,0.07268499449274501,0.006527730433922122,0.0661572640588229
topic,big_pharma,5,companies,0.0687509714538679,0.003266036593350408,0.06548493486051749
topic,big_pharma,6,pharmaceutical companies,0.06330984289811485,0.001100501731640371,0.06220934116647448
topic,big_pharma,7,treatments,0.056973176568231886,0.0,0.056973176568231886
topic,big_pharma,8,effective,0.05226482632424282,0.0006647895769318101,0.051600036747311014
topic,big_pharma,9,pharmaceutical industry,0.050088995175599345,0.00031341049801282593,0.04977558467758652
topic,big_pharma,10,effective cures,0.04358092902520184,0.0,0.04358092902520184
topic,big_pharma,11,cheap,0.0382811734046087,0.0,0.0382811734046087
topic,big_pharma,12,suppress,0.03457925926424344,0.0004247668197263921,0.03415449244451705
topic,big_pharma,13,cheap effective,0.034007858662091286,0.0,0.034007858662091286
topic,big_pharma,14,drug,0.03286456062452384,0.0,0.03286456062452384
topic,big_pharma,15,patient,0.03182237744699554,0.0,0.03182237744699554
topic,big_pharma,16,industry,0.038959204581727185,0.007971729242103542,0.030987475339623642
topic,big_pharma,17,patient welfare,0.030135743439437545,0.0,0.030135743439437545
topic,big_pharma,18,profit patient,0.029688666235880724,0.0,0.029688666235880724
topic,big_pharma,19,expensive,0.02959363176294542,7.729125281769125e-05,0.02951634051012773
topic,big_pharma,20,welfare,0.028412680074520472,0.0003918008431252757,0.028020879231395197
topic,big_pharma,21,drug development,0.026803547087046836,0.0,0.026803547087046836
topic,big_pharma,22,expensive treatments,0.024344003902498704,0.0,0.024344003902498704
topic,big_pharma,23,dzodzi,0.023764568948597752,0.0,0.023764568948597752
topic,big_pharma,24,research,0.031450122664385995,0.008468102317667207,0.022982020346718788
topic,big_pharma,25,companies suppress,0.022704216662276688,0.0,0.022704216662276688
topic,big_pharma,26,suppress cheap,0.022137121260480314,0.0,0.022137121260480314
topic,big_pharma,27,development,0.025946513271391115,0.0055267279471405955,0.020419785324250518
topic,big_pharma,28,therapies,0.019834189011780176,0.0,0.019834189011780176
topic,big_pharma,29,case,0.02065423395938946,0.0010101131930251614,0.0196441207663643
topic,big_pharma,30,potential cures,0.018976845815633785,0.0,0.018976845815633785
topic,chemtrails,1,atmospheric,0.14480773582154763,0.00043054944251853073,0.1443771863790291
topic,chemtrails,2,modification,0.0926852327849868,0.00019108184385387394,0.09249415094113293
topic,chemtrails,3,atmospheric modification,0.087014563861626,0.0,0.087014563861626
topic,chemtrails,4,secret,0.06521577922691352,0.0001687017103756446,0.06504707751653788
topic,chemtrails,5,programs,0.061853257274116245,0.0005830028081550686,0.061270254465961176
topic,chemtrails,6,contrails,0.059006487347223704,0.0,0.059006487347223704
topic,chemtrails,7,secret atmospheric,0.0588943464221015,0.0,0.0588943464221015
topic,chemtrails,8,aircraft,0.05612126182104854,0.0,0.05612126182104854
topic,chemtrails,9,commercial,0.05388956905630923,0.00020100505501058512,0.05368856400129865
topic,chemtrails,10,commercial aircraft,0.053024385766042195,0.0,0.053024385766042195
topic,chemtrails,11,modification programs,0.05292492858850483,0.0,0.05292492858850483
topic,chemtrails,12,phenomena,0.04150828878786136,0.001565869651627933,0.03994241913623343
topic,chemtrails,13,chemical,0.038705956583949694,0.0,0.038705956583949694
topic,chemtrails,14,contrail,0.03758746789818619,0.0,0.03758746789818619
topic,chemtrails,15,chemical biological,0.036605863536006956,0.0,0.036605863536006956
topic,chemtrails,16,biological agents,0.036605863536006956,0.0,0.036605863536006956
topic,chemtrails,17,release chemical,0.03353533514384081,0.0,0.03353533514384081
topic,chemtrails,18,natural,0.03438350123608698,0.0009800455009715352,0.033403455735115446
topic,chemtrails,19,aircraft deliberately,0.031326367735932587,0.0,0.031326367735932587
topic,chemtrails,20,deliberately release,0.031326367735932587,0.0,0.031326367735932587
topic,chemtrails,21,biological,0.032107103691263066,0.001167239616145782,0.030939864075117285
topic,chemtrails,22,release,0.030344427797877115,0.001094468565566533,0.029249959232310583
topic,chemtrails,23,agents secret,0.027987381604596333,0.0,0.027987381604596333
topic,chemtrails,24,persistent,0.029252954460831183,0.001913987929315141,0.027338966531516042
topic,chemtrails,25,atmospheric conditions,0.02663787434080248,3.4954703840207794e-05,0.02660291963696227
topic,chemtrails,26,deliberate atmospheric,0.02651697582432467,0.0,0.02651697582432467
topic,chemtrails,27,conditions,0.025714281602077886,0.0006411670158991549,0.02507311458617873
topic,chemtrails,28,motion commercial,0.024604636922145737,0.0,0.024604636922145737
topic,chemtrails,29,aerial,0.024105622634419798,0.0,0.024105622634419798
topic,chemtrails,30,anomalous,0.02363470622179359,0.0006949316376087234,0.022939774584184867
topic,climate_change_hoax,1,climate,0.141458010488122,0.00012198523252207579,0.14133602525559993
topic,climate_change_hoax,2,climate change,0.10151378405055692,0.0,0.10151378405055692
topic,climate_change_hoax,3,change,0.09174223820260285,0.0010377214591792807,0.09070451674342357
topic,climate_change_hoax,4,ipcc,0.057208986809505896,0.0,0.057208986809505896
topic,climate_change_hoax,5,political,0.04594240385863631,0.00524681726554667,0.04069558659308964
topic,climate_change_hoax,6,policies,0.04166608358976074,0.003488818295430815,0.03817726529432992
topic,climate_change_hoax,7,environmental,0.03128018660114073,0.0009884619186223329,0.030291724682518395
topic,climate_change_hoax,8,global,0.0338502814423031,0.004409314320254046,0.029440967122049053
topic,climate_change_hoax,9,solutions,0.026851136809191836,0.0001565835922647689,0.026694553216927066
topic,climate_change_hoax,10,net,0.025571786102266663,0.0,0.025571786102266663
topic,climate_change_hoax,11,net zero,0.025571786102266663,0.0,0.025571786102266663
topic,climate_change_hoax,12,zero,0.025571786102266663,0.0,0.025571786102266663
topic,climate_change_hoax,13,scientific,0.03472345504835544,0.010669920001967361,0.024053535046388075
topic,climate_change_hoax,14,manufactured crisis,0.02402802605514646,8.286458329278744e-05,0.023945161471853674
topic,climate_change_hoax,15,crisis,0.02395582056002424,0.0009694721132499772,0.022986348446774264
topic,climate_change_hoax,16,green,0.022941309008404537,0.0,0.022941309008404537
topic,climate_change_hoax,17,manufactured,0.023221419201743483,0.00037998785778570985,0.022841431343957774
topic,climate_change_hoax,18,economic,0.024681820166346454,0.004145846112448,0.020535974053898454
topic,climate_change_hoax,19,agendas,0.020319536727172963,0.0007860989538923955,0.01953343777328057
topic,climate_change_hoax,20,global elites,0.018764862134884833,0.0,0.018764862134884833
topic,climate_change_hoax,21,human,0.019182603071306856,0.0008063560752049408,0.018376246996101915
topic,climate_change_hoax,22,conclusions,0.018278134272446962,0.0011621810525612407,0.01711595321988572
topic,climate_change_hoax,23,primarily,0.018114167834075524,0.0011261077398633198,0.016988060094212203
topic,climate_change_hoax,24,political agendas,0.016725552890472156,0.0,0.016725552890472156
topic,climate_change_hoax,25,consensus,0.01808505801070018,0.0014688927337897202,0.016616165276910462
topic,climate_change_hoax,26,influenced political,0.016389958631470348,0.0,0.016389958631470348
topic,climate_change_hoax,27,political influence,0.01639866957949779,7.990745020727194e-05,0.01631876212929052
topic,climate_change_hoax,28,ipcc reports,0.016139508779329122,0.0,0.016139508779329122
topic,climate_change_hoax,29,scientific consensus,0.016708898831428072,0.0006669433538227748,0.016041955477605296
topic,climate_change_hoax,30,change narrative,0.015856181853405406,0.0,0.015856181853405406
topic,covid_vaccine_microchips,1,vaccines,0.10642789967410358,0.0041301494239106284,0.10229775025019296
topic,covid_vaccine_microchips,2,covid 19,0.08542397518862206,0.000359204663799486,0.08506477052482257
topic,covid_vaccine_microchips,3,covid,0.08542397518862206,0.000359204663799486,0.08506477052482257
topic,covid_vaccine_microchips,4,19,0.08542397518862206,0.000359204663799486,0.08506477052482257
topic,covid_vaccine_microchips,5,19 vaccines,0.08132012870812781,0.0001013615489121372,0.08121876715921568
topic,covid_vaccine_microchips,6,tracking,0.07493389179192267,0.0001657211757523052,0.07476817061617036
topic,covid_vaccine_microchips,7,surveillance,0.07564985890190781,0.00950900471554784,0.06614085418635997
topic,covid_vaccine_microchips,8,vaccine,0.06408533207449489,0.0030539414729298326,0.06103139060156506
topic,covid_vaccine_microchips,9,microchips,0.06024668922101048,0.0,0.06024668922101048
topic,covid_vaccine_microchips,10,vaccines contain,0.03939445148959396,0.0,0.03939445148959396
topic,covid_vaccine_microchips,11,contain,0.038867276760894076,0.00011316441078439225,0.038754112350109685
topic,covid_vaccine_microchips,12,contain microchips,0.03444212382906322,0.0,0.03444212382906322
topic,covid_vaccine_microchips,13,tracking control,0.03384137190542847,0.0,0.03384137190542847
topic,covid_vaccine_microchips,14,population tracking,0.028861800600296292,0.0,0.028861800600296292
topic,covid_vaccine_microchips,15,technology,0.0309209983555946,0.003761260926172895,0.027159737429421706
topic,covid_vaccine_microchips,16,surveillance technologies,0.02697501574111972,0.00037756017119564445,0.026597455569924076
topic,covid_vaccine_microchips,17,rollout,0.028417219996183088,0.0018899504539670346,0.026527269542216052
topic,covid_vaccine_microchips,18,rapid,0.025907877074121996,0.0035641099100914104,0.022343767164030585
topic,covid_vaccine_microchips,19,technologies,0.024362202445681488,0.0021246961733393218,0.022237506272342167
topic,covid_vaccine_microchips,20,governments,0.024357768668054777,0.002445833926613279,0.0219119347414415
topic,covid_vaccine_microchips,21,development,0.0273368754141809,0.005618225011288411,0.02171865040289249
topic,covid_vaccine_microchips,22,data,0.030185892341263038,0.008795752214452645,0.02139014012681039
topic,covid_vaccine_microchips,23,passports,0.021245899496886742,0.0,0.021245899496886742
topic,covid_vaccine_microchips,24,rapid rollout,0.02070549373499572,0.00032754323334932664,0.020377950501646393
topic,covid_vaccine_microchips,25,digital,0.02291044092992879,0.0028360444512310905,0.0200743964786977
topic,covid_vaccine_microchips,26,claim covid,0.019837369924220978,0.0,0.019837369924220978
topic,covid_vaccine_microchips,27,vaccine passports,0.019725925160198037,0.0,0.019725925160198037
topic,covid_vaccine_microchips,28,tech,0.019063434909781064,0.0006355397286537424,0.01842789518112732
topic,covid_vaccine_microchips,29,concerns,0.025545995418406697,0.007147256899926636,0.018398738518480062
topic,covid_vaccine_microchips,30,designed population,0.017963137427071632,0.0,0.017963137427071632
topic,cryptocurrency_control,1,privacy,0.10458690217484641,0.0009125370034913287,0.10367436517135509
topic,cryptocurrency_control,2,cbdcs,0.10322830883316397,0.0,0.10322830883316397
topic,cryptocurrency_control,3,central,0.09627647132967539,0.0018821238188454412,0.09439434751082995
topic,cryptocurrency_control,4,financial,0.0787602331890067,0.0028673905188854962,0.0758928426701212
topic,cryptocurrency_control,5,currencies,0.06973721940608561,0.0,0.06973721940608561
topic,cryptocurrency_control,6,central bank,0.06587685439091864,0.00017174687088620621,0.06570510752003243
topic,cryptocurrency_control,7,digital currencies,0.06302695896396064,0.0,0.06302695896396064
topic,cryptocurrency_control,8,bank,0.06313939037711952,0.0005936808986257171,0.0625457094784938
topic,cryptocurrency_control,9,digital,0.062392977927083974,0.001041383678633127,0.061351594248450846
topic,cryptocurrency_control,10,design,0.06170492740936491,0.0028916929665457236,0.05881323444281918
topic,cryptocurrency_control,11,bank digital,0.05668040065271039,0.0,0.05668040065271039
topic,cryptocurrency_control,12,control,0.06978398440385655,0.015679870246339392,0.05410411415751716
topic,cryptocurrency_control,13,cbdc,0.054064195674125924,0.0,0.054064195674125924
topic,cryptocurrency_control,14,finances,0.052300383062275954,0.0,0.052300383062275954
topic,cryptocurrency_control,15,personal finances,0.047632712465221806,0.0,0.047632712465221806
topic,cryptocurrency_control,16,financial privacy,0.04744709952856751,0.0,0.04744709952856751
topic,cryptocurrency_control,17,control personal,0.04684658841556272,0.0,0.04684658841556272
topic,cryptocurrency_control,18,surveillance,0.05719040445961488,0.010348070826561155,0.04684233363305373
topic,cryptocurrency_control,19,personal,0.04708369133606321,0.00034323419567344786,0.04674045714038976
topic,cryptocurrency_control,20,central banks,0.042686073886074725,0.0013318034472444495,0.041354270438830276
topic,cryptocurrency_control,21,government control,0.041111634136258624,0.00029414200758308645,0.04081749212867554
topic,cryptocurrency_control,22,total,0.040081668948317835,0.0029453352936976763,0.03713633365462016
topic,cryptocurrency_control,23,total government,0.03619909832458688,0.0,0.03619909832458688
topic,cryptocurrency_control,24,banks,0.03823173248375865,0.0030964820337379233,0.03513525045002072
topic,cryptocurrency_control,25,designed,0.03984177260796836,0.006918943943938879,0.032922828664029485
topic,cryptocurrency_control,26,eliminate financial,0.03190691230130482,0.0,0.03190691230130482
topic,cryptocurrency_control,27,eliminate,0.03169017582293825,0.00019159201258641054,0.031498583810351845
topic,cryptocurrency_control,28,finances eliminate,0.02694355454759236,0.0,0.02694355454759236
topic,cryptocurrency_control,29,enable,0.02724109058490841,0.00042715077656442366,0.026813939808343984
topic,cryptocurrency_control,30,choices,0.024917831568777277,0.0004541352012126099,0.024463696367564666
topic,deep_state,1,deep state,0.10665693115760135,0.0,0.10665693115760135
topic,deep_state,2,deep,0.10583166571720488,0.00013011936128162958,0.10570154635592326
topic,deep_state,3,policy,0.1031042995798619,0.002790781577208409,0.10031351800265349
topic,deep_state,4,state,0.09639841717566366,0.0012413272219718907,0.09515708995369178
topic,deep_state,5,elected,0.0487676460842007,0.0,0.0487676460842007
topic,deep_state,6,officials,0.048386178634739645,0.00026596138692397696,0.04812021724781567
topic,deep_state,7,government policy,0.04679533669302261,0.0,0.04679533669302261
topic,deep_state,8,elected officials,0.0462499949717075,0.0,0.0462499949717075
topic,deep_state,9,bureaucratic,0.045356300637313954,0.0009798109541602285,0.044376489683153726
topic,deep_state,10,intelligence agencies,0.04220063896785584,0.0009546252284788784,0.04124601373937697
topic,deep_state,11,influence,0.047064496431734694,0.007361988355799066,0.03970250807593563
topic,deep_state,12,control,0.050655237776741135,0.016024652897892382,0.03463058487884875
topic,deep_state,13,interests,0.038333024862977336,0.005238612232380569,0.033094412630596766
topic,deep_state,14,intelligence,0.036795316998456874,0.005061605283245318,0.031733711715211554
topic,deep_state,15,state control,0.030938041972280412,0.0,0.030938041972280412
topic,deep_state,16,agencies,0.03620524666238481,0.008550954405529419,0.02765429225685539
topic,deep_state,17,controlling,0.028005367694130565,0.0007332478326418416,0.027272119861488725
topic,deep_state,18,state influence,0.02672161987917198,0.0,0.02672161987917198
topic,deep_state,19,control government,0.02589782858680058,0.0,0.02589782858680058
topic,deep_state,20,evident,0.02576652295445636,0.0006665283087205593,0.025099994645735802
topic,deep_state,21,consistent,0.030137247357455182,0.005616013540704342,0.02452123381675084
topic,deep_state,22,state controlling,0.023365977164404025,0.0,0.023365977164404025
topic,deep_state,23,bureaucrats,0.023244784627974725,3.849515132489234e-05,0.023206289476649832
topic,deep_state,24,unelected,0.022214235008763353,8.165141720068426e-05,0.022132583591562668
topic,deep_state,25,government,0.03457662164256511,0.012679018081411794,0.021897603561153313
topic,deep_state,26,consistent interests,0.021033362610686918,0.0,0.021033362610686918
topic,deep_state,27,controlling government,0.02082959207201968,0.0,0.02082959207201968
topic,deep_state,28,outcomes,0.02303855832872859,0.0033682372963656174,0.01967032103236297
topic,deep_state,29,bureaucrats intelligence,0.019619025592519598,0.0,0.019619025592519598
topic,deep_state,30,systemic incentives,0.021684206056925674,0.0034061581386690618,0.018278047918256612
topic,election_fraud,1,voting,0.11664491254980032,0.0,0.11664491254980032
topic,election_fraud,2,electronic,0.10992480386633628,0.0,0.10992480386633628
topic,election_fraud,3,electronic voting,0.1092235028907654,0.0,0.1092235028907654
topic,election_fraud,4,manipulation,0.10495918761821607,0.009221136909508123,0.09573805070870794
topic,election_fraud,5,machines,0.06927123753486514,0.0,0.06927123753486514
topic,election_fraud,6,voting machines,0.06515977060440467,0.0,0.06515977060440467
topic,election_fraud,7,election,0.0638169113810123,2.93189987743613e-05,0.06378759238223794
topic,election_fraud,8,vulnerabilities,0.052326698066216544,0.0010276406333181547,0.05129905743289839
topic,election_fraud,9,powerful elites,0.04801297873022631,0.0,0.04801297873022631
topic,election_fraud,10,elites,0.04744677586829249,0.0017562767243679456,0.04569049914392454
topic,election_fraud,11,voting systems,0.04513734006805276,0.0,0.04513734006805276
topic,election_fraud,12,systems,0.05003823994226471,0.004913640377970548,0.04512459956429416
topic,election_fraud,13,powerful,0.043493306931112516,0.001440086179346983,0.042053220751765534
topic,election_fraud,14,manipulation powerful,0.03322143691594413,0.0,0.03322143691594413
topic,election_fraud,15,integrity,0.027462385356414345,0.00047014530044760244,0.026992240055966742
topic,election_fraud,16,audits,0.025471680311716732,0.00011752006790813403,0.0253541602438086
topic,election_fraud,17,software,0.025311772568185047,0.0,0.025311772568185047
topic,election_fraud,18,security,0.027231207971163646,0.0045267242824486515,0.022704483688714996
topic,election_fraud,19,potential vulnerabilities,0.02239045564014449,0.0,0.02239045564014449
topic,election_fraud,20,election results,0.021893567779801785,0.0,0.021893567779801785
topic,election_fraud,21,transparency,0.026290970307400793,0.004409813704129108,0.021881156603271685
topic,election_fraud,22,results,0.02241867018105694,0.0008464571589088934,0.021572213022148044
topic,election_fraud,23,opacity,0.021809774323672988,0.0010865556475625857,0.020723218676110402
topic,election_fraud,24,election integrity,0.019162412070405387,0.0,0.019162412070405387
topic,election_fraud,25,modern,0.018012064208611952,0.0003246552034678631,0.017687409005144088
topic,election_fraud,26,designed,0.02485605027347808,0.0074683884300259275,0.017387661843452154
topic,election_fraud,27,machine,0.01733293191455939,0.0,0.01733293191455939
topic,election_fraud,28,claim electronic,0.0170432175063686,0.0,0.0170432175063686
topic,election_fraud,29,voting machine,0.016846019205377736,0.0,0.016846019205377736
topic,election_fraud,30,statistical,0.01583371212868424,0.0005855336144555479,0.015248178514228692
topic,federal_reserve,1,federal,0.10708915987223874,0.0,0.10708915987223874
topic,federal_reserve,2,federal reserve,0.10675309676238033,0.0,0.10675309676238033
topic,federal_reserve,3,reserve,0.10675309676238033,0.0,0.10675309676238033
topic,federal_reserve,4,fed,0.06494815466734398,0.0,0.06494815466734398
topic,federal_reserve,5,structure,0.06172076992035727,0.001278054727409422,0.060442715192947846
topic,federal_reserve,6,economic,0.0573046455258374,0.0019075758274937243,0.05539706969834368
topic,federal_reserve,7,private,0.05398042017392355,0.0007858530396734119,0.05319456713425014
topic,federal_reserve,8,banks,0.052402003647872564,0.0017618309900349607,0.0506401726578376
topic,federal_reserve,9,policies,0.040016034546593776,0.0030598728653763478,0.03695616168121743
topic,federal_reserve,10,citizens,0.03590303870645052,0.00013107857587529745,0.03577196013057522
topic,federal_reserve,11,wealth,0.03266038592571504,0.0007013785318801516,0.031959007393834886
topic,federal_reserve,12,reserve structure,0.028735888154450513,0.0,0.028735888154450513
topic,federal_reserve,13,stability,0.028844394305184623,0.00014860811215183447,0.02869578619303279
topic,federal_reserve,14,inequality,0.02718616859524394,0.0,0.02718616859524394
topic,federal_reserve,15,ordinary citizens,0.02510826262463864,0.0,0.02510826262463864
topic,federal_reserve,16,ordinary,0.02510826262463864,0.0,0.02510826262463864
topic,federal_reserve,17,institutions,0.029249818527982644,0.004514716644949957,0.024735101883032688
topic,federal_reserve,18,cartel,0.022731843389400555,0.0,0.022731843389400555
topic,federal_reserve,19,favor certain,0.022617195394153786,0.0,0.022617195394153786
topic,federal_reserve,20,wealthy,0.02207498736547793,0.0,0.02207498736547793
topic,federal_reserve,21,favor,0.022848029760105186,0.0011496743962712411,0.021698355363833945
topic,federal_reserve,22,economy,0.021808871023801295,0.00019327249580182766,0.021615598527999467
topic,federal_reserve,23,mandate,0.021596482101317514,0.0,0.021596482101317514
topic,federal_reserve,24,economic stability,0.02135225507865037,0.0,0.02135225507865037
topic,federal_reserve,25,central banks,0.022538212184136833,0.001967100179081785,0.02057111200505505
topic,federal_reserve,26,private cartel,0.019943001723083914,0.0,0.019943001723083914
topic,federal_reserve,27,central,0.024770990963274796,0.004860871294563035,0.019910119668711763
topic,federal_reserve,28,benefit,0.021599697303118368,0.002601761279453656,0.018997936023664713
topic,federal_reserve,29,conflicts,0.02114486070536027,0.002468785825412931,0.01867607487994734
topic,federal_reserve,30,certain,0.019566638076143325,0.0010589477668692462,0.01850769030927408
topic,flat_earth,1,earth,0.14038751231760047,0.00016737168948639588,0.14022014062811408
topic,flat_earth,2,space,0.09327324652340714,0.0020541590583500395,0.09121908746505711
topic,flat_earth,3,space agencies,0.08485253300634477,0.0,0.08485253300634477
topic,flat_earth,4,spherical,0.07043118004446883,0.0,0.07043118004446883
topic,flat_earth,5,deception,0.060753001293335954,0.0017589197287061237,0.05899408156462983
topic,flat_earth,6,spherical earth,0.05684618065466839,0.0,0.05684618065466839
topic,flat_earth,7,agencies,0.06093453792546742,0.007765340750227652,0.05316919717523977
topic,flat_earth,8,shape,0.04902752953047507,0.0006560099821233672,0.0483715195483517
topic,flat_earth,9,model,0.04760071721692963,0.00039525553236959563,0.04720546168456003
topic,flat_earth,10,flat,0.04497293802512713,0.0,0.04497293802512713
topic,flat_earth,11,satellite,0.04429551476919653,0.0,0.04429551476919653
topic,flat_earth,12,earth model,0.03870120757442655,0.0,0.03870120757442655
topic,flat_earth,13,earth shape,0.031150730833207865,0.0,0.031150730833207865
topic,flat_earth,14,flat earth,0.03109971645421332,0.0,0.03109971645421332
topic,flat_earth,15,independent,0.034346391076321474,0.0070604476476616084,0.027285943428659865
topic,flat_earth,16,data,0.03471568172791747,0.00855020803977421,0.02616547368814326
topic,flat_earth,17,agencies worldwide,0.025185940049047874,0.0,0.025185940049047874
topic,flat_earth,18,coordinated deception,0.024223852439911955,0.0,0.024223852439911955
topic,flat_earth,19,worldwide,0.023759732543987628,0.00043041023521623586,0.023329322308771393
topic,flat_earth,20,massive,0.022975574450382532,0.0,0.022975574450382532
topic,flat_earth,21,imagery,0.021739755867728534,0.00021819245800387937,0.021521563409724654
topic,flat_earth,22,independent verification,0.020497881801166573,0.0011728099439786005,0.019325071857187973
topic,flat_earth,23,verification,0.020395524888288996,0.0014475593707734434,0.018947965517515552
topic,flat_earth,24,lines evidence,0.018521631975049822,0.0003239921515547009,0.01819763982349512
topic,flat_earth,25,including satellite,0.018012249344668368,0.0,0.018012249344668368
topic,flat_earth,26,phenomena,0.019900743982981944,0.0025823095438149775,0.017318434439166967
topic,flat_earth,27,lines,0.01784714000106792,0.0005671783725774159,0.017279961628490506
topic,flat_earth,28,time zones,0.017227212172660242,0.0,0.017227212172660242
topic,flat_earth,29,zones,0.017227212172660242,0.0,0.017227212172660242
topic,flat_earth,30,observations,0.01811213922179839,0.0010354760911017679,0.017076663130696623
topic,fluoride_water,1,fluoridation,0.14840323751434467,0.0,0.14840323751434467
topic,fluoride_water,2,water fluoridation,0.11628592253590576,0.0,0.11628592253590576
topic,fluoride_water,3,water,0.11635850637040406,0.0001243306589805326,0.11623417571142353
topic,fluoride_water,4,health,0.07550761224228253,0.010670601450384514,0.06483701079189802
topic,fluoride_water,5,public health,0.05517400142559306,0.004933504206829684,0.05024049721876338
topic,fluoride_water,6,population,0.051452226997012775,0.0034795290299547738,0.047972697967058
topic,fluoride_water,7,dental,0.042871360451402885,0.0,0.042871360451402885
topic,fluoride_water,8,public,0.04954952503437775,0.008372075638106425,0.041177449396271326
topic,fluoride_water,9,cognitive,0.03900462666935174,0.0005569537006081022,0.038447672968743636
topic,fluoride_water,10,fluoride,0.03703286551176154,3.818588750099983e-05,0.03699467962426054
topic,fluoride_water,11,dental health,0.033555270957547165,0.0,0.033555270957547165
topic,fluoride_water,12,control,0.04695837341798427,0.016346343105546463,0.030612030312437807
topic,fluoride_water,13,cognitive function,0.02868819908552297,0.0,0.02868819908552297
topic,fluoride_water,14,program,0.028576465729962582,0.001509935063704307,0.027066530666258276
topic,fluoride_water,15,claim water,0.0267078246626584,0.0,0.0267078246626584
topic,fluoride_water,16,control population,0.026728537368998415,9.288044129945732e-05,0.026635656927698956
topic,fluoride_water,17,function,0.025761781183229925,0.0009486795395059656,0.02481310164372396
topic,fluoride_water,18,social control,0.023572190119839673,0.0001884204143835761,0.023383769705456095
topic,fluoride_water,19,effects,0.027489343415790516,0.004357922138705777,0.02313142127708474
topic,fluoride_water,20,fluoridation deliberate,0.02177298768057755,0.0,0.02177298768057755
topic,fluoride_water,21,decay,0.021695208689084512,0.0,0.021695208689084512
topic,fluoride_water,22,tooth,0.021695208689084512,0.0,0.021695208689084512
topic,fluoride_water,23,tooth decay,0.021695208689084512,0.0,0.021695208689084512
topic,fluoride_water,24,health measure,0.020797068006552677,0.00010041394094035064,0.020696654065612326
topic,fluoride_water,25,neurological,0.0201527161890246,8.184824398746786e-05,0.02007086794503713
topic,fluoride_water,26,measure,0.02045644837201206,0.0004897996455137631,0.019966648726498296
topic,fluoride_water,27,compliance,0.019027011362279276,6.440552958667859e-05,0.018962605832692596
topic,fluoride_water,28,reduce,0.01882248328256058,0.0002607246064190534,0.018561758676141526
topic,fluoride_water,29,reducing tooth,0.018518257468880524,0.0,0.018518257468880524
topic,fluoride_water,30,means,0.01984130507288751,0.00149124527511629,0.01835005979777122
topic,food_additives,1,additives,0.10023441555320346,0.0,0.10023441555320346
topic,food_additives,2,regulatory,0.09084925821204531,0.004732684550828887,0.08611657366121643
topic,food_additives,3,food,0.08166099031556791,0.0010244947324239645,0.08063649558314394
topic,food_additives,4,industry,0.08257670934165756,0.005641022880885893,0.07693568646077167
topic,food_additives,5,approval,0.07569698143016802,0.0008365827994070201,0.07486039863076101
topic,food_additives,6,regulatory agencies,0.0737003441701999,0.0009650261118175442,0.07273531805838235
topic,food_additives,7,food additives,0.06640328968577265,0.0,0.06640328968577265
topic,food_additives,8,agencies,0.058605159683445505,0.007565113955983085,0.05104004572746242
topic,food_additives,9,process,0.049033226783657666,0.0019372943270690808,0.047095932456588586
topic,food_additives,10,approval process,0.04680409203015563,0.00037488453547970894,0.046429207494675925
topic,food_additives,11,harmful,0.044592382981695426,0.0011485755831752182,0.04344380739852021
topic,food_additives,12,chronic,0.04091973653800953,2.8734312099285915e-05,0.040891002225910245
topic,food_additives,13,medical industry,0.03746585212156083,0.0,0.03746585212156083
topic,food_additives,14,medical,0.03729566358109109,0.0003247876125734078,0.03697087596851768
topic,food_additives,15,harm,0.03808148362530577,0.004363908105810296,0.033717575519495474
topic,food_additives,16,diseases,0.03384961609965406,0.0006741255958427162,0.03317549050381135
topic,food_additives,17,chronic diseases,0.03272008985944423,0.0,0.03272008985944423
topic,food_additives,18,additive,0.032696225712776215,0.0,0.032696225712776215
topic,food_additives,19,approved,0.032736921969774166,0.00019860176012052768,0.03253832020965364
topic,food_additives,20,intentionally,0.029581771801560942,0.0010775580722240858,0.028504213729336855
topic,food_additives,21,industry influence,0.02751862928516826,0.0006693059527019359,0.026849323332466323
topic,food_additives,22,public health,0.033175884469239116,0.006339085252827659,0.026836799216411456
topic,food_additives,23,benefit medical,0.02601399882432623,0.0,0.02601399882432623
topic,food_additives,24,influence,0.034097607574691984,0.008357948127365745,0.025739659447326237
topic,food_additives,25,create chronic,0.024594362752796004,0.0,0.024594362752796004
topic,food_additives,26,approvals,0.024853573849149466,0.0004373198624753462,0.02441625398667412
topic,food_additives,27,designed create,0.024202671752315722,0.0009954140001735916,0.023207257752142132
topic,food_additives,28,health,0.035948033355341524,0.013081435486138143,0.022866597869203382
topic,food_additives,29,benefit,0.025086146056955624,0.0025314804209961832,0.02255466563595944
topic,food_additives,30,additives approved,0.02207600882404541,0.0,0.02207600882404541
topic,gmo_dangers,1,gmo,0.09693192679621568,0.0,0.09693192679621568
topic,gmo_dangers,2,corporate,0.08666994807082513,0.001973391874537331,0.0846965561962878
topic,gmo_dangers,3,gmos,0.07124417341528147,0.0,0.07124417341528147
topic,gmo_dangers,4,health,0.06245190539160232,0.011509649175142647,0.050942256216459675
topic,gmo_dangers,5,research,0.051810852340840846,0.007244042534019032,0.04456680980682182
topic,gmo_dangers,6,agriculture,0.040385796045022265,0.0,0.040385796045022265
topic,gmo_dangers,7,foods,0.03968717541351349,7.464991537783532e-05,0.03961252549813566
topic,gmo_dangers,8,gmo foods,0.03868925440257878,0.0,0.03868925440257878
topic,gmo_dangers,9,corporations,0.039667619070018936,0.001790763298143221,0.03787685577187572
topic,gmo_dangers,10,designed cause,0.03578455787240015,0.0,0.03578455787240015
topic,gmo_dangers,11,problems,0.03511571319075839,0.0010368342132984747,0.03407887897745991
topic,gmo_dangers,12,harm,0.03821502752350964,0.0042530715433715,0.03396195598013814
topic,gmo_dangers,13,cause,0.03487775127568932,0.0012433117823380047,0.03363443949335131
topic,gmo_dangers,14,deliberately designed,0.0327037083108685,0.0004906797797383959,0.03221302853113011
topic,gmo_dangers,15,health problems,0.033077353290473656,0.0009568222754924277,0.032120531014981225
topic,gmo_dangers,16,foods deliberately,0.030483632105511558,0.0,0.030483632105511558
topic,gmo_dangers,17,cause health,0.030205806001998004,0.0006374817501085741,0.02956832425188943
topic,gmo_dangers,18,corporate agriculture,0.029223738199184415,0.0,0.029223738199184415
topic,gmo_dangers,19,dependence,0.02827530606554887,0.0,0.02827530606554887
topic,gmo_dangers,20,increase dependence,0.027283867328395463,0.0,0.027283867328395463
topic,gmo_dangers,21,increase,0.028351606377557133,0.0012608432404159905,0.027090763137141143
topic,gmo_dangers,22,dependence corporate,0.02690454641118356,0.0,0.02690454641118356
topic,gmo_dangers,23,studies,0.030361153721635264,0.003480320443358502,0.026880833278276763
topic,gmo_dangers,24,problems increase,0.02549251989532557,0.0,0.02549251989532557
topic,gmo_dangers,25,supply,0.02538861347033625,0.0003625419726814396,0.02502607149765481
topic,gmo_dangers,26,deliberately,0.02822541750694751,0.003631307617749252,0.02459410988919826
topic,gmo_dangers,27,gmo research,0.023513355186841386,0.0,0.023513355186841386
topic,gmo_dangers,28,monsanto,0.023331553557877287,7.448816578426337e-05,0.023257065392093025
topic,gmo_dangers,29,food supply,0.02250389758645729,0.00030083572179072344,0.022203061864666567
topic,gmo_dangers,30,designed,0.02668921639595812,0.007311263667057063,0.019377952728901054
topic,jfk_assassination,1,assassination,0.08421087144283254,2.719445533932476e-05,0.08418367698749321
topic,jfk_assassination,2,conspiracy,0.06714296683951879,0.004578756695936953,0.06256421014358184
topic,jfk_assassination,3,kennedy,0.05070109247890289,0.0,0.05070109247890289
topic,jfk_assassination,4,warren commission,0.049608441058984314,0.0,0.049608441058984314
topic,jfk_assassination,5,warren,0.049608441058984314,0.0,0.049608441058984314
topic,jfk_assassination,6,commission,0.048602495564789905,0.0004522756781696429,0.048150219886620264
topic,jfk_assassination,7,president,0.042265146172022455,8.461802298732024e-05,0.04218052814903513
topic,jfk_assassination,8,government,0.05224706441901423,0.011654056998892033,0.040593007420122194
topic,jfk_assassination,9,lone,0.04059188427888781,0.0,0.04059188427888781
topic,jfk_assassination,10,lone gunman,0.03769233104116324,0.0,0.03769233104116324
topic,jfk_assassination,11,gunman,0.03769233104116324,0.0,0.03769233104116324
topic,jfk_assassination,12,oswald,0.035047323420954936,0.0,0.035047323420954936
topic,jfk_assassination,13,kennedy assassination,0.034179983058142994,0.0,0.034179983058142994
topic,jfk_assassination,14,elements,0.034194480334665725,0.0006376874278640004,0.033556792906801726
topic,jfk_assassination,15,president kennedy,0.03163293480594249,0.0,0.03163293480594249
topic,jfk_assassination,16,jfk,0.031310431801641406,3.34823863685702e-05,0.031276949415272835
topic,jfk_assassination,17,jfk assassination,0.028975467763563526,3.393652335528687e-05,0.028941531240208238
topic,jfk_assassination,18,anomalies,0.04040386737329921,0.011873727021027538,0.02853014035227167
topic,jfk_assassination,19,elements government,0.028816955601612036,0.00041137062913024685,0.02840558497248179
topic,jfk_assassination,20,involvement,0.029183655334179562,0.0013411442167861943,0.027842511117393366
topic,jfk_assassination,21,involving elements,0.026497275958640164,4.686000421096703e-05,0.026450415954429197
topic,jfk_assassination,22,involving,0.027141506104011347,0.0007765709977890461,0.0263649351062223
topic,jfk_assassination,23,conspiracy involving,0.026154128021537368,0.00019785265807890527,0.025956275363458462
topic,jfk_assassination,24,evidence,0.051929133405082435,0.030386709124100172,0.021542424280982263
topic,jfk_assassination,25,bullet,0.02075008173665926,0.0,0.02075008173665926
topic,jfk_assassination,26,theory,0.02108889140091131,0.0005179546477998108,0.020570936753111498
topic,jfk_assassination,27,government conspiracy,0.020299299522943015,0.0,0.020299299522943015
topic,jfk_assassination,28,assassination president,0.019922692804171065,0.0,0.019922692804171065
topic,jfk_assassination,29,magic bullet,0.01915162457541663,0.0,0.01915162457541663
topic,jfk_assassination,30,magic,0.018985950486169294,3.508692479979612e-05,0.018950863561369498
topic,moon_landing_hoax,1,apollo,0.12335997023437356,0.0,0.12335997023437356
topic,moon_landing_hoax,2,landings,0.07985600367268636,0.0,0.07985600367268636
topic,moon_landing_hoax,3,moon,0.07734653819104392,0.0,0.07734653819104392
topic,moon_landing_hoax,4,staged,0.06233220274573964,0.0,0.06233220274573964
topic,moon_landing_hoax,5,apollo moon,0.059659531793310426,0.0,0.059659531793310426
topic,moon_landing_hoax,6,missions,0.05922662354962659,2.74976533686886e-05,0.059199125896257906
topic,moon_landing_hoax,7,nasa,0.05628792879303811,0.0003824312544548059,0.0559054975385833
topic,moon_landing_hoax,8,moon landings,0.05427896060784873,0.0,0.05427896060784873
topic,moon_landing_hoax,9,space race,0.047717773626018166,0.0,0.047717773626018166
topic,moon_landing_hoax,10,race,0.04745899517882671,3.69560856657776e-05,0.04742203909316093
topic,moon_landing_hoax,11,space,0.043667445788796014,0.004387664100494113,0.0392797816883019
topic,moon_landing_hoax,12,soviet,0.03877664310906322,0.0,0.03877664310906322
topic,moon_landing_hoax,13,union,0.036301726538033666,0.0,0.036301726538033666
topic,moon_landing_hoax,14,soviet union,0.036301726538033666,0.0,0.036301726538033666
topic,moon_landing_hoax,15,fabrication,0.035316112559716985,3.3122502233141196e-05,0.035282990057483844
topic,moon_landing_hoax,16,apollo missions,0.03480309947411745,0.0,0.03480309947411745
topic,moon_landing_hoax,17,anomalies,0.046572787743830495,0.011929879663412522,0.03464290808041797
topic,moon_landing_hoax,18,race soviet,0.03385050309950933,0.0,0.03385050309950933
topic,moon_landing_hoax,19,win space,0.033137201964681846,0.0,0.033137201964681846
topic,moon_landing_hoax,20,win,0.033137201964681846,0.0,0.033137201964681846
topic,moon_landing_hoax,21,landings staged,0.032686637017964114,0.0,0.032686637017964114
topic,moon_landing_hoax,22,government win,0.03154526664645983,0.0,0.03154526664645983
topic,moon_landing_hoax,23,data,0.03977325600072631,0.008312294834224779,0.03146096116650153
topic,moon_landing_hoax,24,lunar,0.03128742027814403,0.0,0.03128742027814403
topic,moon_landing_hoax,25,inconsistencies,0.03355682104483172,0.0031771199509541864,0.030379701093877536
topic,moon_landing_hoax,26,nasa government,0.029461333367454903,0.0,0.029461333367454903
topic,moon_landing_hoax,27,landing,0.026206828037174012,0.0,0.026206828037174012
topic,moon_landing_hoax,28,hoax,0.02234739506180882,0.0,0.02234739506180882
topic,moon_landing_hoax,29,apollo landings,0.021873321816059003,0.0,0.021873321816059003
topic,moon_landing_hoax,30,limitations,0.023075465157414623,0.0017794933752948675,0.021295971782119755
topic,mrna_vaccine_safety,1,mrna,0.10223953279171612,6.781133717545889e-05,0.10217172145454066
topic,mrna_vaccine_safety,2,safety,0.10233560894428444,0.00561417579097638,0.09672143315330806
topic,mrna_vaccine_safety,3,mrna vaccines,0.08586872098885374,2.367578958797572e-05,0.08584504519926577
topic,mrna_vaccine_safety,4,vaccines,0.08793221354132308,0.004844972671051757,0.08308724087027132
topic,mrna_vaccine_safety,5,efficacy,0.063464018595691,0.00046110173910158213,0.06300291685658942
topic,mrna_vaccine_safety,6,vaccine,0.06501939910108676,0.0029173899275187353,0.06210200917356802
topic,mrna_vaccine_safety,7,development,0.06452237179857723,0.0038360261671014943,0.060686345631475735
topic,mrna_vaccine_safety,8,safety efficacy,0.05765702117104179,0.00021351323941893634,0.05744350793162285
topic,mrna_vaccine_safety,9,term,0.050442573883560014,0.0021699380302428028,0.04827263585331721
topic,mrna_vaccine_safety,10,rapid development,0.04826519350381554,0.000361735843476279,0.047903457660339266
topic,mrna_vaccine_safety,11,long term,0.049593191117775874,0.002108827971428885,0.04748436314634699
topic,mrna_vaccine_safety,12,long,0.048572090838665316,0.002429146316589379,0.046142944522075936
topic,mrna_vaccine_safety,13,rapid,0.04829717617577222,0.002476989971828607,0.04582018620394361
topic,mrna_vaccine_safety,14,development mrna,0.03518318612923495,0.0,0.03518318612923495
topic,mrna_vaccine_safety,15,term safety,0.028128872079106658,0.00013099703658887727,0.02799787504251778
topic,mrna_vaccine_safety,16,efficacy mrna,0.027578336628985834,0.0,0.027578336628985834
topic,mrna_vaccine_safety,17,timelines,0.0256395230803616,0.0,0.0256395230803616
topic,mrna_vaccine_safety,18,vaccine safety,0.025583290259851874,3.72948780624673e-05,0.025545995381789408
topic,mrna_vaccine_safety,19,mrna vaccine,0.02441577997008117,0.0,0.02441577997008117
topic,mrna_vaccine_safety,20,pharmaceutical,0.029543954298554533,0.006225153911163625,0.023318800387390908
topic,mrna_vaccine_safety,21,data,0.03147010754104897,0.008702883001523717,0.02276722453952525
topic,mrna_vaccine_safety,22,untrustworthy,0.02291672446799633,0.00020783998125564247,0.022708884486740685
topic,mrna_vaccine_safety,23,concerns,0.029367750925183695,0.006939558630991024,0.02242819229419267
topic,mrna_vaccine_safety,24,vaccine development,0.023158218014273344,0.0007979714653038353,0.02236024654896951
topic,mrna_vaccine_safety,25,speed,0.02321039854245117,0.0009647055527931742,0.022245692989657995
topic,mrna_vaccine_safety,26,institutional incentives,0.022848322345478997,0.0008038937099277012,0.022044428635551297
topic,mrna_vaccine_safety,27,adverse,0.02221661848046805,0.0005125054339330185,0.021704113046535033
topic,mrna_vaccine_safety,28,fundamentally untrustworthy,0.02161257864007805,0.0,0.02161257864007805
topic,mrna_vaccine_safety,29,rushed timelines,0.021584885430114043,0.0,0.021584885430114043
topic,mrna_vaccine_safety,30,incentives rushed,0.021584885430114043,0.0,0.021584885430114043
topic,pearl_harbor,1,attack,0.11408002836921159,0.0004260984925294366,0.11365392987668216
topic,pearl_harbor,2,harbor,0.0999853115499923,0.0,0.0999853115499923
topic,pearl_harbor,3,pearl,0.0999853115499923,0.0,0.0999853115499923
topic,pearl_harbor,4,pearl harbor,0.0999853115499923,0.0,0.0999853115499923
topic,pearl_harbor,5,harbor attack,0.06925262076231853,0.0,0.06925262076231853
topic,pearl_harbor,6,knowledge,0.04716053021012611,0.000529623444197646,0.046630906765928466
topic,pearl_harbor,7,intelligence,0.050559507847607446,0.004214578154066824,0.04634492969354062
topic,pearl_harbor,8,government,0.05389767590083254,0.011490030127056869,0.04240764577377567
topic,pearl_harbor,9,prior,0.042009508749466164,0.00022216134664445957,0.0417873474028217
topic,pearl_harbor,10,prior knowledge,0.03959489153913882,3.296660858578138e-05,0.039561924930553036
topic,pearl_harbor,11,failures,0.04103223216294834,0.0030060657398552986,0.03802616642309304
topic,pearl_harbor,12,war,0.0354458946993484,0.001064416218194069,0.03438147848115433
topic,pearl_harbor,13,inaction,0.03339957169119454,0.0002060849309319101,0.03319348676026263
topic,pearl_harbor,14,deliberate,0.03953578255423978,0.008867266557006304,0.030668515997233473
topic,pearl_harbor,15,knowledge pearl,0.028466204142985528,0.0,0.028466204142985528
topic,pearl_harbor,16,allowed,0.02670806999547388,6.80305936841761e-05,0.026640039401789706
topic,pearl_harbor,17,government prior,0.02527699245778581,0.0,0.02527699245778581
topic,pearl_harbor,18,deliberate inaction,0.024922435421606083,0.0,0.024922435421606083
topic,pearl_harbor,19,wwii,0.023631372733796317,0.0,0.023631372733796317
topic,pearl_harbor,20,warnings,0.02372510207783171,0.00043421816023790665,0.023290883917593805
topic,pearl_harbor,21,intelligence failures,0.022431117375283086,0.00029391973542570825,0.02213719763985738
topic,pearl_harbor,22,surrounding pearl,0.01965798220095671,0.0,0.01965798220095671
topic,pearl_harbor,23,war ii,0.01860794406010065,0.0,0.01860794406010065
topic,pearl_harbor,24,world war,0.01860794406010065,0.0,0.01860794406010065
topic,pearl_harbor,25,ii,0.01860794406010065,0.0,0.01860794406010065
topic,pearl_harbor,26,justify,0.018451727703350698,0.000993480712942083,0.017458246990408616
topic,pearl_harbor,27,response,0.017895218427477228,0.0009532594650083716,0.016941958962468858
topic,pearl_harbor,28,entering,0.0167746934764376,0.0,0.0167746934764376
topic,pearl_harbor,29,intercepted,0.016650239842059756,0.0,0.016650239842059756
topic,pearl_harbor,30,events,0.01841420792035752,0.0021458901221266167,0.016268317798230906
topic,social_media_mind_control,1,algorithms,0.09327807145017035,0.0002845419899068643,0.09299352946026349
topic,social_media_mind_control,2,social media,0.09080666456861682,0.0,0.09080666456861682
topic,social_media_mind_control,3,media,0.09026414041555861,6.820759521510834e-05,0.0901959328203435
topic,social_media_mind_control,4,social,0.08512265539595876,0.0015849720863745078,0.08353768330958425
topic,social_media_mind_control,5,beliefs,0.07570921947737844,8.744156071331008e-05,0.07562177791666512
topic,social_media_mind_control,6,platforms,0.07526326169395635,0.0,0.07526326169395635
topic,social_media_mind_control,7,manipulation,0.0835884868599346,0.010251117301846696,0.07333736955808791
topic,social_media_mind_control,8,user,0.0716822246437431,0.00018317150124484238,0.07149905314249826
topic,social_media_mind_control,9,engagement,0.06971069522433561,0.00013928301061376543,0.06957141221372184
topic,social_media_mind_control,10,political beliefs,0.05973491422799079,0.0,0.05973491422799079
topic,social_media_mind_control,11,algorithmic,0.05712663338061265,9.518981171145808e-05,0.05703144356890119
topic,social_media_mind_control,12,psychology,0.0566766445910317,0.0,0.0566766445910317
topic,social_media_mind_control,13,political,0.05873542627998721,0.004169260191040293,0.05456616608894691
topic,social_media_mind_control,14,media platforms,0.0537048893401304,0.0,0.0537048893401304
topic,social_media_mind_control,15,psychology political,0.05163444234073025,0.0,0.05163444234073025
topic,social_media_mind_control,16,user psychology,0.04228472591580526,0.0,0.04228472591580526
topic,social_media_mind_control,17,media algorithms,0.04123308743847234,0.0,0.04123308743847234
topic,social_media_mind_control,18,deliberate manipulation,0.041208798219074805,0.0010753303896427907,0.040133467829432015
topic,social_media_mind_control,19,intent,0.04393097812391803,0.004398975262568295,0.03953200286134974
topic,social_media_mind_control,20,content,0.038539181899527285,0.00010438469043836927,0.03843479720908891
topic,social_media_mind_control,21,psychological,0.03291700587918038,6.387379109887043e-05,0.03285313208808151
topic,social_media_mind_control,22,profit control,0.031907543670314696,0.00012179637495970934,0.03178574729535499
topic,social_media_mind_control,23,profit,0.039957734064243036,0.008228073111853695,0.03172966095238934
topic,social_media_mind_control,24,users,0.031429820598905214,0.0,0.031429820598905214
topic,social_media_mind_control,25,manipulate,0.030979431924748797,0.000938709555552681,0.030040722369196117
topic,social_media_mind_control,26,deliberate,0.038298642396408,0.009122941036625393,0.029175701359782605
topic,social_media_mind_control,27,manipulate user,0.02815653167725506,0.0,0.02815653167725506
topic,social_media_mind_control,28,maximize,0.023893368247589326,3.0173547250164574e-05,0.023863194700339162
topic,social_media_mind_control,29,design,0.027265310847448158,0.004247880718185003,0.023017430129263154
topic,social_media_mind_control,30,beliefs profit,0.022768625225287248,0.0,0.022768625225287248
